-6.509408005594731944e-33,-6.509408005594731944e-33,-6.509408005594731944e-33,-3.675666112664111735e-34,-3.675666112664111735e-34,-3.675666112664111735e-34,-3.945517301508715163e-35,-3.945517301508715163e-35,-3.945517301508715163e-35,-1.512939865084597490e-30,-1.512939865084597490e-30,-1.512939865084597490e-30,-5.207359501423397410e-32,-5.207359501423397410e-32,-5.207359501423397410e-32,-5.589660860994343799e-33,-5.589660860994343799e-33,-5.589660860994343799e-33,-8.628932634426677879e-16,-8.628932634426677879e-16,-8.628932634426677879e-16,-5.259668980845186281e-16,-5.259668980845186281e-16,-5.259668980845186281e-16,-3.188018779326388714e-18,-3.188018779326388714e-18,-3.188018779326388714e-18,-3.662690583698652693e-05,-3.662690583698652693e-05,-3.662690583698652693e-05,-2.232551911768801834e-05,-2.232551911768801834e-05,-2.232551911768801834e-05,-1.260654640145329095e-06,-1.260654640145329095e-06,-1.260654640145329095e-06
-2.354920736132606884e-02,-2.354920736132606884e-02,-2.354920736132606884e-02,-2.320475794959099905e-02,-2.320475794959099905e-02,-2.320475794959099905e-02,-2.300206482146753897e-02,-2.300206482146753897e-02,-2.300206482146753897e-02,-3.406253006982700587e-02,-3.406253006982700587e-02,-3.406253006982700587e-02,-3.369511078189744990e-02,-3.369511078189744990e-02,-3.369511078189744990e-02,-3.340078461733732990e-02,-3.340078461733732990e-02,-3.340078461733732990e-02,-1.653804359846850597e-04,-1.653804359846850597e-04,-1.653804359846850597e-04,-1.660249542796081825e-04,-1.660249542796081825e-04,-1.660249542796081825e-04,-1.621675286868632033e-04,-1.621675286868632033e-04,-1.621675286868632033e-04,-3.621639497524287346e-06,-3.621639497524287346e-06,-3.621639497524287346e-06,-3.635753699726455114e-06,-3.635753699726455114e-06,-3.635753699726455114e-06,-3.582574278276328708e-06,-3.582574278276328708e-06,-3.582574278276328708e-06
-2.065681749846345889e-12,-2.065681749846345889e-12,-2.065681749846345889e-12,-1.630046078973768254e-12,-1.630046078973768254e-12,-1.630046078973768254e-12,-1.731053553994234054e-12,-1.731053553994234054e-12,-1.731053553994234054e-12,-6.859590358048781424e-04,-6.859590358048781424e-04,-6.859590358048781424e-04,-6.663225730072520068e-04,-6.663225730072520068e-04,-6.663225730072520068e-04,-7.076119337908274567e-04,-7.076119337908274567e-04,-7.076119337908274567e-04,-1.412514589226145880e-13,-1.412514589226145880e-13,-1.412514589226145880e-13,-1.738772721357914352e-13,-1.738772721357914352e-13,-1.738772721357914352e-13,-1.457101849846295846e-13,-1.457101849846295846e-13,-1.457101849846295846e-13,-5.415893575972567119e-11,-5.415893575972567119e-11,-5.415893575972567119e-11,-6.666839467362831392e-11,-6.666839467362831392e-11,-6.666839467362831392e-11,-5.260856631826611505e-11,-5.260856631826611505e-11,-5.260856631826611505e-11
-1.117804796479563318e-06,-1.117804796479563318e-06,-1.117804796479563318e-06,-1.078038215797641735e-06,-1.078038215797641735e-06,-1.078038215797641735e-06,-1.107918631944138863e-06,-1.107918631944138863e-06,-1.107918631944138863e-06,-6.455970203342710709e-07,-6.455970203342710709e-07,-6.455970203342710709e-07,-6.283768352323379871e-07,-6.283768352323379871e-07,-6.283768352323379871e-07,-6.457938071526410615e-07,-6.457938071526410615e-07,-6.457938071526410615e-07,-2.583027595157807410e-05,-2.583027595157807410e-05,-2.583027595157807410e-05,-2.606870799828277471e-05,-2.606870799828277471e-05,-2.606870799828277471e-05,-2.583814937363862669e-05,-2.583814937363862669e-05,-2.583814937363862669e-05,-2.752518260277625710e-06,-2.752518260277625710e-06,-2.752518260277625710e-06,-2.777925985832720461e-06,-2.777925985832720461e-06,-2.777925985832720461e-06,-2.679099591285179265e-06,-2.679099591285179265e-06,-2.679099591285179265e-06
-9.502172139021801943e-24,-9.502172139021801943e-24,-9.502172139021801943e-24,-1.319423100089613864e-23,-1.319423100089613864e-23,-1.319423100089613864e-23,-6.442856993521222255e-24,-6.442856993521222255e-24,-6.442856993521222255e-24,-2.191623376558367169e-39,-2.191623376558367169e-39,-2.191623376558367169e-39,-4.206789705040571547e-40,-4.206789705040571547e-40,-4.206789705040571547e-40,-2.054211758878017469e-40,-2.054211758878017469e-40,-2.054211758878017469e-40,-4.552174273752266095e-37,-4.552174273752266095e-37,-4.552174273752266095e-37,-6.292780290245547898e-38,-6.292780290245547898e-38,-6.292780290245547898e-38,-4.266759527035339277e-38,-4.266759527035339277e-38,-4.266759527035339277e-38,-3.962053330208878667e-43,-3.962053330208878667e-43,-3.962053330208878667e-43,-5.477015950158099642e-44,-5.477015950158099642e-44,-5.477015950158099642e-44,-7.605104662881631202e-44,-7.605104662881631202e-44,-7.605104662881631202e-44
-2.343780091860643219e-02,-2.343780091860643219e-02,-2.343780091860643219e-02,-2.364694223256045419e-02,-2.364694223256045419e-02,-2.364694223256045419e-02,-3.191256005632200909e-02,-3.191256005632200909e-02,-3.191256005632200909e-02,-3.742243879892846216e-03,-3.742243879892846216e-03,-3.742243879892846216e-03,-3.377404700037087409e-03,-3.377404700037087409e-03,-3.377404700037087409e-03,-4.557952113403854547e-03,-4.557952113403854547e-03,-4.557952113403854547e-03,-1.848375213803135630e-02,-1.848375213803135630e-02,-1.848375213803135630e-02,-1.653419378336377921e-02,-1.653419378336377921e-02,-1.653419378336377921e-02,-2.251271157762849140e-02,-2.251271157762849140e-02,-2.251271157762849140e-02,-3.981556696148002769e-03,-3.981556696148002769e-03,-3.981556696148002769e-03,-3.561605321362649405e-03,-3.561605321362649405e-03,-3.561605321362649405e-03,-3.593386409498103024e-03,-3.593386409498103024e-03,-3.593386409498103024e-03
-1.045423678935259456e-05,-1.045423678935259456e-05,-1.045423678935259456e-05,-7.965077762941398127e-06,-7.965077762941398127e-06,-7.965077762941398127e-06,-6.118984680977542619e-06,-6.118984680977542619e-06,-6.118984680977542619e-06,-7.728429605638605101e-08,-7.728429605638605101e-08,-7.728429605638605101e-08,-1.083592709321768557e-07,-1.083592709321768557e-07,-1.083592709321768557e-07,-8.324447527189370158e-08,-8.324447527189370158e-08,-8.324447527189370158e-08,-1.496326238133499544e-04,-1.496326238133499544e-04,-1.496326238133499544e-04,-2.753616293101375382e-04,-2.753616293101375382e-04,-2.753616293101375382e-04,-1.611723194555739539e-04,-1.611723194555739539e-04,-1.611723194555739539e-04,-1.963267650849111895e-02,-1.963267650849111895e-02,-1.963267650849111895e-02,-3.612905831177878196e-02,-3.612905831177878196e-02,-3.612905831177878196e-02,-2.752671139496766853e-02,-2.752671139496766853e-02,-2.752671139496766853e-02
-3.821813599138604956e-22,-3.821813599138604956e-22,-3.821813599138604956e-22,-1.074541333794242342e-19,-1.074541333794242342e-19,-1.074541333794242342e-19,-7.124554429724339458e-21,-7.124554429724339458e-21,-7.124554429724339458e-21,-2.516732503288615715e-06,-2.516732503288615715e-06,-2.516732503288615715e-06,-3.508580737088730242e-05,-3.508580737088730242e-05,-3.508580737088730242e-05,-2.326301803971147780e-06,-2.326301803971147780e-06,-2.326301803971147780e-06,-6.004535704384496432e-33,-6.004535704384496432e-33,-6.004535704384496432e-33,-2.977283727507913066e-34,-2.977283727507913066e-34,-2.977283727507913066e-34,-5.550197417828961678e-33,-5.550197417828961678e-33,-5.550197417828961678e-33,-3.239320084863407235e-20,-3.239320084863407235e-20,-3.239320084863407235e-20,-1.606181635294656723e-21,-1.606181635294656723e-21,-1.606181635294656723e-21,-4.515941219881416277e-19,-4.515941219881416277e-19,-4.515941219881416277e-19
-2.554383457598778445e-04,-2.554383457598778445e-04,-2.554383457598778445e-04,-1.228082695751006798e-04,-1.228082695751006798e-04,-1.228082695751006798e-04,-1.284842890271440947e-04,-1.284842890271440947e-04,-1.284842890271440947e-04,-5.242078856399226427e-08,-5.242078856399226427e-08,-5.242078856399226427e-08,-3.860569103309100885e-08,-3.860569103309100885e-08,-3.860569103309100885e-08,-4.038998987568161273e-08,-4.038998987568161273e-08,-4.038998987568161273e-08,-1.912100090832557359e-02,-1.912100090832557359e-02,-1.912100090832557359e-02,-2.928983222673204809e-02,-2.928983222673204809e-02,-2.928983222673204809e-02,-1.473264813934253847e-02,-1.473264813934253847e-02,-1.473264813934253847e-02,-1.909853821208372035e-02,-1.909853821208372035e-02,-1.909853821208372035e-02,-2.925542353612854349e-02,-2.925542353612854349e-02,-2.925542353612854349e-02,-1.406526467070061404e-02,-1.406526467070061404e-02,-1.406526467070061404e-02
-3.277581875929801245e-08,-3.277581875929801245e-08,-3.277581875929801245e-08,-3.238856192338322201e-08,-3.238856192338322201e-08,-3.238856192338322201e-08,-3.242332910495499310e-08,-3.242332910495499310e-08,-3.242332910495499310e-08,-2.418079474547199333e-08,-2.418079474547199333e-08,-2.418079474547199333e-08,-2.398069984576456320e-08,-2.398069984576456320e-08,-2.398069984576456320e-08,-2.400644169091743797e-08,-2.400644169091743797e-08,-2.400644169091743797e-08,-6.033979935230860854e-07,-6.033979935230860854e-07,-6.033979935230860854e-07,-6.055597880731144044e-07,-6.055597880731144044e-07,-6.055597880731144044e-07,-5.990472563206812801e-07,-5.990472563206812801e-07,-5.990472563206812801e-07,-2.753460306046394204e-07,-2.753460306046394204e-07,-2.753460306046394204e-07,-2.763325130834053198e-07,-2.763325130834053198e-07,-2.763325130834053198e-07,-2.730675556017038508e-07,-2.730675556017038508e-07,-2.730675556017038508e-07
-7.939960269585089308e-04,-7.939960269585089308e-04,-7.939960269585089308e-04,-1.053715919259242502e-03,-1.053715919259242502e-03,-1.053715919259242502e-03,-8.394013602014291581e-04,-8.394013602014291581e-04,-8.394013602014291581e-04,-8.718780863734017878e-04,-8.718780863734017878e-04,-8.718780863734017878e-04,-8.092342390630157326e-04,-8.092342390630157326e-04,-8.092342390630157326e-04,-6.446446414785008414e-04,-6.446446414785008414e-04,-6.446446414785008414e-04,-9.697027672465213279e-04,-9.697027672465213279e-04,-9.697027672465213279e-04,-6.781908253632685721e-04,-6.781908253632685721e-04,-6.781908253632685721e-04,-7.169737403683576395e-04,-7.169737403683576395e-04,-7.169737403683576395e-04,-4.710397956750763532e-02,-4.710397956750763532e-02,-4.710397956750763532e-02,-3.294358628210581480e-02,-3.294358628210581480e-02,-3.294358628210581480e-02,-4.371959068349255684e-02,-4.371959068349255684e-02,-4.371959068349255684e-02
-5.669964984165472635e-03,-5.669964984165472635e-03,-5.669964984165472635e-03,-4.740556374578912963e-03,-4.740556374578912963e-03,-4.740556374578912963e-03,-2.936467009761957632e-03,-2.936467009761957632e-03,-2.936467009761957632e-03,-2.056024978715849847e-07,-2.056024978715849847e-07,-2.056024978715849847e-07,-2.875235821773012476e-07,-2.875235821773012476e-07,-2.875235821773012476e-07,-1.781021987460748446e-07,-1.781021987460748446e-07,-1.781021987460748446e-07,-1.746590744923062606e-05,-1.746590744923062606e-05,-1.746590744923062606e-05,-2.921374941667677597e-05,-2.921374941667677597e-05,-2.921374941667677597e-05,-1.512976034827315216e-05,-1.512976034827315216e-05,-1.512976034827315216e-05,-1.449462353200806630e-01,-1.449462353200806630e-01,-1.449462353200806630e-01,-2.424393355936411143e-01,-2.424393355936411143e-01,-2.424393355936411143e-01,-2.026991949697674322e-01,-2.026991949697674322e-01,-2.026991949697674322e-01
-6.188961355774065358e-03,-6.188961355774065358e-03,-6.188961355774065358e-03,-6.570558465759762136e-03,-6.570558465759762136e-03,-6.570558465759762136e-03,-9.966364298251911141e-03,-9.966364298251911141e-03,-9.966364298251911141e-03,-1.251407359228070421e-03,-1.251407359228070421e-03,-1.251407359228070421e-03,-1.433793444322021063e-03,-1.433793444322021063e-03,-1.433793444322021063e-03,-2.174808712078979411e-03,-2.174808712078979411e-03,-2.174808712078979411e-03,-3.207966571340446988e-04,-3.207966571340446988e-04,-3.207966571340446988e-04,-3.462048970520723479e-04,-3.462048970520723479e-04,-3.462048970520723479e-04,-5.575093989948179569e-04,-5.575093989948179569e-04,-5.575093989948179569e-04,-4.681502283143571537e-09,-4.681502283143571537e-09,-4.681502283143571537e-09,-5.052293968598084617e-09,-5.052293968598084617e-09,-5.052293968598084617e-09,-5.363806784139660155e-09,-5.363806784139660155e-09,-5.363806784139660155e-09
-4.640591858125807372e-20,-4.640591858125807372e-20,-4.640591858125807372e-20,-2.626060640733611783e-20,-2.626060640733611783e-20,-2.626060640733611783e-20,-3.289860110294370816e-20,-3.289860110294370816e-20,-3.289860110294370816e-20,-5.666321803683684826e-19,-5.666321803683684826e-19,-5.666321803683684826e-19,-3.106519807940940225e-19,-3.106519807940940225e-19,-3.106519807940940225e-19,-3.891766792989663862e-19,-3.891766792989663862e-19,-3.891766792989663862e-19,-5.820488148800684195e-04,-5.820488148800684195e-04,-5.820488148800684195e-04,-5.638984802228731458e-04,-5.638984802228731458e-04,-5.638984802228731458e-04,-3.997651965648378711e-04,-3.997651965648378711e-04,-3.997651965648378711e-04,-1.155191884671360150e-09,-1.155191884671360150e-09,-1.155191884671360150e-09,-1.119168927895161138e-09,-1.119168927895161138e-09,-1.119168927895161138e-09,-6.333255674556350750e-10,-6.333255674556350750e-10,-6.333255674556350750e-10
-8.933571480851336925e-06,-8.933571480851336925e-06,-8.933571480851336925e-06,-2.809097424905552485e-05,-2.809097424905552485e-05,-2.809097424905552485e-05,-8.695590372353668898e-06,-8.695590372353668898e-06,-8.695590372353668898e-06,-1.044359253638258475e-04,-1.044359253638258475e-04,-1.044359253638258475e-04,-2.838986969820249222e-04,-2.838986969820249222e-04,-2.838986969820249222e-04,-8.788113770328386920e-05,-8.788113770328386920e-05,-8.788113770328386920e-05,-1.668766375293824302e-12,-1.668766375293824302e-12,-1.668766375293824302e-12,-1.442671111721109880e-12,-1.442671111721109880e-12,-1.442671111721109880e-12,-1.404239844774756411e-12,-1.404239844774756411e-12,-1.404239844774756411e-12,-1.539113237251128622e-04,-1.539113237251128622e-04,-1.539113237251128622e-04,-1.330584219530909834e-04,-1.330584219530909834e-04,-1.330584219530909834e-04,-4.183926565893499082e-04,-4.183926565893499082e-04,-4.183926565893499082e-04
-5.167451592700549202e-13,-5.167451592700549202e-13,-5.167451592700549202e-13,-4.432800606207682220e-13,-4.432800606207682220e-13,-4.432800606207682220e-13,-4.375370536027552041e-13,-4.375370536027552041e-13,-4.375370536027552041e-13,-5.684060649494300274e-08,-5.684060649494300274e-08,-5.684060649494300274e-08,-4.360918546839014804e-08,-4.360918546839014804e-08,-4.360918546839014804e-08,-4.304419759628945468e-08,-4.304419759628945468e-08,-4.304419759628945468e-08,-2.483072831035348579e-02,-2.483072831035348579e-02,-2.483072831035348579e-02,-2.220787223457396792e-02,-2.220787223457396792e-02,-2.220787223457396792e-02,-1.880378908247090988e-02,-1.880378908247090988e-02,-1.880378908247090988e-02,-1.412220278792042649e-01,-1.412220278792042649e-01,-1.412220278792042649e-01,-1.263048233080266147e-01,-1.263048233080266147e-01,-1.263048233080266147e-01,-1.083482036131036136e-01,-1.083482036131036136e-01,-1.083482036131036136e-01
-4.226454512982645397e-11,-4.226454512982645397e-11,-4.226454512982645397e-11,-1.326967742591814320e-11,-1.326967742591814320e-11,-1.326967742591814320e-11,-1.829109205382395352e-11,-1.829109205382395352e-11,-1.829109205382395352e-11,-3.538403139700337964e-04,-3.538403139700337964e-04,-3.538403139700337964e-04,-2.368686422586929480e-04,-2.368686422586929480e-04,-2.368686422586929480e-04,-3.265027476670754941e-04,-3.265027476670754941e-04,-3.265027476670754941e-04,-2.592504406834383048e-15,-2.592504406834383048e-15,-2.592504406834383048e-15,-5.527587115165268017e-15,-5.527587115165268017e-15,-5.527587115165268017e-15,-2.392208515398596176e-15,-2.392208515398596176e-15,-2.392208515398596176e-15,-8.834566415362210453e-12,-8.834566415362210453e-12,-8.834566415362210453e-12,-1.883654868894023110e-11,-1.883654868894023110e-11,-1.883654868894023110e-11,-5.914056904008718160e-12,-5.914056904008718160e-12,-5.914056904008718160e-12
-6.388338935380765034e-22,-6.388338935380765034e-22,-6.388338935380765034e-22,-6.301285994343980547e-22,-6.301285994343980547e-22,-6.301285994343980547e-22,-6.250617907018769785e-22,-6.250617907018769785e-22,-6.250617907018769785e-22,-7.915807489138556090e-10,-7.915807489138556090e-10,-7.915807489138556090e-10,-7.585338744567434048e-10,-7.585338744567434048e-10,-7.585338744567434048e-10,-7.524345701838374221e-10,-7.524345701838374221e-10,-7.524345701838374221e-10,-3.339751283567472958e-04,-3.339751283567472958e-04,-3.339751283567472958e-04,-3.244536322168536219e-04,-3.244536322168536219e-04,-3.244536322168536219e-04,-3.174589989738974276e-04,-3.174589989738974276e-04,-3.174589989738974276e-04,-4.423338656395696400e-02,-4.423338656395696400e-02,-4.423338656395696400e-02,-4.297231056259304821e-02,-4.297231056259304821e-02,-4.297231056259304821e-02,-4.238673330135845491e-02,-4.238673330135845491e-02,-4.238673330135845491e-02
-2.182449204253808679e-03,-2.182449204253808679e-03,-2.182449204253808679e-03,-2.313140776546691955e-03,-2.313140776546691955e-03,-2.313140776546691955e-03,-5.433876111204583546e-03,-5.433876111204583546e-03,-5.433876111204583546e-03,-1.605261466555780656e-02,-1.605261466555780656e-02,-1.605261466555780656e-02,-1.281990218534919193e-02,-1.281990218534919193e-02,-1.281990218534919193e-02,-3.011565959982214283e-02,-3.011565959982214283e-02,-3.011565959982214283e-02,-2.113819519781637291e-02,-2.113819519781637291e-02,-2.113819519781637291e-02,-1.592754771170629829e-02,-1.592754771170629829e-02,-1.592754771170629829e-02,-3.965651106656726405e-02,-3.965651106656726405e-02,-3.965651106656726405e-02,-2.246697719913980637e-06,-2.246697719913980637e-06,-2.246697719913980637e-06,-1.692877977179824005e-06,-1.692877977179824005e-06,-1.692877977179824005e-06,-1.794252563175410249e-06,-1.794252563175410249e-06,-1.794252563175410249e-06
-1.134823542606756483e-02,-1.134823542606756483e-02,-1.134823542606756483e-02,-1.264509966461379968e-02,-1.264509966461379968e-02,-1.264509966461379968e-02,-1.298674402209053051e-02,-1.298674402209053051e-02,-1.298674402209053051e-02,-4.373008053737245948e-08,-4.373008053737245948e-08,-4.373008053737245948e-08,-4.531440061342623649e-08,-4.531440061342623649e-08,-4.531440061342623649e-08,-4.653870170180282681e-08,-4.653870170180282681e-08,-4.653870170180282681e-08,-1.624653131346505408e-02,-1.624653131346505408e-02,-1.624653131346505408e-02,-1.510854682334163319e-02,-1.510854682334163319e-02,-1.510854682334163319e-02,-1.728998586774107768e-02,-1.728998586774107768e-02,-1.728998586774107768e-02,-5.197976767652031337e-03,-5.197976767652031337e-03,-5.197976767652031337e-03,-4.833885699381515813e-03,-4.833885699381515813e-03,-4.833885699381515813e-03,-5.386297000467842738e-03,-5.386297000467842738e-03,-5.386297000467842738e-03
-1.018592392991388558e-04,-1.018592392991388558e-04,-1.018592392991388558e-04,-9.546618351861420196e-05,-9.546618351861420196e-05,-9.546618351861420196e-05,-9.915165484363377241e-05,-9.915165484363377241e-05,-9.915165484363377241e-05,-6.031045680672955135e-03,-6.031045680672955135e-03,-6.031045680672955135e-03,-5.268244771123081240e-03,-5.268244771123081240e-03,-5.268244771123081240e-03,-5.471625322450689340e-03,-5.471625322450689340e-03,-5.471625322450689340e-03,-3.757071200802586294e-05,-3.757071200802586294e-05,-3.757071200802586294e-05,-3.501657134911983528e-05,-3.501657134911983528e-05,-3.501657134911983528e-05,-3.408577385914913452e-05,-3.408577385914913452e-05,-3.408577385914913452e-05,-2.262683783948231560e-03,-2.262683783948231560e-03,-2.262683783948231560e-03,-2.108861502124161329e-03,-2.108861502124161329e-03,-2.108861502124161329e-03,-1.976501695500366366e-03,-1.976501695500366366e-03,-1.976501695500366366e-03
-2.637916165696050871e-04,-2.637916165696050871e-04,-2.637916165696050871e-04,-1.410277693738371039e-04,-1.410277693738371039e-04,-1.410277693738371039e-04,-2.056052504512106949e-04,-2.056052504512106949e-04,-2.056052504512106949e-04,-3.739923146082490320e-03,-3.739923146082490320e-03,-3.739923146082490320e-03,-2.363356047528908811e-03,-2.363356047528908811e-03,-2.363356047528908811e-03,-3.445551285502430547e-03,-3.445551285502430547e-03,-3.445551285502430547e-03,-1.177249427169566602e-08,-1.177249427169566602e-08,-1.177249427169566602e-08,-1.391525973748463667e-08,-1.391525973748463667e-08,-1.391525973748463667e-08,-1.084587334739747817e-08,-1.084587334739747817e-08,-1.084587334739747817e-08,-2.826633184337581020e-05,-2.826633184337581020e-05,-2.826633184337581020e-05,-3.341121603874460836e-05,-3.341121603874460836e-05,-3.341121603874460836e-05,-1.786224039750036074e-05,-1.786224039750036074e-05,-1.786224039750036074e-05
-1.100436306776744836e-81,-1.100436306776744836e-81,-1.100436306776744836e-81,-1.873197732573134119e-65,-1.873197732573134119e-65,-1.873197732573134119e-65,-1.261794361384540218e-68,-1.261794361384540218e-68,-1.261794361384540218e-68,-8.465616873561273373e-17,-8.465616873561273373e-17,-8.465616873561273373e-17,-1.675038726178895192e-05,-1.675038726178895192e-05,-1.675038726178895192e-05,-1.128313569379533917e-08,-1.128313569379533917e-08,-1.128313569379533917e-08,-2.448714883489908055e-215,-2.448714883489908055e-215,-2.448714883489908055e-215,-2.846333278969624178e-220,-2.846333278969624178e-220,-2.846333278969624178e-220,-3.263693918410198042e-207,-3.263693918410198042e-207,-3.263693918410198042e-207,-2.862178008822334515e-176,-2.862178008822334515e-176,-2.862178008822334515e-176,-3.326933883472514467e-181,-3.326933883472514467e-181,-3.326933883472514467e-181,-5.663212826188553627e-165,-5.663212826188553627e-165,-5.663212826188553627e-165
-2.156687324116897831e-03,-2.156687324116897831e-03,-2.156687324116897831e-03,-2.167586132489021915e-03,-2.167586132489021915e-03,-2.167586132489021915e-03,-2.161568983768854570e-03,-2.161568983768854570e-03,-2.161568983768854570e-03,-1.084064401801076169e-03,-1.084064401801076169e-03,-1.084064401801076169e-03,-1.089515602217809142e-03,-1.089515602217809142e-03,-1.089515602217809142e-03,-1.086491142283680040e-03,-1.086491142283680040e-03,-1.086491142283680040e-03,-3.722109543053648412e-03,-3.722109543053648412e-03,-3.722109543053648412e-03,-3.722016917579095037e-03,-3.722016917579095037e-03,-3.722016917579095037e-03,-3.730441699237180882e-03,-3.730441699237180882e-03,-3.730441699237180882e-03,-7.347795204430893068e-03,-7.347795204430893068e-03,-7.347795204430893068e-03,-7.347612353010251132e-03,-7.347612353010251132e-03,-7.347612353010251132e-03,-7.384743474491154737e-03,-7.384743474491154737e-03,-7.384743474491154737e-03
-3.106290844604541607e-02,-3.106290844604541607e-02,-3.106290844604541607e-02,-3.205164266304806608e-02,-3.205164266304806608e-02,-3.205164266304806608e-02,-3.389051534751794797e-02,-3.389051534751794797e-02,-3.389051534751794797e-02,-1.911068770605624592e-03,-1.911068770605624592e-03,-1.911068770605624592e-03,-1.494397765705918549e-03,-1.494397765705918549e-03,-1.494397765705918549e-03,-1.580134626683017728e-03,-1.580134626683017728e-03,-1.580134626683017728e-03,-1.056819567221564280e-03,-1.056819567221564280e-03,-1.056819567221564280e-03,-8.009078753304341202e-04,-8.009078753304341202e-04,-8.009078753304341202e-04,-8.738132389624846509e-04,-8.738132389624846509e-04,-8.738132389624846509e-04,-7.121945164992058395e-03,-7.121945164992058395e-03,-7.121945164992058395e-03,-5.397347046960750648e-03,-5.397347046960750648e-03,-5.397347046960750648e-03,-5.569144923377812410e-03,-5.569144923377812410e-03,-5.569144923377812410e-03
-2.287287410518881929e-221,-2.287287410518881929e-221,-2.287287410518881929e-221,-4.459939959895458571e-220,-4.459939959895458571e-220,-4.459939959895458571e-220,-4.161316416702340736e-216,-4.161316416702340736e-216,-4.161316416702340736e-216,-1.288074019129302796e-37,-1.288074019129302796e-37,-1.288074019129302796e-37,-5.777720904520997850e-38,-5.777720904520997850e-38,-5.777720904520997850e-38,-5.390862896654500282e-34,-5.390862896654500282e-34,-5.390862896654500282e-34,-1.373962335538845563e-180,-1.373962335538845563e-180,-1.373962335538845563e-180,-3.160692847564768758e-182,-3.160692847564768758e-182,-3.160692847564768758e-182,-5.750323712812812722e-177,-5.750323712812812722e-177,-5.750323712812812722e-177,-0.000000000000000000e+00,-0.000000000000000000e+00,-0.000000000000000000e+00,-0.000000000000000000e+00,-0.000000000000000000e+00,-0.000000000000000000e+00,-0.000000000000000000e+00,-0.000000000000000000e+00,-0.000000000000000000e+00
-2.957461637614075892e-02,-2.957461637614075892e-02,-2.957461637614075892e-02,-2.448124560565486524e-02,-2.448124560565486524e-02,-2.448124560565486524e-02,-3.475340136453793777e-02,-3.475340136453793777e-02,-3.475340136453793777e-02,-2.033807979469595597e-03,-2.033807979469595597e-03,-2.033807979469595597e-03,-1.809157618211104527e-03,-1.809157618211104527e-03,-1.809157618211104527e-03,-2.568267229951681774e-03,-2.568267229951681774e-03,-2.568267229951681774e-03,-7.435700972219844163e-02,-7.435700972219844163e-02,-7.435700972219844163e-02,-7.990500511004447470e-02,-7.990500511004447470e-02,-7.990500511004447470e-02,-9.389710007752267995e-02,-9.389710007752267995e-02,-9.389710007752267995e-02,-6.109101367287811195e-05,-6.109101367287811195e-05,-6.109101367287811195e-05,-6.564919404299030187e-05,-6.564919404299030187e-05,-6.564919404299030187e-05,-5.434302250075247984e-05,-5.434302250075247984e-05,-5.434302250075247984e-05
-7.800995725609030131e-03,-7.800995725609030131e-03,-7.800995725609030131e-03,-8.275627409054610306e-03,-8.275627409054610306e-03,-8.275627409054610306e-03,-7.396400268331556650e-03,-7.396400268331556650e-03,-7.396400268331556650e-03,-1.615860292182010396e-02,-1.615860292182010396e-02,-1.615860292182010396e-02,-1.746868431364804325e-02,-1.746868431364804325e-02,-1.746868431364804325e-02,-1.561275960823202240e-02,-1.561275960823202240e-02,-1.561275960823202240e-02,-5.467607693562831495e-02,-5.467607693562831495e-02,-5.467607693562831495e-02,-5.571893980277651398e-02,-5.571893980277651398e-02,-5.571893980277651398e-02,-5.282909974626753824e-02,-5.282909974626753824e-02,-5.282909974626753824e-02,-3.276320605178776550e-03,-3.276320605178776550e-03,-3.276320605178776550e-03,-3.338811429164486189e-03,-3.338811429164486189e-03,-3.338811429164486189e-03,-3.541952892776552026e-03,-3.541952892776552026e-03,-3.541952892776552026e-03
-1.061123850552893455e-08,-1.061123850552893455e-08,-1.061123850552893455e-08,-8.567459545345519178e-09,-8.567459545345519178e-09,-8.567459545345519178e-09,-9.010715151418573171e-09,-9.010715151418573171e-09,-9.010715151418573171e-09,-3.766969404260891996e-02,-3.766969404260891996e-02,-3.766969404260891996e-02,-3.997697218325469565e-02,-3.997697218325469565e-02,-3.997697218325469565e-02,-4.204526523328503546e-02,-4.204526523328503546e-02,-4.204526523328503546e-02,-7.863108536778052955e-08,-7.863108536778052955e-08,-7.863108536778052955e-08,-1.033537144148623331e-07,-1.033537144148623331e-07,-1.033537144148623331e-07,-8.776457903082131892e-08,-8.776457903082131892e-08,-8.776457903082131892e-08,-3.265327355592236243e-06,-3.265327355592236243e-06,-3.265327355592236243e-06,-4.291988459810872590e-06,-4.291988459810872590e-06,-4.291988459810872590e-06,-3.465329469256571522e-06,-3.465329469256571522e-06,-3.465329469256571522e-06
-1.976661912925391695e-04,-1.976661912925391695e-04,-1.976661912925391695e-04,-2.747162040910049370e-04,-2.747162040910049370e-04,-2.747162040910049370e-04,-1.704940095936212374e-04,-1.704940095936212374e-04,-1.704940095936212374e-04,-1.831115099031448840e-02,-1.831115099031448840e-02,-1.831115099031448840e-02,-1.932282512146289363e-02,-1.932282512146289363e-02,-1.932282512146289363e-02,-1.199210633582874740e-02,-1.199210633582874740e-02,-1.199210633582874740e-02,-2.292866256739558282e-04,-2.292866256739558282e-04,-2.292866256739558282e-04,-1.740932047057932523e-04,-1.740932047057932523e-04,-1.740932047057932523e-04,-1.501614834545259524e-04,-1.501614834545259524e-04,-1.501614834545259524e-04,-7.670094229333117297e-02,-7.670094229333117297e-02,-7.670094229333117297e-02,-5.823764385973474039e-02,-5.823764385973474039e-02,-5.823764385973474039e-02,-8.093859830927002674e-02,-8.093859830927002674e-02,-8.093859830927002674e-02
-3.377504153770055391e-18,-3.377504153770055391e-18,-3.377504153770055391e-18,-1.110133274191653518e-19,-1.110133274191653518e-19,-1.110133274191653518e-19,-3.107882873447665990e-20,-3.107882873447665990e-20,-3.107882873447665990e-20,-7.402679517002584738e-27,-7.402679517002584738e-27,-7.402679517002584738e-27,-1.297628409025977354e-27,-1.297628409025977354e-27,-1.297628409025977354e-27,-3.632786443093985143e-28,-3.632786443093985143e-28,-3.632786443093985143e-28,-2.726260230476442636e-10,-2.726260230476442636e-10,-2.726260230476442636e-10,-1.453950017896623648e-09,-1.453950017896623648e-09,-1.453950017896623648e-09,-1.337883287108895021e-11,-1.337883287108895021e-11,-1.337883287108895021e-11,-1.048190723343025158e-04,-1.048190723343025158e-04,-1.048190723343025158e-04,-5.590137375467375738e-04,-5.590137375467375738e-04,-5.590137375467375738e-04,-1.837391525005719210e-05,-1.837391525005719210e-05,-1.837391525005719210e-05
-1.406704592494665250e-02,-1.406704592494665250e-02,-1.406704592494665250e-02,-1.285455148686566636e-02,-1.285455148686566636e-02,-1.285455148686566636e-02,-1.406817844999688934e-02,-1.406817844999688934e-02,-1.406817844999688934e-02,-5.706355220497899214e-03,-5.706355220497899214e-03,-5.706355220497899214e-03,-5.760103786753931893e-03,-5.760103786753931893e-03,-5.760103786753931893e-03,-6.303928071341503327e-03,-6.303928071341503327e-03,-6.303928071341503327e-03,-1.271591226863750396e-02,-1.271591226863750396e-02,-1.271591226863750396e-02,-1.404639916390505380e-02,-1.404639916390505380e-02,-1.404639916390505380e-02,-1.404753002670337293e-02,-1.404753002670337293e-02,-1.404753002670337293e-02,-2.248532934043465450e-02,-2.248532934043465450e-02,-2.248532934043465450e-02,-2.483800647371507339e-02,-2.483800647371507339e-02,-2.483800647371507339e-02,-2.269712025900590124e-02,-2.269712025900590124e-02,-2.269712025900590124e-02
-0.000000000000000000e+00,-0.000000000000000000e+00,-0.000000000000000000e+00,-0.000000000000000000e+00,-0.000000000000000000e+00,-0.000000000000000000e+00,-0.000000000000000000e+00,-0.000000000000000000e+00,-0.000000000000000000e+00,-5.366021366666401009e-70,-5.366021366666401009e-70,-5.366021366666401009e-70,-9.601654444871793070e-65,-9.601654444871793070e-65,-9.601654444871793070e-65,-2.856138807045923013e-65,-2.856138807045923013e-65,-2.856138807045923013e-65,-7.592246898151736572e-56,-7.592246898151736572e-56,-7.592246898151736572e-56,-2.348158995289778932e-49,-2.348158995289778932e-49,-2.348158995289778932e-49,-4.041078019776232105e-51,-4.041078019776232105e-51,-4.041078019776232105e-51,-3.858579254688230516e-51,-3.858579254688230516e-51,-3.858579254688230516e-51,-1.193396066734922373e-44,-1.193396066734922373e-44,-1.193396066734922373e-44,-6.904322983470360223e-46,-6.904322983470360223e-46,-6.904322983470360223e-46
-2.037512494195749865e-03,-2.037512494195749865e-03,-2.037512494195749865e-03,-2.084041086901325564e-03,-2.084041086901325564e-03,-2.084041086901325564e-03,-1.459836212275338963e-03,-1.459836212275338963e-03,-1.459836212275338963e-03,-8.820810251860665435e-06,-8.820810251860665435e-06,-8.820810251860665435e-06,-7.531134262927123904e-06,-7.531134262927123904e-06,-7.531134262927123904e-06,-5.275434628246899268e-06,-5.275434628246899268e-06,-5.275434628246899268e-06,-7.378540109289952374e-06,-7.378540109289952374e-06,-7.378540109289952374e-06,-6.159087250298884205e-06,-6.159087250298884205e-06,-6.159087250298884205e-06,-4.412860597499647615e-06,-4.412860597499647615e-06,-4.412860597499647615e-06,-2.004673107446776618e-11,-2.004673107446776618e-11,-2.004673107446776618e-11,-1.673360365900434341e-11,-1.673360365900434341e-11,-1.673360365900434341e-11,-1.711573188220015213e-11,-1.711573188220015213e-11,-1.711573188220015213e-11
-4.456161618241605954e-04,-4.456161618241605954e-04,-4.456161618241605954e-04,-7.624325432800157631e-04,-7.624325432800157631e-04,-7.624325432800157631e-04,-5.631138874370487197e-04,-5.631138874370487197e-04,-5.631138874370487197e-04,-1.314172066393408844e-04,-1.314172066393408844e-04,-1.314172066393408844e-04,-1.926933138972907757e-04,-1.926933138972907757e-04,-1.926933138972907757e-04,-1.423185330009967475e-04,-1.423185330009967475e-04,-1.423185330009967475e-04,-4.676690601574835099e-02,-4.676690601574835099e-02,-4.676690601574835099e-02,-4.007860173145399302e-02,-4.007860173145399302e-02,-4.007860173145399302e-02,-5.064631662292783804e-02,-5.064631662292783804e-02,-5.064631662292783804e-02,-1.143466527580710122e-03,-1.143466527580710122e-03,-1.143466527580710122e-03,-9.799352460204140310e-04,-9.799352460204140310e-04,-9.799352460204140310e-04,-1.676632460579134676e-03,-1.676632460579134676e-03,-1.676632460579134676e-03
-2.117361847213612702e-02,-2.117361847213612702e-02,-2.117361847213612702e-02,-1.301199995194947910e-02,-1.301199995194947910e-02,-1.301199995194947910e-02,-1.563470549830287340e-02,-1.563470549830287340e-02,-1.563470549830287340e-02,-6.762215579760318118e-02,-6.762215579760318118e-02,-6.762215579760318118e-02,-4.433868814843970607e-02,-4.433868814843970607e-02,-4.433868814843970607e-02,-5.327561742559697167e-02,-5.327561742559697167e-02,-5.327561742559697167e-02,-6.385906932414568709e-06,-6.385906932414568709e-06,-6.385906932414568709e-06,-6.813455795243705691e-06,-6.813455795243705691e-06,-6.813455795243705691e-06,-5.031089746163410297e-06,-5.031089746163410297e-06,-5.031089746163410297e-06,-7.334037550169790433e-04,-7.334037550169790433e-04,-7.334037550169790433e-04,-7.825065597980012267e-04,-7.825065597980012267e-04,-7.825065597980012267e-04,-4.808802676732336118e-04,-4.808802676732336118e-04,-4.808802676732336118e-04
-2.693605178678195461e-02,-2.693605178678195461e-02,-2.693605178678195461e-02,-2.861042497779551011e-02,-2.861042497779551011e-02,-2.861042497779551011e-02,-2.843719242363464822e-02,-2.843719242363464822e-02,-2.843719242363464822e-02,-5.384933965824757751e-02,-5.384933965824757751e-02,-5.384933965824757751e-02,-5.551480522008930135e-02,-5.551480522008930135e-02,-5.551480522008930135e-02,-5.517866999981620169e-02,-5.517866999981620169e-02,-5.517866999981620169e-02,-6.097113191959533697e-03,-6.097113191959533697e-03,-6.097113191959533697e-03,-5.917827825830514719e-03,-5.917827825830514719e-03,-5.917827825830514719e-03,-6.247627155798061473e-03,-6.247627155798061473e-03,-6.247627155798061473e-03,-2.414862315067557372e-02,-2.414862315067557372e-02,-2.414862315067557372e-02,-2.343853386632539781e-02,-2.343853386632539781e-02,-2.343853386632539781e-02,-2.489549768021651066e-02,-2.489549768021651066e-02,-2.489549768021651066e-02
-3.452449868933511691e-05,-3.452449868933511691e-05,-3.452449868933511691e-05,-3.085516427743033139e-05,-3.085516427743033139e-05,-3.085516427743033139e-05,-3.932897619951852608e-05,-3.932897619951852608e-05,-3.932897619951852608e-05,-1.369012166515884613e-10,-1.369012166515884613e-10,-1.369012166515884613e-10,-1.304717586003907558e-10,-1.304717586003907558e-10,-1.304717586003907558e-10,-1.663034635812164404e-10,-1.663034635812164404e-10,-1.663034635812164404e-10,-3.365519548790074644e-02,-3.365519548790074644e-02,-3.365519548790074644e-02,-3.588895757732177283e-02,-3.588895757732177283e-02,-3.588895757732177283e-02,-4.088331509416048143e-02,-4.088331509416048143e-02,-4.088331509416048143e-02,-4.345012916882636371e-21,-4.345012916882636371e-21,-4.345012916882636371e-21,-4.633400043775604320e-21,-4.633400043775604320e-21,-4.633400043775604320e-21,-4.140952799929038072e-21,-4.140952799929038072e-21,-4.140952799929038072e-21
-6.217470666040401346e-15,-6.217470666040401346e-15,-6.217470666040401346e-15,-4.543926685754862682e-14,-4.543926685754862682e-14,-4.543926685754862682e-14,-5.138945030915942209e-13,-5.138945030915942209e-13,-5.138945030915942209e-13,-6.319215304475477960e-34,-6.319215304475477960e-34,-6.319215304475477960e-34,-1.563060813973510231e-34,-1.563060813973510231e-34,-1.563060813973510231e-34,-1.767740581768254621e-33,-1.767740581768254621e-33,-1.767740581768254621e-33,-6.842634086154071818e-22,-6.842634086154071818e-22,-6.842634086154071818e-22,-2.315892885719003330e-23,-2.315892885719003330e-23,-2.315892885719003330e-23,-1.914162024471376969e-21,-1.914162024471376969e-21,-1.914162024471376969e-21,-6.722556367359354022e-08,-6.722556367359354022e-08,-6.722556367359354022e-08,-2.275252522492113240e-09,-2.275252522492113240e-09,-2.275252522492113240e-09,-1.662827411515095585e-08,-1.662827411515095585e-08,-1.662827411515095585e-08
-1.562548933507864474e-02,-1.562548933507864474e-02,-1.562548933507864474e-02,-3.289915439747131271e-02,-3.289915439747131271e-02,-3.289915439747131271e-02,-3.616009437931790721e-02,-3.616009437931790721e-02,-3.616009437931790721e-02,-1.118088799483049191e-06,-1.118088799483049191e-06,-1.118088799483049191e-06,-9.364939207692032412e-07,-9.364939207692032412e-07,-9.364939207692032412e-07,-1.029318509270702359e-06,-1.029318509270702359e-06,-1.029318509270702359e-06,-1.839620061237966231e-02,-1.839620061237966231e-02,-1.839620061237966231e-02,-7.318223922206551144e-03,-7.318223922206551144e-03,-7.318223922206551144e-03,-1.693564035283628283e-02,-1.693564035283628283e-02,-1.693564035283628283e-02,-1.621747751187891662e-01,-1.621747751187891662e-01,-1.621747751187891662e-01,-6.451502371930627200e-02,-6.451502371930627200e-02,-6.451502371930627200e-02,-1.358350884751538257e-01,-1.358350884751538257e-01,-1.358350884751538257e-01
-1.322454177960520269e-02,-1.322454177960520269e-02,-1.322454177960520269e-02,-1.213157469823841414e-02,-1.213157469823841414e-02,-1.213157469823841414e-02,-1.428235106797276673e-02,-1.428235106797276673e-02,-1.428235106797276673e-02,-8.641654415483080578e-15,-8.641654415483080578e-15,-8.641654415483080578e-15,-1.233095184695378067e-14,-1.233095184695378067e-14,-1.233095184695378067e-14,-1.451707528998967744e-14,-1.451707528998967744e-14,-1.451707528998967744e-14,-1.285396160619118476e-12,-1.285396160619118476e-12,-1.285396160619118476e-12,-1.999402182644239165e-12,-1.999402182644239165e-12,-1.999402182644239165e-12,-2.159331066021143942e-12,-2.159331066021143942e-12,-2.159331066021143942e-12,-5.139134967441821377e-17,-5.139134967441821377e-17,-5.139134967441821377e-17,-7.993798321178642556e-17,-7.993798321178642556e-17,-7.993798321178642556e-17,-7.333135852433760123e-17,-7.333135852433760123e-17,-7.333135852433760123e-17
-9.454987703772126510e-06,-9.454987703772126510e-06,-9.454987703772126510e-06,-1.055621621546638724e-05,-1.055621621546638724e-05,-1.055621621546638724e-05,-9.947748360466630182e-06,-9.947748360466630182e-06,-9.947748360466630182e-06,-6.728754337493515650e-05,-6.728754337493515650e-05,-6.728754337493515650e-05,-6.544041189312974863e-05,-6.544041189312974863e-05,-6.544041189312974863e-05,-6.166837973291556933e-05,-6.166837973291556933e-05,-6.166837973291556933e-05,-4.079972388195687860e-02,-4.079972388195687860e-02,-4.079972388195687860e-02,-3.554031451294184518e-02,-3.554031451294184518e-02,-3.554031451294184518e-02,-3.739255052500345400e-02,-3.739255052500345400e-02,-3.739255052500345400e-02,-5.002921503302024640e-03,-5.002921503302024640e-03,-5.002921503302024640e-03,-4.358005074381045459e-03,-4.358005074381045459e-03,-4.358005074381045459e-03,-4.865584734172885735e-03,-4.865584734172885735e-03,-4.865584734172885735e-03
-1.033895499882569209e-46,-1.033895499882569209e-46,-1.033895499882569209e-46,-2.492379932600859523e-44,-2.492379932600859523e-44,-2.492379932600859523e-44,-2.334934957073593904e-44,-2.334934957073593904e-44,-2.334934957073593904e-44,-1.164807814005873715e-89,-1.164807814005873715e-89,-1.164807814005873715e-89,-1.179068891281307375e-88,-1.179068891281307375e-88,-1.179068891281307375e-88,-1.104586477783832626e-88,-1.104586477783832626e-88,-1.104586477783832626e-88,-8.784667408142081024e-13,-8.784667408142081024e-13,-8.784667408142081024e-13,-3.688693991623973655e-14,-3.688693991623973655e-14,-3.688693991623973655e-14,-8.330494279130176234e-12,-8.330494279130176234e-12,-8.330494279130176234e-12,-1.781111852841688954e-13,-1.781111852841688954e-13,-1.781111852841688954e-13,-7.478913298297455225e-15,-7.478913298297455225e-15,-7.478913298297455225e-15,-1.802918517824635017e-12,-1.802918517824635017e-12,-1.802918517824635017e-12
-5.195318371737881781e-03,-5.195318371737881781e-03,-5.195318371737881781e-03,-5.329405895511259497e-03,-5.329405895511259497e-03,-5.329405895511259497e-03,-5.673737304342518079e-03,-5.673737304342518079e-03,-5.673737304342518079e-03,-8.367283713530121588e-04,-8.367283713530121588e-04,-8.367283713530121588e-04,-7.859094251461887616e-04,-7.859094251461887616e-04,-7.859094251461887616e-04,-8.366868110087063775e-04,-8.366868110087063775e-04,-8.366868110087063775e-04,-2.636234478236977943e-02,-2.636234478236977943e-02,-2.636234478236977943e-02,-2.413822917319670067e-02,-2.413822917319670067e-02,-2.413822917319670067e-02,-2.636103536325196117e-02,-2.636103536325196117e-02,-2.636103536325196117e-02,-1.775680190996030416e-02,-1.775680190996030416e-02,-1.775680190996030416e-02,-1.625871133330763010e-02,-1.625871133330763010e-02,-1.625871133330763010e-02,-1.667833727082261921e-02,-1.667833727082261921e-02,-1.667833727082261921e-02
-1.196648509713354253e-05,-1.196648509713354253e-05,-1.196648509713354253e-05,-1.597182489949471629e-05,-1.597182489949471629e-05,-1.597182489949471629e-05,-1.079621456832190596e-05,-1.079621456832190596e-05,-1.079621456832190596e-05,-4.692334064241228050e-03,-4.692334064241228050e-03,-4.692334064241228050e-03,-1.031937802647057978e-02,-1.031937802647057978e-02,-1.031937802647057978e-02,-6.975422037648758462e-03,-6.975422037648758462e-03,-6.975422037648758462e-03,-5.599776794531932320e-03,-5.599776794531932320e-03,-5.599776794531932320e-03,-9.226720798587528458e-03,-9.226720798587528458e-03,-9.226720798587528458e-03,-8.324387378162613135e-03,-8.324387378162613135e-03,-8.324387378162613135e-03,-1.732963927550512217e-03,-1.732963927550512217e-03,-1.732963927550512217e-03,-2.855394938088556302e-03,-2.855394938088556302e-03,-2.855394938088556302e-03,-3.811133143932003871e-03,-3.811133143932003871e-03,-3.811133143932003871e-03
-3.023439849183908248e-03,-3.023439849183908248e-03,-3.023439849183908248e-03,-3.240402632862902140e-03,-3.240402632862902140e-03,-3.240402632862902140e-03,-3.007070274305889777e-03,-3.007070274305889777e-03,-3.007070274305889777e-03,-2.251526118244649710e-02,-2.251526118244649710e-02,-2.251526118244649710e-02,-2.311340559487420551e-02,-2.311340559487420551e-02,-2.311340559487420551e-02,-2.144907370381780518e-02,-2.144907370381780518e-02,-2.144907370381780518e-02,-2.170025536692564753e-08,-2.170025536692564753e-08,-2.170025536692564753e-08,-2.078519734146233774e-08,-2.078519734146233774e-08,-2.078519734146233774e-08,-2.067266166646707958e-08,-2.067266166646707958e-08,-2.067266166646707958e-08,-4.330045872865787016e-02,-4.330045872865787016e-02,-4.330045872865787016e-02,-4.147456167832679064e-02,-4.147456167832679064e-02,-4.147456167832679064e-02,-4.445078637683526346e-02,-4.445078637683526346e-02,-4.445078637683526346e-02
-4.303455955085046800e-09,-4.303455955085046800e-09,-4.303455955085046800e-09,-9.587017332173956531e-09,-9.587017332173956531e-09,-9.587017332173956531e-09,-4.074320304074876139e-08,-4.074320304074876139e-08,-4.074320304074876139e-08,-5.381320371179818419e-04,-5.381320371179818419e-04,-5.381320371179818419e-04,-1.314667963003770959e-03,-1.314667963003770959e-03,-1.314667963003770959e-03,-5.587116606962894486e-03,-5.587116606962894486e-03,-5.587116606962894486e-03,-1.057045777057315053e-05,-1.057045777057315053e-05,-1.057045777057315053e-05,-1.159190670465165008e-05,-1.159190670465165008e-05,-1.159190670465165008e-05,-1.097470064586046656e-04,-1.097470064586046656e-04,-1.097470064586046656e-04,-3.197774209952492198e-14,-3.197774209952492198e-14,-3.197774209952492198e-14,-3.506782876282235060e-14,-3.506782876282235060e-14,-3.506782876282235060e-14,-7.812230115975305022e-14,-7.812230115975305022e-14,-7.812230115975305022e-14
-8.147694305739622316e-06,-8.147694305739622316e-06,-8.147694305739622316e-06,-7.139896642905105868e-06,-7.139896642905105868e-06,-7.139896642905105868e-06,-5.417704229941138111e-06,-5.417704229941138111e-06,-5.417704229941138111e-06,-6.801430695343078925e-03,-6.801430695343078925e-03,-6.801430695343078925e-03,-6.234776837939893721e-03,-6.234776837939893721e-03,-6.234776837939893721e-03,-4.730905577073210924e-03,-4.730905577073210924e-03,-4.730905577073210924e-03,-2.147105690663106622e-10,-2.147105690663106622e-10,-2.147105690663106622e-10,-2.246036763354455531e-10,-2.246036763354455531e-10,-2.246036763354455531e-10,-1.493473173736620159e-10,-1.493473173736620159e-10,-1.493473173736620159e-10,-5.671727311537625276e-25,-5.671727311537625276e-25,-5.671727311537625276e-25,-5.933060542306526407e-25,-5.933060542306526407e-25,-5.933060542306526407e-25,-5.199193472234925854e-25,-5.199193472234925854e-25,-5.199193472234925854e-25
-3.446356468926864753e-25,-3.446356468926864753e-25,-3.446356468926864753e-25,-2.878738492220887386e-28,-2.878738492220887386e-28,-2.878738492220887386e-28,-1.095609511706115689e-28,-1.095609511706115689e-28,-1.095609511706115689e-28,-2.092977829317645807e-48,-2.092977829317645807e-48,-2.092977829317645807e-48,-6.928654916091421482e-50,-6.928654916091421482e-50,-6.928654916091421482e-50,-2.636953738560264320e-50,-2.636953738560264320e-50,-2.636953738560264320e-50,-1.893238623781541808e-09,-1.893238623781541808e-09,-1.893238623781541808e-09,-7.503219315101429317e-08,-7.503219315101429317e-08,-7.503219315101429317e-08,-2.385301266471119341e-11,-2.385301266471119341e-11,-2.385301266471119341e-11,-1.653417275258541996e-03,-1.653417275258541996e-03,-1.653417275258541996e-03,-6.552767453509222850e-02,-6.552767453509222850e-02,-6.552767453509222850e-02,-5.473520823823275225e-05,-5.473520823823275225e-05,-5.473520823823275225e-05
-1.012141583795638997e-02,-1.012141583795638997e-02,-1.012141583795638997e-02,-1.145570782718346309e-02,-1.145570782718346309e-02,-1.145570782718346309e-02,-1.216089359201022804e-02,-1.216089359201022804e-02,-1.216089359201022804e-02,-2.566737197756691481e-04,-2.566737197756691481e-04,-2.566737197756691481e-04,-2.382705032903456046e-04,-2.382705032903456046e-04,-2.382705032903456046e-04,-2.529378612252042779e-04,-2.529378612252042779e-04,-2.529378612252042779e-04,-2.298047707149760560e-02,-2.298047707149760560e-02,-2.298047707149760560e-02,-1.884808612278121229e-02,-1.884808612278121229e-02,-1.884808612278121229e-02,-2.264599868455424714e-02,-2.264599868455424714e-02,-2.264599868455424714e-02,-1.479952227281084234e-02,-1.479952227281084234e-02,-1.479952227281084234e-02,-1.213824541179463375e-02,-1.213824541179463375e-02,-1.213824541179463375e-02,-1.373841320210448386e-02,-1.373841320210448386e-02,-1.373841320210448386e-02
-7.519972193838066893e-03,-7.519972193838066893e-03,-7.519972193838066893e-03,-8.818016928250505676e-03,-8.818016928250505676e-03,-8.818016928250505676e-03,-8.577025816833320007e-03,-8.577025816833320007e-03,-8.577025816833320007e-03,-2.647216696521342144e-02,-2.647216696521342144e-02,-2.647216696521342144e-02,-3.062930268984486934e-02,-3.062930268984486934e-02,-3.062930268984486934e-02,-2.979222222637796166e-02,-2.979222222637796166e-02,-2.979222222637796166e-02,-1.292492046542118816e-19,-1.292492046542118816e-19,-1.292492046542118816e-19,-1.275324791554523502e-19,-1.275324791554523502e-19,-1.275324791554523502e-19,-1.454592301680825353e-19,-1.454592301680825353e-19,-1.454592301680825353e-19,-4.188815151002921399e-17,-4.188815151002921399e-17,-4.188815151002921399e-17,-4.133178090809340193e-17,-4.133178090809340193e-17,-4.133178090809340193e-17,-4.846618236447133482e-17,-4.846618236447133482e-17,-4.846618236447133482e-17
-4.054301454926573281e-19,-4.054301454926573281e-19,-4.054301454926573281e-19,-2.073704512336106503e-20,-2.073704512336106503e-20,-2.073704512336106503e-20,-1.000842509038822184e-19,-1.000842509038822184e-19,-1.000842509038822184e-19,-2.202147310446233718e-04,-2.202147310446233718e-04,-2.202147310446233718e-04,-1.349183305992323007e-04,-1.349183305992323007e-04,-1.349183305992323007e-04,-6.511631705914832811e-04,-6.511631705914832811e-04,-6.511631705914832811e-04,-3.317943338335629652e-23,-3.317943338335629652e-23,-3.317943338335629652e-23,-3.974318984323201224e-22,-3.974318984323201224e-22,-3.974318984323201224e-22,-9.810980826690143539e-23,-9.810980826690143539e-23,-9.810980826690143539e-23,-1.465341373769469360e-13,-1.465341373769469360e-13,-1.465341373769469360e-13,-1.755224079024690686e-12,-1.755224079024690686e-12,-1.755224079024690686e-12,-8.977665162050448328e-14,-8.977665162050448328e-14,-8.977665162050448328e-14
-1.064923167785360170e-02,-1.064923167785360170e-02,-1.064923167785360170e-02,-3.403865978403993083e-03,-3.403865978403993083e-03,-3.403865978403993083e-03,-2.638819328151472288e-03,-2.638819328151472288e-03,-2.638819328151472288e-03,-2.650171983955235768e-13,-2.650171983955235768e-13,-2.650171983955235768e-13,-2.890982263570133575e-13,-2.890982263570133575e-13,-2.890982263570133575e-13,-2.241210412763941333e-13,-2.241210412763941333e-13,-2.241210412763941333e-13,-1.017633638457488693e-03,-1.017633638457488693e-03,-1.017633638457488693e-03,-3.473030892167176722e-03,-3.473030892167176722e-03,-3.473030892167176722e-03,-8.605973954512642372e-04,-8.605973954512642372e-04,-8.605973954512642372e-04,-2.226712520406067333e-02,-2.226712520406067333e-02,-2.226712520406067333e-02,-7.599435670255486053e-02,-7.599435670255486053e-02,-7.599435670255486053e-02,-2.429044772013646755e-02,-2.429044772013646755e-02,-2.429044772013646755e-02
-3.733414571981286508e-21,-3.733414571981286508e-21,-3.733414571981286508e-21,-6.952315094191448807e-25,-6.952315094191448807e-25,-6.952315094191448807e-25,-3.215920109596312363e-24,-3.215920109596312363e-24,-3.215920109596312363e-24,-1.244222665044738858e-61,-1.244222665044738858e-61,-1.244222665044738858e-61,-1.213998337358973706e-62,-1.213998337358973706e-62,-1.213998337358973706e-62,-5.615570659895907361e-62,-5.615570659895907361e-62,-5.615570659895907361e-62,-5.726824817289371573e-10,-5.726824817289371573e-10,-5.726824817289371573e-10,-3.000617606094523089e-07,-3.000617606094523089e-07,-3.000617606094523089e-07,-2.584697283036294506e-10,-2.584697283036294506e-10,-2.584697283036294506e-10,-6.790438085555955149e-19,-6.790438085555955149e-19,-6.790438085555955149e-19,-3.557906645074942552e-16,-3.557906645074942552e-16,-3.557906645074942552e-16,-6.625486560725452696e-20,-6.625486560725452696e-20,-6.625486560725452696e-20
-2.821217314541532139e-03,-2.821217314541532139e-03,-2.821217314541532139e-03,-2.958604020646929140e-03,-2.958604020646929140e-03,-2.958604020646929140e-03,-5.341887586142281437e-03,-5.341887586142281437e-03,-5.341887586142281437e-03,-4.014277069973344603e-02,-4.014277069973344603e-02,-4.014277069973344603e-02,-4.733981624092157420e-02,-4.733981624092157420e-02,-4.733981624092157420e-02,-8.547408674593094668e-02,-8.547408674593094668e-02,-8.547408674593094668e-02,-5.359389703303893415e-03,-5.359389703303893415e-03,-5.359389703303893415e-03,-6.026765008613401559e-03,-6.026765008613401559e-03,-6.026765008613401559e-03,-1.141149283969299967e-02,-1.141149283969299967e-02,-1.141149283969299967e-02,-8.969677936202783880e-09,-8.969677936202783880e-09,-8.969677936202783880e-09,-1.008662256657944659e-08,-1.008662256657944659e-08,-1.008662256657944659e-08,-1.057781757059703654e-08,-1.057781757059703654e-08,-1.057781757059703654e-08
-9.182777533771545708e-15,-9.182777533771545708e-15,-9.182777533771545708e-15,-3.266086109528725519e-15,-3.266086109528725519e-15,-3.266086109528725519e-15,-5.946352911315104047e-15,-5.946352911315104047e-15,-5.946352911315104047e-15,-1.899540711533386174e-69,-1.899540711533386174e-69,-1.899540711533386174e-69,-1.785475959946309353e-69,-1.785475959946309353e-69,-1.785475959946309353e-69,-3.250701241934433688e-69,-3.250701241934433688e-69,-3.250701241934433688e-69,-5.105609049046417414e-12,-5.105609049046417414e-12,-5.105609049046417414e-12,-1.349271633998106988e-11,-1.349271633998106988e-11,-1.349271633998106988e-11,-8.737275055910266137e-12,-8.737275055910266137e-12,-8.737275055910266137e-12,-2.930158476219846453e-46,-2.930158476219846453e-46,-2.930158476219846453e-46,-7.743600571651600809e-46,-7.743600571651600809e-46,-7.743600571651600809e-46,-2.754206575493772058e-46,-2.754206575493772058e-46,-2.754206575493772058e-46
-7.495597850572277565e-02,-7.495597850572277565e-02,-7.495597850572277565e-02,-8.315750732241095067e-02,-8.315750732241095067e-02,-8.315750732241095067e-02,-8.256306950590892868e-02,-8.256306950590892868e-02,-8.256306950590892868e-02,-1.834236955880956359e-04,-1.834236955880956359e-04,-1.834236955880956359e-04,-2.660154845910517817e-04,-2.660154845910517817e-04,-2.660154845910517817e-04,-2.641139164836416465e-04,-2.641139164836416465e-04,-2.641139164836416465e-04,-9.621886077997509560e-06,-9.621886077997509560e-06,-9.621886077997509560e-06,-1.257814230722542019e-05,-1.257814230722542019e-05,-1.257814230722542019e-05,-1.385466587548288382e-05,-1.385466587548288382e-05,-1.385466587548288382e-05,-1.142488927430981197e-05,-1.142488927430981197e-05,-1.142488927430981197e-05,-1.493510544311802801e-05,-1.493510544311802801e-05,-1.493510544311802801e-05,-1.656927392592498632e-05,-1.656927392592498632e-05,-1.656927392592498632e-05
-1.833320996191366856e-03,-1.833320996191366856e-03,-1.833320996191366856e-03,-2.509547456854758010e-03,-2.509547456854758010e-03,-2.509547456854758010e-03,-2.260441804210479647e-03,-2.260441804210479647e-03,-2.260441804210479647e-03,-1.791356291347297170e-05,-1.791356291347297170e-05,-1.791356291347297170e-05,-2.187011191705446673e-05,-2.187011191705446673e-05,-2.187011191705446673e-05,-1.969921513340517223e-05,-1.969921513340517223e-05,-1.969921513340517223e-05,-1.863187318065017556e-02,-1.863187318065017556e-02,-1.863187318065017556e-02,-1.661761339705140547e-02,-1.661761339705140547e-02,-1.661761339705140547e-02,-2.048912770155291233e-02,-2.048912770155291233e-02,-2.048912770155291233e-02,-7.854820123400890405e-03,-7.854820123400890405e-03,-7.854820123400890405e-03,-7.005649021356249312e-03,-7.005649021356249312e-03,-7.005649021356249312e-03,-9.589705633484411212e-03,-9.589705633484411212e-03,-9.589705633484411212e-03
-9.392353216594386835e-05,-9.392353216594386835e-05,-9.392353216594386835e-05,-1.851163289271516286e-06,-1.851163289271516286e-06,-1.851163289271516286e-06,-5.931684265759199154e-05,-5.931684265759199154e-05,-5.931684265759199154e-05,-3.097426467981026821e-08,-3.097426467981026821e-08,-3.097426467981026821e-08,-3.572441144774919041e-10,-3.572441144774919041e-10,-3.572441144774919041e-10,-1.144717651415352835e-08,-1.144717651415352835e-08,-1.144717651415352835e-08,-1.316735466484997267e-35,-1.316735466484997267e-35,-1.316735466484997267e-35,-7.705348723425683287e-36,-7.705348723425683287e-36,-7.705348723425683287e-36,-4.866266709835735949e-36,-4.866266709835735949e-36,-4.866266709835735949e-36,-1.865057538866451485e-11,-1.865057538866451485e-11,-1.865057538866451485e-11,-1.091405152515780692e-11,-1.091405152515780692e-11,-1.091405152515780692e-11,-2.151078761060021888e-13,-2.151078761060021888e-13,-2.151078761060021888e-13
-4.560335128981696934e-02,-4.560335128981696934e-02,-4.560335128981696934e-02,-4.454190312767154075e-02,-4.454190312767154075e-02,-4.454190312767154075e-02,-4.735312881599697266e-02,-4.735312881599697266e-02,-4.735312881599697266e-02,-7.141782541728384538e-03,-7.141782541728384538e-03,-7.141782541728384538e-03,-8.701393515634365042e-03,-8.701393515634365042e-03,-8.701393515634365042e-03,-9.250574831602494455e-03,-9.250574831602494455e-03,-9.250574831602494455e-03,-2.575986265046521784e-02,-2.575986265046521784e-02,-2.575986265046521784e-02,-3.213318102569388129e-02,-3.213318102569388129e-02,-3.213318102569388129e-02,-3.336611493105770543e-02,-3.336611493105770543e-02,-3.336611493105770543e-02,-3.456887520040767027e-03,-3.456887520040767027e-03,-3.456887520040767027e-03,-4.312165556710599243e-03,-4.312165556710599243e-03,-4.312165556710599243e-03,-4.211797051423590843e-03,-4.211797051423590843e-03,-4.211797051423590843e-03
-1.962901777830808614e-12,-1.962901777830808614e-12,-1.962901777830808614e-12,-2.557381071630050401e-12,-2.557381071630050401e-12,-2.557381071630050401e-12,-5.708992746530103208e-12,-5.708992746530103208e-12,-5.708992746530103208e-12,-3.016581180449725839e-08,-3.016581180449725839e-08,-3.016581180449725839e-08,-3.257585464863510649e-08,-3.257585464863510649e-08,-3.257585464863510649e-08,-7.272100351573255764e-08,-7.272100351573255764e-08,-7.272100351573255764e-08,-4.398708575688772738e-14,-4.398708575688772738e-14,-4.398708575688772738e-14,-3.645936606534340354e-14,-3.645936606534340354e-14,-3.645936606534340354e-14,-1.060400773798027379e-13,-1.060400773798027379e-13,-1.060400773798027379e-13,-7.791424728771655026e-33,-7.791424728771655026e-33,-7.791424728771655026e-33,-6.458041069755922117e-33,-6.458041069755922117e-33,-6.458041069755922117e-33,-8.413906481787688748e-33,-8.413906481787688748e-33,-8.413906481787688748e-33
-1.495701233061152297e-02,-1.495701233061152297e-02,-1.495701233061152297e-02,-1.442738478144360223e-02,-1.442738478144360223e-02,-1.442738478144360223e-02,-1.493049575309271168e-02,-1.493049575309271168e-02,-1.493049575309271168e-02,-2.002642469064171843e-02,-2.002642469064171843e-02,-2.002642469064171843e-02,-2.145333861060814279e-02,-2.145333861060814279e-02,-2.145333861060814279e-02,-2.220145825924901839e-02,-2.220145825924901839e-02,-2.220145825924901839e-02,-6.268720008682129863e-02,-6.268720008682129863e-02,-6.268720008682129863e-02,-6.961896705833389709e-02,-6.961896705833389709e-02,-6.961896705833389709e-02,-6.949554289473915125e-02,-6.949554289473915125e-02,-6.949554289473915125e-02,-4.359132817270352372e-02,-4.359132817270352372e-02,-4.359132817270352372e-02,-4.841152956076067576e-02,-4.841152956076067576e-02,-4.841152956076067576e-02,-4.669727813233469360e-02,-4.669727813233469360e-02,-4.669727813233469360e-02
-1.771813279925750235e-03,-1.771813279925750235e-03,-1.771813279925750235e-03,-1.756426271605814179e-03,-1.756426271605814179e-03,-1.756426271605814179e-03,-1.709304705820047839e-03,-1.709304705820047839e-03,-1.709304705820047839e-03,-7.625454989405809061e-04,-7.625454989405809061e-04,-7.625454989405809061e-04,-7.573201326632108404e-04,-7.573201326632108404e-04,-7.573201326632108404e-04,-7.370026783930986973e-04,-7.370026783930986973e-04,-7.370026783930986973e-04,-3.224708466809644933e-03,-3.224708466809644933e-03,-3.224708466809644933e-03,-3.230667228781695845e-03,-3.230667228781695845e-03,-3.230667228781695845e-03,-3.116691109419035023e-03,-3.116691109419035023e-03,-3.116691109419035023e-03,-1.530245181148328498e-02,-1.530245181148328498e-02,-1.530245181148328498e-02,-1.533072837318550687e-02,-1.533072837318550687e-02,-1.533072837318550687e-02,-1.519759129395626893e-02,-1.519759129395626893e-02,-1.519759129395626893e-02
-9.728770964116376443e-03,-9.728770964116376443e-03,-9.728770964116376443e-03,-9.291395770037519028e-03,-9.291395770037519028e-03,-9.291395770037519028e-03,-9.237882959653907766e-03,-9.237882959653907766e-03,-9.237882959653907766e-03,-7.928932270160120267e-04,-7.928932270160120267e-04,-7.928932270160120267e-04,-7.957547144654978028e-04,-7.957547144654978028e-04,-7.957547144654978028e-04,-7.911716494232815542e-04,-7.911716494232815542e-04,-7.911716494232815542e-04,-1.855268186685023191e-02,-1.855268186685023191e-02,-1.855268186685023191e-02,-1.949612181276903777e-02,-1.949612181276903777e-02,-1.949612181276903777e-02,-1.851239916509576922e-02,-1.851239916509576922e-02,-1.851239916509576922e-02,-2.071044389095370690e-03,-2.071044389095370690e-03,-2.071044389095370690e-03,-2.176361023125235588e-03,-2.176361023125235588e-03,-2.176361023125235588e-03,-2.078518620586826838e-03,-2.078518620586826838e-03,-2.078518620586826838e-03
-4.865116037565086501e-11,-4.865116037565086501e-11,-4.865116037565086501e-11,-5.644839676367838444e-11,-5.644839676367838444e-11,-5.644839676367838444e-11,-4.726943804839815733e-11,-4.726943804839815733e-11,-4.726943804839815733e-11,-7.215027398981756646e-04,-7.215027398981756646e-04,-7.215027398981756646e-04,-2.034096378063931718e-03,-2.034096378063931718e-03,-2.034096378063931718e-03,-1.703336112979424817e-03,-1.703336112979424817e-03,-1.703336112979424817e-03,-4.038320348190069936e-02,-4.038320348190069936e-02,-4.038320348190069936e-02,-9.812414837301053350e-02,-9.812414837301053350e-02,-9.812414837301053350e-02,-9.533736331787953655e-02,-9.533736331787953655e-02,-9.533736331787953655e-02,-7.281426275212495719e-04,-7.281426275212495719e-04,-7.281426275212495719e-04,-1.769259718378488663e-03,-1.769259718378488663e-03,-1.769259718378488663e-03,-2.052815879207824969e-03,-2.052815879207824969e-03,-2.052815879207824969e-03
-4.810062283453490696e-09,-4.810062283453490696e-09,-4.810062283453490696e-09,-4.594002125692462579e-09,-4.594002125692462579e-09,-4.594002125692462579e-09,-4.634533185311491551e-09,-4.634533185311491551e-09,-4.634533185311491551e-09,-8.084957361109494341e-04,-8.084957361109494341e-04,-8.084957361109494341e-04,-3.571794510025069367e-04,-3.571794510025069367e-04,-3.571794510025069367e-04,-3.603307037070527675e-04,-3.603307037070527675e-04,-3.603307037070527675e-04,-1.003307002989219706e-03,-1.003307002989219706e-03,-1.003307002989219706e-03,-4.640898639798916934e-04,-4.640898639798916934e-04,-4.640898639798916934e-04,-4.471542672077964795e-04,-4.471542672077964795e-04,-4.471542672077964795e-04,-1.172085879083647249e-03,-1.172085879083647249e-03,-1.172085879083647249e-03,-5.421602506272213146e-04,-5.421602506272213146e-04,-5.421602506272213146e-04,-5.178072958463165315e-04,-5.178072958463165315e-04,-5.178072958463165315e-04
-9.343140555262590460e-04,-9.343140555262590460e-04,-9.343140555262590460e-04,-1.879064948785883144e-03,-1.879064948785883144e-03,-1.879064948785883144e-03,-1.493193105193810991e-03,-1.493193105193810991e-03,-1.493193105193810991e-03,-1.758920599763448556e-02,-1.758920599763448556e-02,-1.758920599763448556e-02,-3.192667882648377031e-02,-3.192667882648377031e-02,-3.192667882648377031e-02,-2.537043582567248545e-02,-2.537043582567248545e-02,-2.537043582567248545e-02,-1.446530679063997830e-10,-1.446530679063997830e-10,-1.446530679063997830e-10,-1.305528171937950745e-10,-1.305528171937950745e-10,-1.305528171937950745e-10,-2.086456532943851686e-10,-2.086456532943851686e-10,-2.086456532943851686e-10,-1.795135432593810945e-08,-1.795135432593810945e-08,-1.795135432593810945e-08,-1.620152212196219446e-08,-1.620152212196219446e-08,-1.620152212196219446e-08,-3.258402477870316685e-08,-3.258402477870316685e-08,-3.258402477870316685e-08
-2.214221347977118406e-76,-2.214221347977118406e-76,-2.214221347977118406e-76,-1.956042038134815459e-76,-1.956042038134815459e-76,-1.956042038134815459e-76,-1.803696909063164531e-77,-1.803696909063164531e-77,-1.803696909063164531e-77,-2.537702482280695366e-30,-2.537702482280695366e-30,-2.537702482280695366e-30,-7.028301754029537252e-32,-7.028301754029537252e-32,-7.028301754029537252e-32,-6.480906801877337224e-33,-6.480906801877337224e-33,-6.480906801877337224e-33,-1.314131913658086189e-28,-1.314131913658086189e-28,-1.314131913658086189e-28,-4.119945836017315155e-30,-4.119945836017315155e-30,-4.119945836017315155e-30,-3.356093362897508265e-31,-3.356093362897508265e-31,-3.356093362897508265e-31,-7.780099068249397171e-186,-7.780099068249397171e-186,-7.780099068249397171e-186,-2.439145296366059245e-187,-2.439145296366059245e-187,-2.439145296366059245e-187,-2.154739742334078351e-187,-2.154739742334078351e-187,-2.154739742334078351e-187
-4.623802668838618980e-06,-4.623802668838618980e-06,-4.623802668838618980e-06,-6.293933723131830975e-06,-6.293933723131830975e-06,-6.293933723131830975e-06,-5.287812953958962725e-06,-5.287812953958962725e-06,-5.287812953958962725e-06,-9.430491157265867563e-02,-9.430491157265867563e-02,-9.430491157265867563e-02,-6.042776697035354139e-02,-6.042776697035354139e-02,-6.042776697035354139e-02,-5.076804793642663433e-02,-5.076804793642663433e-02,-5.076804793642663433e-02,-5.600558848707964422e-03,-5.600558848707964422e-03,-5.600558848707964422e-03,-2.636396488631230581e-03,-2.636396488631230581e-03,-2.636396488631230581e-03,-3.015001396644312239e-03,-3.015001396644312239e-03,-3.015001396644312239e-03,-3.976641030105063784e-02,-3.976641030105063784e-02,-3.976641030105063784e-02,-1.871956483545299602e-02,-1.871956483545299602e-02,-1.871956483545299602e-02,-2.548112643176521017e-02,-2.548112643176521017e-02,-2.548112643176521017e-02
-3.885368439278256747e-06,-3.885368439278256747e-06,-3.885368439278256747e-06,-2.893836840549032730e-06,-2.893836840549032730e-06,-2.893836840549032730e-06,-3.732315456841816481e-06,-3.732315456841816481e-06,-3.732315456841816481e-06,-1.837751178304961483e-05,-1.837751178304961483e-05,-1.837751178304961483e-05,-1.344269558345704863e-05,-1.344269558345704863e-05,-1.344269558345704863e-05,-1.733766735039458053e-05,-1.733766735039458053e-05,-1.733766735039458053e-05,-7.780146564541129059e-03,-7.780146564541129059e-03,-7.780146564541129059e-03,-7.640919062121566928e-03,-7.640919062121566928e-03,-7.640919062121566928e-03,-7.339926899012734138e-03,-7.339926899012734138e-03,-7.339926899012734138e-03,-7.292269253890332247e-04,-7.292269253890332247e-04,-7.292269253890332247e-04,-7.161772427542945551e-04,-7.161772427542945551e-04,-7.161772427542945551e-04,-5.334114696803867253e-04,-5.334114696803867253e-04,-5.334114696803867253e-04
-4.482468532817862512e-11,-4.482468532817862512e-11,-4.482468532817862512e-11,-4.032605447899236377e-11,-4.032605447899236377e-11,-4.032605447899236377e-11,-5.020529026293802301e-11,-5.020529026293802301e-11,-5.020529026293802301e-11,-5.466312365035921330e-06,-5.466312365035921330e-06,-5.466312365035921330e-06,-3.712537296571941006e-06,-3.712537296571941006e-06,-3.712537296571941006e-06,-4.622049317606202875e-06,-4.622049317606202875e-06,-4.622049317606202875e-06,-2.148431106477056410e-04,-2.148431106477056410e-04,-2.148431106477056410e-04,-1.621919625306454443e-04,-1.621919625306454443e-04,-1.621919625306454443e-04,-1.816609419017527931e-04,-1.816609419017527931e-04,-1.816609419017527931e-04,-5.354763928001788062e-08,-5.354763928001788062e-08,-5.354763928001788062e-08,-4.042483223002017358e-08,-4.042483223002017358e-08,-4.042483223002017358e-08,-3.636777313386127757e-08,-3.636777313386127757e-08,-3.636777313386127757e-08
-1.453743597633172166e-02,-1.453743597633172166e-02,-1.453743597633172166e-02,-1.468450968927124609e-02,-1.468450968927124609e-02,-1.468450968927124609e-02,-1.433822663544718004e-02,-1.433822663544718004e-02,-1.433822663544718004e-02,-8.281770099769163174e-02,-8.281770099769163174e-02,-8.281770099769163174e-02,-7.979524855011473072e-02,-7.979524855011473072e-02,-7.979524855011473072e-02,-7.791355532825847141e-02,-7.791355532825847141e-02,-7.791355532825847141e-02,-2.026766301147861146e-02,-2.026766301147861146e-02,-2.026766301147861146e-02,-1.933240572700261825e-02,-1.933240572700261825e-02,-1.933240572700261825e-02,-1.906748997371167376e-02,-1.906748997371167376e-02,-1.906748997371167376e-02,-4.704477570671913855e-02,-4.704477570671913855e-02,-4.704477570671913855e-02,-4.487388066315494556e-02,-4.487388066315494556e-02,-4.487388066315494556e-02,-4.532786500082496700e-02,-4.532786500082496700e-02,-4.532786500082496700e-02
-5.499012825287628338e-03,-5.499012825287628338e-03,-5.499012825287628338e-03,-9.733442284411907355e-03,-9.733442284411907355e-03,-9.733442284411907355e-03,-7.863339025697926865e-03,-7.863339025697926865e-03,-7.863339025697926865e-03,-2.256259377207868475e-06,-2.256259377207868475e-06,-2.256259377207868475e-06,-2.731562607350577001e-06,-2.731562607350577001e-06,-2.731562607350577001e-06,-2.206742714847744585e-06,-2.206742714847744585e-06,-2.206742714847744585e-06,-6.620577260143658237e-03,-6.620577260143658237e-03,-6.620577260143658237e-03,-4.528311221190099364e-03,-4.528311221190099364e-03,-4.528311221190099364e-03,-6.475279741546606689e-03,-6.475279741546606689e-03,-6.475279741546606689e-03,-2.670801573842136560e-03,-2.670801573842136560e-03,-2.670801573842136560e-03,-1.826762268784261995e-03,-1.826762268784261995e-03,-1.826762268784261995e-03,-3.233432195100026472e-03,-3.233432195100026472e-03,-3.233432195100026472e-03
-2.001207796453268156e-05,-2.001207796453268156e-05,-2.001207796453268156e-05,-1.019026976983330551e-04,-1.019026976983330551e-04,-1.019026976983330551e-04,-2.281507125977357521e-05,-2.281507125977357521e-05,-2.281507125977357521e-05,-7.273497311168343124e-03,-7.273497311168343124e-03,-7.273497311168343124e-03,-2.211561844266122720e-02,-2.211561844266122720e-02,-2.211561844266122720e-02,-4.951482366217398526e-03,-4.951482366217398526e-03,-4.951482366217398526e-03,-8.648943153618806381e-14,-8.648943153618806381e-14,-8.648943153618806381e-14,-5.164465176498561673e-14,-5.164465176498561673e-14,-5.164465176498561673e-14,-5.887826403098140216e-14,-5.887826403098140216e-14,-5.887826403098140216e-14,-1.107661031050239005e-02,-1.107661031050239005e-02,-1.107661031050239005e-02,-6.614076102269148862e-03,-6.614076102269148862e-03,-6.614076102269148862e-03,-3.367927102811688750e-02,-3.367927102811688750e-02,-3.367927102811688750e-02
-3.354064730783786613e-02,-3.354064730783786613e-02,-3.354064730783786613e-02,-2.511503096972819010e-02,-2.511503096972819010e-02,-2.511503096972819010e-02,-2.523720631613674686e-02,-2.523720631613674686e-02,-2.523720631613674686e-02,-1.109990596572872201e-03,-1.109990596572872201e-03,-1.109990596572872201e-03,-1.130573237278302209e-03,-1.130573237278302209e-03,-1.130573237278302209e-03,-1.136073058364376947e-03,-1.136073058364376947e-03,-1.136073058364376947e-03,-5.083105566327621172e-02,-5.083105566327621172e-02,-5.083105566327621172e-02,-6.914268688220054360e-02,-6.914268688220054360e-02,-6.914268688220054360e-02,-5.202547935592072292e-02,-5.202547935592072292e-02,-5.202547935592072292e-02,-8.918240705424806958e-02,-8.918240705424806958e-02,-8.918240705424806958e-02,-1.213099190227478474e-01,-1.213099190227478474e-01,-1.213099190227478474e-01,-9.083612326347591248e-02,-9.083612326347591248e-02,-9.083612326347591248e-02
-3.427709598165077937e-03,-3.427709598165077937e-03,-3.427709598165077937e-03,-3.617187645420032096e-03,-3.617187645420032096e-03,-3.617187645420032096e-03,-3.537453079674428378e-03,-3.537453079674428378e-03,-3.537453079674428378e-03,-4.002995698170417477e-02,-4.002995698170417477e-02,-4.002995698170417477e-02,-3.823986271821575023e-02,-3.823986271821575023e-02,-3.823986271821575023e-02,-3.739693192587242171e-02,-3.739693192587242171e-02,-3.739693192587242171e-02,-5.283273724550332714e-03,-5.283273724550332714e-03,-5.283273724550332714e-03,-4.782635627801979164e-03,-4.782635627801979164e-03,-4.782635627801979164e-03,-4.935759184379414147e-03,-4.935759184379414147e-03,-4.935759184379414147e-03,-9.154241556423615978e-03,-9.154241556423615978e-03,-9.154241556423615978e-03,-8.286794153748550454e-03,-8.286794153748550454e-03,-8.286794153748550454e-03,-8.744874259220897922e-03,-8.744874259220897922e-03,-8.744874259220897922e-03
-3.878322539699641941e-02,-3.878322539699641941e-02,-3.878322539699641941e-02,-5.198052067851165192e-02,-5.198052067851165192e-02,-5.198052067851165192e-02,-4.384453576780063949e-02,-4.384453576780063949e-02,-4.384453576780063949e-02,-1.042300423807796590e-06,-1.042300423807796590e-06,-1.042300423807796590e-06,-6.343183410489484943e-07,-6.343183410489484943e-07,-6.343183410489484943e-07,-5.350349097943839869e-07,-5.350349097943839869e-07,-5.350349097943839869e-07,-4.345518813438163896e-05,-4.345518813438163896e-05,-4.345518813438163896e-05,-1.973146302368143304e-05,-1.973146302368143304e-05,-1.973146302368143304e-05,-2.230646954803910484e-05,-2.230646954803910484e-05,-2.230646954803910484e-05,-7.074863612601495405e-06,-7.074863612601495405e-06,-7.074863612601495405e-06,-3.212445182332245433e-06,-3.212445182332245433e-06,-3.212445182332245433e-06,-4.305587570902206479e-06,-4.305587570902206479e-06,-4.305587570902206479e-06
-7.920081726630906593e-24,-7.920081726630906593e-24,-7.920081726630906593e-24,-1.322712763609173594e-23,-1.322712763609173594e-23,-1.322712763609173594e-23,-7.238218495348908796e-24,-7.238218495348908796e-24,-7.238218495348908796e-24,-3.287488573380945257e-06,-3.287488573380945257e-06,-3.287488573380945257e-06,-3.099909973871050703e-07,-3.099909973871050703e-07,-3.099909973871050703e-07,-1.696349073215709002e-07,-1.696349073215709002e-07,-1.696349073215709002e-07,-1.433960984441969920e-09,-1.433960984441969920e-09,-1.433960984441969920e-09,-8.096294242715082361e-11,-8.096294242715082361e-11,-8.096294242715082361e-11,-7.399260355402471836e-11,-7.399260355402471836e-11,-7.399260355402471836e-11,-4.773549370227305801e-06,-4.773549370227305801e-06,-4.773549370227305801e-06,-2.695196082934401135e-07,-2.695196082934401135e-07,-2.695196082934401135e-07,-4.501178627159533115e-07,-4.501178627159533115e-07,-4.501178627159533115e-07
-1.017851204772888575e-02,-1.017851204772888575e-02,-1.017851204772888575e-02,-1.071376028661020011e-02,-1.071376028661020011e-02,-1.071376028661020011e-02,-1.064359748448911493e-02,-1.064359748448911493e-02,-1.064359748448911493e-02,-5.394758732405375862e-04,-5.394758732405375862e-04,-5.394758732405375862e-04,-6.030258511086621521e-04,-6.030258511086621521e-04,-6.030258511086621521e-04,-5.990767256537913232e-04,-5.990767256537913232e-04,-5.990767256537913232e-04,-2.656181970407437781e-06,-2.656181970407437781e-06,-2.656181970407437781e-06,-2.820746760431473239e-06,-2.820746760431473239e-06,-2.820746760431473239e-06,-2.949634777944602190e-06,-2.949634777944602190e-06,-2.949634777944602190e-06,-1.360863375903994839e-05,-1.360863375903994839e-05,-1.360863375903994839e-05,-1.445176197164764443e-05,-1.445176197164764443e-05,-1.445176197164764443e-05,-1.521172375268049712e-05,-1.521172375268049712e-05,-1.521172375268049712e-05
-5.054521514364756357e-02,-5.054521514364756357e-02,-5.054521514364756357e-02,-4.981931430993446347e-02,-4.981931430993446347e-02,-4.981931430993446347e-02,-5.139990875766035916e-02,-5.139990875766035916e-02,-5.139990875766035916e-02,-8.503881780404234925e-02,-8.503881780404234925e-02,-8.503881780404234925e-02,-8.070844474711942607e-02,-8.070844474711942607e-02,-8.070844474711942607e-02,-8.326904441451489503e-02,-8.326904441451489503e-02,-8.326904441451489503e-02,-5.325313688882186980e-02,-5.325313688882186980e-02,-5.325313688882186980e-02,-5.127778571859568923e-02,-5.127778571859568923e-02,-5.127778571859568923e-02,-5.214486672457907535e-02,-5.214486672457907535e-02,-5.214486672457907535e-02,-4.735267147168039509e-02,-4.735267147168039509e-02,-4.735267147168039509e-02,-4.559618987323104528e-02,-4.559618987323104528e-02,-4.559618987323104528e-02,-4.494136404750145863e-02,-4.494136404750145863e-02,-4.494136404750145863e-02
-1.506260602596849751e-132,-1.506260602596849751e-132,-1.506260602596849751e-132,-3.702748148218468261e-133,-3.702748148218468261e-133,-3.702748148218468261e-133,-2.922276415939190525e-134,-2.922276415939190525e-134,-2.922276415939190525e-134,-2.909539637647112902e-63,-2.909539637647112902e-63,-2.909539637647112902e-63,-1.830049068617208893e-66,-1.830049068617208893e-66,-1.830049068617208893e-66,-1.444308124441161262e-67,-1.444308124441161262e-67,-1.444308124441161262e-67,-1.665180427557140521e-46,-1.665180427557140521e-46,-1.665180427557140521e-46,-4.260648409232663697e-49,-4.260648409232663697e-49,-4.260648409232663697e-49,-8.266028030902007245e-51,-8.266028030902007245e-51,-8.266028030902007245e-51,-3.214694907262971509e-18,-3.214694907262971509e-18,-3.214694907262971509e-18,-8.225345743999458547e-21,-8.225345743999458547e-21,-8.225345743999458547e-21,-2.021986346156998689e-21,-2.021986346156998689e-21,-2.021986346156998689e-21
-4.873234141464926235e-11,-4.873234141464926235e-11,-4.873234141464926235e-11,-4.831753374224680436e-11,-4.831753374224680436e-11,-4.831753374224680436e-11,-5.314310438206750518e-11,-5.314310438206750518e-11,-5.314310438206750518e-11,-6.845683657699889318e-03,-6.845683657699889318e-03,-6.845683657699889318e-03,-4.018042924484837089e-03,-4.018042924484837089e-03,-4.018042924484837089e-03,-4.419333066265812397e-03,-4.419333066265812397e-03,-4.419333066265812397e-03,-2.001260836727128487e-03,-2.001260836727128487e-03,-2.001260836727128487e-03,-1.184715203599810002e-03,-1.184715203599810002e-03,-1.184715203599810002e-03,-1.291943746191538504e-03,-1.291943746191538504e-03,-1.291943746191538504e-03,-1.676370212819491487e-02,-1.676370212819491487e-02,-1.676370212819491487e-02,-9.923850212534257240e-03,-9.923850212534257240e-03,-9.923850212534257240e-03,-9.839378810413312165e-03,-9.839378810413312165e-03,-9.839378810413312165e-03
-3.084113012256617034e-03,-3.084113012256617034e-03,-3.084113012256617034e-03,-3.117393027032682069e-03,-3.117393027032682069e-03,-3.117393027032682069e-03,-2.766742889322237799e-03,-2.766742889322237799e-03,-2.766742889322237799e-03,-3.212279214143702599e-02,-3.212279214143702599e-02,-3.212279214143702599e-02,-3.335757548270651407e-02,-3.335757548270651407e-02,-3.335757548270651407e-02,-2.960545365037170820e-02,-2.960545365037170820e-02,-2.960545365037170820e-02,-4.738810934612255887e-02,-4.738810934612255887e-02,-4.738810934612255887e-02,-4.868434101922877733e-02,-4.868434101922877733e-02,-4.868434101922877733e-02,-4.367448721917410737e-02,-4.367448721917410737e-02,-4.367448721917410737e-02,-4.553994475882194037e-07,-4.553994475882194037e-07,-4.553994475882194037e-07,-4.678562262194859599e-07,-4.678562262194859599e-07,-4.678562262194859599e-07,-4.729047643436664421e-07,-4.729047643436664421e-07,-4.729047643436664421e-07
-1.762023742199669810e-24,-1.762023742199669810e-24,-1.762023742199669810e-24,-2.662142182834798641e-23,-2.662142182834798641e-23,-2.662142182834798641e-23,-1.858913606541746890e-24,-1.858913606541746890e-24,-1.858913606541746890e-24,-5.106206241439479234e-10,-5.106206241439479234e-10,-5.106206241439479234e-10,-4.567002882145159303e-08,-4.567002882145159303e-08,-4.567002882145159303e-08,-3.189034700503774445e-09,-3.189034700503774445e-09,-3.189034700503774445e-09,-4.069072627127075715e-23,-4.069072627127075715e-23,-4.069072627127075715e-23,-2.408845156466829794e-22,-2.408845156466829794e-22,-2.408845156466829794e-22,-2.541302327639667990e-22,-2.541302327639667990e-22,-2.541302327639667990e-22,-1.259990793707402270e-10,-1.259990793707402270e-10,-1.259990793707402270e-10,-7.459003558650602199e-10,-7.459003558650602199e-10,-7.459003558650602199e-10,-1.126938731858956333e-08,-1.126938731858956333e-08,-1.126938731858956333e-08
-5.021438585834282070e-02,-5.021438585834282070e-02,-5.021438585834282070e-02,-5.937591522889344026e-02,-5.937591522889344026e-02,-5.937591522889344026e-02,-4.637279823709843096e-02,-4.637279823709843096e-02,-4.637279823709843096e-02,-4.631281136179820138e-03,-4.631281136179820138e-03,-4.631281136179820138e-03,-4.512727712433309626e-03,-4.512727712433309626e-03,-4.512727712433309626e-03,-3.524456185658908416e-03,-3.524456185658908416e-03,-3.524456185658908416e-03,-7.196395436971203541e-02,-7.196395436971203541e-02,-7.196395436971203541e-02,-5.930220515200038817e-02,-5.930220515200038817e-02,-5.930220515200038817e-02,-5.476536549280201088e-02,-5.476536549280201088e-02,-5.476536549280201088e-02,-2.275868228837800769e-04,-2.275868228837800769e-04,-2.275868228837800769e-04,-1.875438972017666873e-04,-1.875438972017666873e-04,-1.875438972017666873e-04,-2.217609625528916585e-04,-2.217609625528916585e-04,-2.217609625528916585e-04
-1.507419789630489067e-02,-1.507419789630489067e-02,-1.507419789630489067e-02,-1.711896257668556534e-02,-1.711896257668556534e-02,-1.711896257668556534e-02,-1.033736211879779550e-02,-1.033736211879779550e-02,-1.033736211879779550e-02,-1.917468534002517849e-02,-1.917468534002517849e-02,-1.917468534002517849e-02,-2.167273138962819146e-02,-2.167273138962819146e-02,-2.167273138962819146e-02,-1.308717578383765227e-02,-1.308717578383765227e-02,-1.308717578383765227e-02,-2.244750316901069948e-05,-2.244750316901069948e-05,-2.244750316901069948e-05,-2.234139124491962546e-05,-2.234139124491962546e-05,-2.234139124491962546e-05,-1.532095127881300426e-05,-1.532095127881300426e-05,-1.532095127881300426e-05,-1.080038620843395317e-08,-1.080038620843395317e-08,-1.080038620843395317e-08,-1.074933154311662461e-08,-1.074933154311662461e-08,-1.074933154311662461e-08,-1.220744252376488758e-08,-1.220744252376488758e-08,-1.220744252376488758e-08
-7.361562733495548684e-04,-7.361562733495548684e-04,-7.361562733495548684e-04,-6.606725718739484303e-04,-6.606725718739484303e-04,-6.606725718739484303e-04,-7.122473329401918544e-04,-7.122473329401918544e-04,-7.122473329401918544e-04,-6.419144297190010340e-02,-6.419144297190010340e-02,-6.419144297190010340e-02,-5.610441007550743403e-02,-5.610441007550743403e-02,-5.610441007550743403e-02,-6.048414622256654410e-02,-6.048414622256654410e-02,-6.048414622256654410e-02,-6.672734056372663959e-03,-6.672734056372663959e-03,-6.672734056372663959e-03,-6.498414634437952794e-03,-6.498414634437952794e-03,-6.498414634437952794e-03,-6.287358621095613144e-03,-6.287358621095613144e-03,-6.287358621095613144e-03,-4.648344164174060544e-02,-4.648344164174060544e-02,-4.648344164174060544e-02,-4.526910182120102988e-02,-4.526910182120102988e-02,-4.526910182120102988e-02,-4.062731652146776840e-02,-4.062731652146776840e-02,-4.062731652146776840e-02
-6.453047288385301006e-02,-6.453047288385301006e-02,-6.453047288385301006e-02,-6.456512679147692613e-02,-6.456512679147692613e-02,-6.456512679147692613e-02,-6.478104840385803809e-02,-6.478104840385803809e-02,-6.478104840385803809e-02,-1.447780140066617927e-01,-1.447780140066617927e-01,-1.447780140066617927e-01,-1.450256146999642504e-01,-1.450256146999642504e-01,-1.450256146999642504e-01,-1.455106159091109630e-01,-1.455106159091109630e-01,-1.455106159091109630e-01,-5.130944303046326010e-02,-5.130944303046326010e-02,-5.130944303046326010e-02,-5.136960660304187853e-02,-5.136960660304187853e-02,-5.136960660304187853e-02,-5.156907772593569833e-02,-5.156907772593569833e-02,-5.156907772593569833e-02,-1.039052051259726495e-01,-1.039052051259726495e-01,-1.039052051259726495e-01,-1.040270405617262917e-01,-1.040270405617262917e-01,-1.040270405617262917e-01,-1.040829047649920042e-01,-1.040829047649920042e-01,-1.040829047649920042e-01
-4.039115068185949314e-03,-4.039115068185949314e-03,-4.039115068185949314e-03,-4.104907399777140732e-03,-4.104907399777140732e-03,-4.104907399777140732e-03,-5.688684792915493088e-03,-5.688684792915493088e-03,-5.688684792915493088e-03,-1.162199183706808192e-04,-1.162199183706808192e-04,-1.162199183706808192e-04,-1.295614960113298435e-04,-1.295614960113298435e-04,-1.295614960113298435e-04,-1.795496074155163071e-04,-1.795496074155163071e-04,-1.795496074155163071e-04,-3.526309594869417112e-05,-3.526309594869417112e-05,-3.526309594869417112e-05,-3.868108860532103540e-05,-3.868108860532103540e-05,-3.868108860532103540e-05,-5.447839856202294666e-05,-5.447839856202294666e-05,-5.447839856202294666e-05,-5.536117433852985382e-15,-5.536117433852985382e-15,-5.536117433852985382e-15,-6.072723997345454526e-15,-6.072723997345454526e-15,-6.072723997345454526e-15,-6.171641375075553140e-15,-6.171641375075553140e-15,-6.171641375075553140e-15
-7.093836175505958735e-05,-7.093836175505958735e-05,-7.093836175505958735e-05,-8.941159903360607303e-05,-8.941159903360607303e-05,-8.941159903360607303e-05,-7.730956025322155650e-05,-7.730956025322155650e-05,-7.730956025322155650e-05,-1.202303077516325355e-02,-1.202303077516325355e-02,-1.202303077516325355e-02,-1.395223632961592637e-02,-1.395223632961592637e-02,-1.395223632961592637e-02,-1.206377323356238457e-02,-1.206377323356238457e-02,-1.206377323356238457e-02,-4.532802897131311161e-08,-4.532802897131311161e-08,-4.532802897131311161e-08,-4.173342160634885863e-08,-4.173342160634885863e-08,-4.173342160634885863e-08,-4.548163211591230147e-08,-4.548163211591230147e-08,-4.548163211591230147e-08,-1.738245119208213746e-04,-1.738245119208213746e-04,-1.738245119208213746e-04,-1.600398650931964906e-04,-1.600398650931964906e-04,-1.600398650931964906e-04,-2.017162490517296293e-04,-2.017162490517296293e-04,-2.017162490517296293e-04
-6.746231396247864050e-04,-6.746231396247864050e-04,-6.746231396247864050e-04,-2.828847515553321174e-03,-2.828847515553321174e-03,-2.828847515553321174e-03,-1.306300921880240587e-03,-1.306300921880240587e-03,-1.306300921880240587e-03,-3.485007914754725841e-12,-3.485007914754725841e-12,-3.485007914754725841e-12,-4.241703806973864589e-12,-4.241703806973864589e-12,-4.241703806973864589e-12,-1.958727560580118122e-12,-1.958727560580118122e-12,-1.958727560580118122e-12,-4.209545717810052323e-02,-4.209545717810052323e-02,-4.209545717810052323e-02,-1.221865763373403656e-02,-1.221865763373403656e-02,-1.221865763373403656e-02,-2.365949638188092133e-02,-2.365949638188092133e-02,-2.365949638188092133e-02,-3.379767988420799532e-08,-3.379767988420799532e-08,-3.379767988420799532e-08,-9.810138836893646047e-09,-9.810138836893646047e-09,-9.810138836893646047e-09,-4.113613252491542396e-08,-4.113613252491542396e-08,-4.113613252491542396e-08
-2.188246357637781121e-09,-2.188246357637781121e-09,-2.188246357637781121e-09,-4.651569290415358960e-10,-4.651569290415358960e-10,-4.651569290415358960e-10,-2.653994588601936685e-10,-2.653994588601936685e-10,-2.653994588601936685e-10,-8.523939221905408136e-08,-8.523939221905408136e-08,-8.523939221905408136e-08,-2.235213485319473502e-08,-2.235213485319473502e-08,-2.235213485319473502e-08,-1.275321106498714824e-08,-1.275321106498714824e-08,-1.275321106498714824e-08,-2.567693939476638903e-18,-2.567693939476638903e-18,-2.567693939476638903e-18,-3.167514707963056842e-18,-3.167514707963056842e-18,-3.167514707963056842e-18,-3.841691254236074704e-19,-3.841691254236074704e-19,-3.841691254236074704e-19,-2.384200750663401418e-22,-2.384200750663401418e-22,-2.384200750663401418e-22,-2.941156976832760041e-22,-2.941156976832760041e-22,-2.941156976832760041e-22,-6.252036213369911082e-23,-6.252036213369911082e-23,-6.252036213369911082e-23
-8.202308352697746770e-20,-8.202308352697746770e-20,-8.202308352697746770e-20,-8.637086533860977916e-20,-8.637086533860977916e-20,-8.637086533860977916e-20,-9.326985788211970971e-20,-9.326985788211970971e-20,-9.326985788211970971e-20,-3.366822692981975374e-14,-3.366822692981975374e-14,-3.366822692981975374e-14,-3.821912429546718957e-14,-3.821912429546718957e-14,-3.821912429546718957e-14,-4.127192980459573021e-14,-4.127192980459573021e-14,-4.127192980459573021e-14,-5.130974854289148415e-10,-5.130974854289148415e-10,-5.130974854289148415e-10,-5.531325214925080236e-10,-5.531325214925080236e-10,-5.531325214925080236e-10,-6.289764960203718838e-10,-6.289764960203718838e-10,-6.289764960203718838e-10,-3.376378019154357003e-04,-3.376378019154357003e-04,-3.376378019154357003e-04,-3.639823893671120651e-04,-3.639823893671120651e-04,-3.639823893671120651e-04,-3.832759338694252910e-04,-3.832759338694252910e-04,-3.832759338694252910e-04
-3.982562676336393612e-04,-3.982562676336393612e-04,-3.982562676336393612e-04,-1.259432401653569561e-03,-1.259432401653569561e-03,-1.259432401653569561e-03,-4.183167533459924243e-04,-4.183167533459924243e-04,-4.183167533459924243e-04,-1.959002258542323453e-03,-1.959002258542323453e-03,-1.959002258542323453e-03,-3.742137544620858375e-03,-3.742137544620858375e-03,-3.742137544620858375e-03,-1.242939935628664151e-03,-1.242939935628664151e-03,-1.242939935628664151e-03,-7.025271670134890279e-09,-7.025271670134890279e-09,-7.025271670134890279e-09,-4.243612205012407079e-09,-4.243612205012407079e-09,-4.243612205012407079e-09,-4.457366335018289992e-09,-4.457366335018289992e-09,-4.457366335018289992e-09,-7.808902106925382988e-03,-7.808902106925382988e-03,-7.808902106925382988e-03,-4.716963819288050828e-03,-4.716963819288050828e-03,-4.716963819288050828e-03,-1.491676981441472476e-02,-1.491676981441472476e-02,-1.491676981441472476e-02
-1.187150748102970901e-02,-1.187150748102970901e-02,-1.187150748102970901e-02,-1.367343373663459753e-02,-1.367343373663459753e-02,-1.367343373663459753e-02,-1.055384736678862539e-02,-1.055384736678862539e-02,-1.055384736678862539e-02,-2.441970817254872361e-02,-2.441970817254872361e-02,-2.441970817254872361e-02,-3.032239861262150254e-02,-3.032239861262150254e-02,-3.032239861262150254e-02,-2.340436008367972193e-02,-2.340436008367972193e-02,-2.340436008367972193e-02,-3.389260729023017837e-02,-3.389260729023017837e-02,-3.389260729023017837e-02,-3.653897352423808587e-02,-3.653897352423808587e-02,-3.653897352423808587e-02,-3.248338512443837978e-02,-3.248338512443837978e-02,-3.248338512443837978e-02,-3.280738427140184824e-03,-3.280738427140184824e-03,-3.280738427140184824e-03,-3.536901528487028726e-03,-3.536901528487028726e-03,-3.536901528487028726e-03,-4.073752955136429078e-03,-4.073752955136429078e-03,-4.073752955136429078e-03
-3.056491166995611462e-68,-3.056491166995611462e-68,-3.056491166995611462e-68,-1.990515772184761142e-58,-1.990515772184761142e-58,-1.990515772184761142e-58,-5.241289027921318915e-60,-5.241289027921318915e-60,-5.241289027921318915e-60,-5.016004519163247874e-115,-5.016004519163247874e-115,-5.016004519163247874e-115,-6.835134947190614800e-110,-6.835134947190614800e-110,-6.835134947190614800e-110,-1.799780655028512491e-111,-1.799780655028512491e-111,-1.799780655028512491e-111,-5.373983945029519370e-09,-5.373983945029519370e-09,-5.373983945029519370e-09,-1.124457539594917124e-13,-1.124457539594917124e-13,-1.124457539594917124e-13,-1.928226401660266726e-05,-1.928226401660266726e-05,-1.928226401660266726e-05,-1.394521568832082858e-25,-1.394521568832082858e-25,-1.394521568832082858e-25,-2.917910265904897617e-30,-2.917910265904897617e-30,-2.917910265904897617e-30,-1.900266053054773506e-20,-1.900266053054773506e-20,-1.900266053054773506e-20
-3.164939352057875470e-09,-3.164939352057875470e-09,-3.164939352057875470e-09,-5.404301244229853334e-07,-5.404301244229853334e-07,-5.404301244229853334e-07,-1.022746061973834284e-06,-1.022746061973834284e-06,-1.022746061973834284e-06,-2.977338400828491471e-49,-2.977338400828491471e-49,-2.977338400828491471e-49,-1.432224453698734638e-49,-1.432224453698734638e-49,-1.432224453698734638e-49,-2.710437212298212776e-49,-2.710437212298212776e-49,-2.710437212298212776e-49,-5.161979071031761009e-12,-5.161979071031761009e-12,-5.161979071031761009e-12,-1.454202771826741037e-14,-1.454202771826741037e-14,-1.454202771826741037e-14,-4.699237466367852345e-12,-4.699237466367852345e-12,-4.699237466367852345e-12,-4.704953520995467647e-07,-4.704953520995467647e-07,-4.704953520995467647e-07,-1.325452187503748868e-09,-1.325452187503748868e-09,-1.325452187503748868e-09,-2.263279674359677516e-07,-2.263279674359677516e-07,-2.263279674359677516e-07
-2.002355003670861274e-23,-2.002355003670861274e-23,-2.002355003670861274e-23,-2.249727303570940240e-23,-2.249727303570940240e-23,-2.249727303570940240e-23,-2.607882893863213690e-23,-2.607882893863213690e-23,-2.607882893863213690e-23,-4.857701850798637537e-06,-4.857701850798637537e-06,-4.857701850798637537e-06,-1.602410508368704657e-05,-1.602410508368704657e-05,-1.602410508368704657e-05,-1.857513551570597784e-05,-1.857513551570597784e-05,-1.857513551570597784e-05,-4.013221176870995039e-04,-4.013221176870995039e-04,-4.013221176870995039e-04,-1.178276516387028426e-03,-1.178276516387028426e-03,-1.178276516387028426e-03,-1.534596595355558306e-03,-1.534596595355558306e-03,-1.534596595355558306e-03,-2.115402216246244776e-02,-2.115402216246244776e-02,-2.115402216246244776e-02,-6.210793385824264073e-02,-6.210793385824264073e-02,-6.210793385824264073e-02,-6.978079027600535278e-02,-6.978079027600535278e-02,-6.978079027600535278e-02
-1.214813652720479580e-02,-1.214813652720479580e-02,-1.214813652720479580e-02,-1.039709029581933376e-02,-1.039709029581933376e-02,-1.039709029581933376e-02,-1.136289009325845874e-02,-1.136289009325845874e-02,-1.136289009325845874e-02,-3.071434036691720812e-02,-3.071434036691720812e-02,-3.071434036691720812e-02,-2.591615408523265454e-02,-2.591615408523265454e-02,-2.591615408523265454e-02,-2.832354073416686047e-02,-2.832354073416686047e-02,-2.832354073416686047e-02,-1.568294001510697408e-03,-1.568294001510697408e-03,-1.568294001510697408e-03,-1.546160914274431969e-03,-1.546160914274431969e-03,-1.546160914274431969e-03,-1.446218232405300933e-03,-1.446218232405300933e-03,-1.446218232405300933e-03,-2.083675232261830365e-02,-2.083675232261830365e-02,-2.083675232261830365e-02,-2.054268650560139159e-02,-2.054268650560139159e-02,-2.054268650560139159e-02,-1.758164028195947221e-02,-1.758164028195947221e-02,-1.758164028195947221e-02
-1.982805980269668200e-02,-1.982805980269668200e-02,-1.982805980269668200e-02,-8.998463789608784902e-02,-8.998463789608784902e-02,-8.998463789608784902e-02,-3.310651190675225480e-02,-3.310651190675225480e-02,-3.310651190675225480e-02,-1.832069581742944258e-09,-1.832069581742944258e-09,-1.832069581742944258e-09,-1.946013049320008861e-09,-1.946013049320008861e-09,-1.946013049320008861e-09,-7.159633654625055018e-10,-7.159633654625055018e-10,-7.159633654625055018e-10,-1.134876459425716438e-01,-1.134876459425716438e-01,-1.134876459425716438e-01,-2.656221076583628604e-02,-2.656221076583628604e-02,-2.656221076583628604e-02,-4.435038807323059967e-02,-4.435038807323059967e-02,-4.435038807323059967e-02,-2.976858989847892078e-07,-2.976858989847892078e-07,-2.976858989847892078e-07,-6.967450531886716558e-08,-6.967450531886716558e-08,-6.967450531886716558e-08,-3.162001322416130660e-07,-3.162001322416130660e-07,-3.162001322416130660e-07
