-6.995710756381993134e-01,3.983989126011410198e-01,-1.652675073249534554e+00,-9.089394384116554759e-01,-7.398695712491660803e-01,5.112458064823363069e-01,-3.623982473548372774e+00,-1.387909796020530662e+00,-5.928928517989715097e+00,-5.257478838484829220e-01,-3.810528290287112263e+00,-2.664643664716275673e+00
-6.909183087042179316e+00,-9.446042481439112848e+00,-7.398450285060101272e+00,2.196433181458799844e+00,2.080127622046215041e+00,-2.935798690265173719e-02,-3.266758295589184069e+00,-1.239422589420900778e+00,-4.339802606725259970e+00,-1.223003649222437428e+00,-1.148280009400133750e+00,-1.148498054682786096e+00
-1.447003087338573302e+00,-7.604277236869390055e-01,-1.334746352793675817e+00,6.783974098227024685e-01,-8.895703428931717838e+00,-1.570931942968952733e+01,-1.166569197473570130e+00,-1.143048737905398848e+00,-1.179120278091066343e+00,1.225975569197449919e-02,-3.379878051022177310e+00,-3.894570818182415017e+00
5.895286785729558391e-05,4.464097562443617166e-05,3.728744888196236620e-05,4.829352220507347942e-06,5.637146310217683502e-06,3.687407061789757659e-05,1.791120321565883725e-03,4.377079247619358260e-04,2.142005697361133894e-03,8.713790091833958039e-05,1.139620175088482438e-04,1.473768337765865978e-04
-5.823122563678275604e-02,1.285736860686847560e+00,-1.565289991160777827e+00,-4.707044991171409620e-01,2.816464135087099141e+00,-2.862578041064132162e+00,7.056379240276959841e-01,-1.415798565719158963e+00,5.387052657159231428e-01,-5.683338525951879827e-01,1.025774043980446804e+00,-6.346284944331621602e-01
2.481155642274579520e+00,1.566552094406216789e+00,3.743521142356509568e+00,2.657312693696151640e-01,8.574550863907852427e-02,1.830241072270744618e-01,1.472689423426902344e+00,6.725511363224633277e-01,9.456433729792207421e-01,-2.858481015365562872e+00,-1.395247084956915185e+00,4.372500484288565303e+00
1.352857353107657541e-03,3.755994878379027846e-04,1.066336573883693581e-03,-1.377760812208553010e-01,-2.344431486873848891e-01,-1.191190002695529992e+00,-4.903142965694190281e+00,2.027732523460711533e+00,-4.657159945808208690e+00,1.197910586952472123e+01,7.927070660296652305e-01,1.807148147172429553e+00
-8.289151132827924373e-01,-1.372048158513907490e+00,-4.399467042875154221e-01,-6.057106676269602419e-01,-1.612248040998830678e+00,-5.052321487834462665e+00,-1.819167998542708942e+00,-7.689370436208932125e-01,-5.576266333501674888e-01,-2.983590338585206059e+00,-1.104100161661463048e-01,-7.161778639723589412e-01
-1.219570054677495241e+00,-4.331840347659449697e-01,-7.981127527404873190e-01,-7.764998012634391489e-02,-1.033206221236950134e-01,-3.988644564471240800e-02,-3.285063076496514411e-01,2.267490500016164479e+00,-1.360132773570757181e-01,-6.091368637968062050e-01,2.516624843032938541e-01,-7.475022854170965125e-01
1.207626405175349217e-06,1.846877596552529008e-06,2.548510296794513420e-06,6.854495898113682328e-07,2.168026825408521491e-06,3.653375747613383613e-07,9.841056666742774872e-06,4.305671519609681952e-05,5.822530261793516522e-05,9.935717777613391630e-06,2.965795994885335227e-05,8.821672239970296096e-06
-8.256685466898243675e+00,2.167266602782355611e-01,3.133864823076976780e+00,2.267985474447205968e-02,4.032896548158398237e-02,6.387635069636496410e-02,9.305906641706421789e-01,-2.103568180144450572e+00,6.710958446298176394e-01,3.153629036198395408e+00,4.643880397150140560e+00,3.930873985628617007e+00
-4.460429330109345614e-01,-4.735864076165762215e-01,-4.545541004832834853e-01,-4.205611040816563673e-01,-2.402469396805065605e-01,-8.138295646319404497e-01,-1.683557885698719225e+00,-1.766893333985100734e+00,-3.196451798991523763e+00,1.848173962359186007e+01,2.988448850089199027e+01,1.003498845598405964e+01
-1.639927783211341028e+00,-2.297745021601071969e+00,-1.261235894755404985e+00,-1.858321307807850209e+00,-3.534070481179852230e+00,-1.061015268432203840e+00,-2.209780633833676511e+00,-2.369052911653527271e+00,-8.359697534409682440e-01,-2.724752522249918388e-02,-2.149983973153738598e-02,-2.560825890251608797e-02
-6.970113701415518552e-03,-6.012374088894951313e-03,-4.323432161874285994e-03,-1.271995647317048991e-02,-1.647445144361690469e-02,-7.952373666928852849e-03,-1.582607900234102249e+00,-1.287834619638879241e+00,-1.414074552662368589e+00,-3.478402280686491710e-01,-4.971759948897251924e-01,-6.094700371088147550e-01
-5.328114137478874301e-01,5.116318943061314073e+00,-6.632326610211837448e+00,-6.093853238443999842e+00,-3.073628993821128308e+00,6.806900787901672523e+00,-2.035611147291110701e+00,1.971217338828554100e+00,-4.358184612423902093e-01,3.723366680917952642e+00,-8.538937634011062983e+00,2.544207544634034868e+00
-4.883408360857655929e-03,-2.673082647509896197e-03,-1.171366325524458157e-02,-1.255170178287828009e-01,-2.910999767300220809e-01,-6.165950635235976085e-01,9.038339746637854555e-01,-4.301561021412685371e-01,1.177214610941812234e+00,-3.896177963530838007e-01,6.938800758252157586e+00,8.199045940477891037e+00
-2.126692434946630517e+00,1.713217732698959717e+00,-4.385225943850396213e+00,-5.244099231813684980e+00,2.670082238954744724e+00,-1.165525464542099421e+01,7.075972825729892612e-01,-8.602574845013259974e-01,-1.846172240976756695e+00,-7.724465816571663979e+00,-1.114077790512703503e+00,-3.026524810206376426e+00
-8.669276139153437102e-03,-8.787381651609492417e-02,-1.094319591503555567e-01,-3.895646457854608613e+00,1.040580811286685226e+00,-4.677940789701601432e+00,-7.782901792640830152e+00,-8.723808117235343218e+00,-1.596615117439576181e+01,3.955167919623810313e+00,1.769413961748107411e+01,1.479748412218779841e+01
-1.613954347665888633e+00,-1.613907911969372444e+00,-1.616821132025654695e+00,2.414138011561830499e+00,2.754143031488282212e+00,-5.834799729874776825e-02,1.687697700795017519e-01,1.376790541944200585e-01,5.021284406316143034e+00,-3.606814225861522782e+00,-2.249973191887133517e+00,-2.168573626485720496e+00
1.110453903767037120e+00,4.208383429669412479e+00,3.322173068376176541e+00,7.558485144233355918e-06,1.033696314364751107e-05,2.968172333594112431e-06,4.069170605219049053e-01,2.718580496464514162e+00,6.470637745753716530e+00,6.963331802763005340e-01,1.165975820432663346e+00,3.071751111102095089e-01
3.945228217249270586e-02,3.134747077471911753e-02,2.845519883547178042e-03,2.047452400641234238e+00,8.554749732622485281e-01,-5.517009637386251164e+00,-9.036038549037048728e-01,-3.395920566015881992e+00,6.642529442517622895e-01,-1.545049521909075096e+01,5.073782290931353245e+00,-9.722740954933319912e+00
-1.063755932940677873e+01,3.340262978818237638e+00,-5.819959553060782831e+00,-8.992851687594704657e+00,6.123581630703252010e+00,-6.584333991531954311e-01,-3.852847275227227364e+00,-1.460563326397781747e+00,2.507145619588577734e+00,7.736871763787465106e+00,-7.109367113422162987e+00,-7.311021771343594544e+00
-8.420828913539312177e-01,-1.860448228868404108e+00,-2.540305151306252243e-02,4.517600836416555549e-02,-1.190559435747462480e+00,-3.223801369991197707e-01,-1.763753152018417147e-01,1.111969429664897042e-02,3.597207438364361659e-02,-3.657429279488788043e-01,-5.418575126707116801e-02,-1.526096252916213925e-01
7.018628363804574853e-03,2.662520846947848824e-02,2.245973221469035885e-02,4.425470423390462371e-03,1.642824502626080360e-02,4.687482238166615529e-03,1.121052667995259614e-02,1.237319346298821482e-01,2.753910335264449921e-02,7.761194347318001174e-02,1.730006831058584216e-01,2.686178843829118909e-02
5.457797714765584729e+00,7.389117780456958329e+00,3.398938386457364569e+00,-3.567832192423516791e+00,-1.181470892342477974e+01,1.857782643320061933e+00,2.066703724461732783e+00,-4.007597297552909055e+00,-2.350663165633961604e+00,1.090755429231169860e+00,-7.012863025496408831e+00,-4.405054186805744010e+00
-1.338764194638336451e-02,-2.867826659727296668e-01,-1.287559691153068453e-01,-7.673155374993191336e-01,-5.775783355847818878e-01,-1.119153955893377878e-01,3.461417484713147363e-02,-1.119057604727152100e+00,-4.219251773144447881e-01,-1.614019928885706764e-02,-1.555841373406676442e-01,-8.035779534480151642e-02
-7.008376880957040811e+00,-4.470877176145075182e+00,-7.008329371922502382e+00,-2.168560296130280118e+00,-3.987276496376823243e+00,-2.227738197680166454e+00,6.535340433432248908e+00,5.540664533921945356e+00,6.119152295654522788e+00,-6.710548728312785149e-01,-8.710887140365947134e-01,-2.329993982344672698e+00
2.436875569155792232e-01,6.576824580422924171e-01,5.400036053771672950e-01,1.090862312858477567e+00,1.457499057590615710e+00,7.303709350832494618e-01,2.660237740697763087e+00,5.536657390838160886e+00,2.603635314216373509e+00,7.004848054349520348e-02,3.029817042479959754e-01,6.980638235253339152e-02
-2.160714614532892153e+00,-1.357639549567271287e+00,4.877524228698955078e-01,3.604259215096163427e+00,4.291428843584893515e-01,4.522903923127647552e+00,-1.179398244389045836e+00,4.485363571975068964e-01,-7.749675561504655308e-01,-9.081432140611105375e-01,-4.263045430850672446e+00,-2.658509641275921820e-01
-8.283446241078754824e+00,2.332383392997256610e+00,1.593403696359722677e+00,-6.194846941023008036e+00,6.867789728306810559e+00,6.282456055918730797e+00,-1.372792724961775335e+01,-1.647068601786046749e+00,7.275641811923343916e+00,1.611162917916323423e+01,1.923642044469141865e+01,1.385036384774467599e+01
-5.509433606573337361e-01,-1.856932015390035384e-01,-1.250032222512225344e+00,-7.963198156372522929e-01,-5.552395452946237153e-01,-8.389952967351481661e-01,-1.607632500257653918e+00,-2.355127138269378584e+00,-1.832566496473340967e-01,-7.507937229937061696e-01,-4.451069138292831351e-01,3.496971209585236773e-01
-3.670592193106636092e+00,-2.607195105970204096e+00,-2.571465064856875760e+00,2.580720977236682923e-01,1.531198562922859052e+00,-3.950394844167554737e-02,-1.252755837285341345e+00,-2.884574365165945675e+00,-1.116479529452840680e+00,9.782362861275981647e-01,1.937275353820893775e+00,5.585674995108311336e+00
0.000000000000000000e+00,0.000000000000000000e+00,0.000000000000000000e+00,2.539997130989596896e-01,-3.097444461944611760e-01,2.726997182596573727e-02,-3.540797535455189049e+00,-4.784659004752498390e+00,6.711845687670547456e+00,2.838742210306063996e+00,-3.356021101027625519e+00,1.625557620613461429e-01
1.465710202052852118e+01,8.340813413873465976e+00,-2.167113201477407003e+01,5.323443597787174575e+00,-2.105420864725465524e+00,-7.139418739871654651e+00,-1.261996278550159190e+01,5.586607285192382477e+00,5.808260335275459596e+00,-8.769352722723797178e-02,2.174239254906457752e+00,-2.418393528585167207e+00
-2.059529904885793350e+00,-2.635182496066025504e+00,-2.948569607829286898e+00,-3.129696577271695368e+00,-5.937399821617715290e+00,-3.769254286917480101e+00,8.001431011330806697e+00,4.628296202564405881e+00,3.353506606903722709e+00,-1.903650079998239875e+00,-1.975102995651914828e+00,-1.671337939854233623e+00
1.154044560846758216e+00,-1.101942737441522213e-01,-2.010117226015139202e+00,6.957177315056377154e+00,3.248037943838764541e+00,3.767266682243681331e+00,7.996126156293774379e-02,5.087872059068443420e-02,-1.460546857029358714e+00,-1.162219342833929359e+00,-8.605347029141737991e+00,-4.962410854718929620e+00
1.575556515458967022e+00,5.484870616166070967e-01,6.456928276869386973e-01,3.600239666014223516e+00,3.033293197397507690e+00,1.316222130115481503e+00,-4.995842858866464398e-01,-4.671043027522183699e-01,-4.729737978200717619e-01,-1.118834980017199721e+00,-8.760688803594175456e-01,-7.122745611045953051e-01
-9.165805354757378121e-01,-2.466440108089812622e+00,-1.359500420384851527e+00,-6.846974005227300653e-02,-9.643961647253940228e-02,-1.147622657098597981e-01,8.704959078211349066e+00,5.479142204441270536e+00,-9.983379323419157292e-02,-3.795516099026795742e-04,-3.984599931945240615e-04,-2.478111862440789863e-04
-1.299527859998057810e-01,-1.736843774654082684e-01,-1.909508068870499897e-01,-2.420113186289960659e-06,-4.148499799279729219e-06,-1.980032154394700473e-06,-2.496533169593098678e-03,-1.906170060028072140e-03,-8.434591337360949686e-04,-9.423665614295899662e-01,-7.276823656400992490e-01,-7.362184664129696188e-01
2.057320518526708053e+00,5.175849459384125328e-01,3.300154439763842706e+00,-9.010845583258362268e-01,-6.315160912191726261e-01,-5.270557635780123151e-01,-1.097787853741700959e+00,1.259436367062248374e+00,3.577294682187192043e-01,1.720030223278639880e+01,1.694914677544713300e+01,1.887049982043537355e+00
6.077041892590139271e-01,2.305710138302727863e+00,1.305105216330786133e+00,1.647811022476796783e+00,2.782206126803286605e-01,-3.090539206039591313e+00,-3.365061722274678147e-01,1.061715131550173385e+00,-1.363260444845708630e+00,1.268252056188891919e+00,8.535684188711506470e-01,-3.106453624527185653e+00
1.903117385757883387e-04,1.617633259154497606e-03,2.269813630300333493e-03,-5.486301207576080863e+00,3.745996791009645221e+00,-3.582149394690814503e+00,1.705688548309903751e+01,8.137094121164317073e+00,3.401604134659215184e+00,4.541429690433735900e+00,-9.058383593680350288e+00,-4.901672600886668008e+00
2.082244588859365475e-01,6.129756188786141813e-01,-1.147913825289934353e+00,-2.376243367262751219e-02,2.643215338025884514e-02,-1.248665695121659210e-02,-6.851047731095208704e+00,-6.564499520082044626e+00,8.687124895622318377e+00,2.667847531222572677e+00,4.397461987735093558e+00,-1.488663556347785466e+01
-4.635387873272540094e-01,-4.425516340791402770e-01,-4.462103720095825787e-01,1.391018862270999856e-02,3.068085133568991887e-02,1.422165750184584132e-02,3.606014347712934720e-01,3.174249009329360938e+00,1.586094197994786237e+00,-1.787957685500982885e+00,-1.837211138724924364e+00,-1.762006004738742693e+00
1.911081643305937994e-01,-3.278149533856296927e+00,-3.336120279516781029e-01,-1.070978623053085332e+00,-1.251180853060173126e+00,9.688877232888388757e-01,2.244269194235120501e+00,7.837208715800666470e-01,9.924744573236386758e-02,-1.970018961132479429e+00,-1.553538798534784271e-01,-5.452297721126621255e+00
4.759324084640969010e-01,4.751433426463629317e-01,4.715503090325714151e-03,6.156373144213814763e-01,6.401301181408734386e+00,2.973669821258937418e+00,7.533026468481022125e-08,3.141022053770765737e-08,1.095995799961705619e-06,6.139864832491213065e+00,3.752761204388361360e+00,1.208274985483825681e+01
1.960490525915147895e-06,4.271053844894508648e-06,2.543774156808551349e-06,3.176174519742390734e-01,3.840857252669525601e-01,9.605904193086932663e-01,-7.350192999761452128e+00,-1.765241940186579983e+00,-8.084315818855111857e+00,-8.847079541715948681e-01,-1.601173425600666833e-01,-5.837607280898837042e-02
-2.298756530085911631e+00,-4.352831341860552428e-01,-4.754267454838712936e+00,-1.736099267547504654e+00,-9.196097682342154300e+00,-5.567451755349511089e+00,-2.294960354488518206e+00,-2.230773748615897389e+00,-3.431544775465114050e+00,-1.522932632998880820e+00,-9.647205900570482440e-01,-3.226967018176550572e-02
1.296965910332967598e+00,2.713536669153970848e+00,-4.422721741359882941e+00,-2.278523405231656918e-02,1.983557947604329408e-02,1.701911598001785639e-03,1.330980297585611982e+00,1.243021881069694246e+00,-2.669611573470658694e+00,4.973708852613051845e-01,8.911035201111447535e+00,1.129804729206375136e+01
1.455461111401431806e-01,7.401679561788950812e-01,1.435121495022741778e+00,-4.708569354200111134e-01,-7.908908801547674949e-01,-6.577132987532354758e-01,-8.115838158493743348e-01,4.004370335883283283e-01,7.568638509067088238e-01,8.282094280584787471e-01,1.414834649689020729e+00,9.891732784316538130e-01
-1.743209854979231865e+00,-2.160521120195685985e+00,-1.830974157727425888e+00,3.259206656299754812e+00,3.123546109517338021e+00,2.858789189797996233e+00,-1.882023321268821991e-02,-1.225538213957733623e-02,-8.859843758453530074e-03,-1.299379057328311875e-02,-9.510140567366143910e-03,-1.023261067818650658e-02
-1.098160218450340009e-01,-5.026646921823177405e-02,-1.393120422746951803e-01,-8.476841794464306190e+00,-6.957159569719379100e+00,-3.399485797684777211e+00,-7.691119225991639718e-02,-2.386226991755522470e-02,-3.619623619790543478e-02,-1.962031123346340000e-01,-5.875264333671454953e-01,-4.024007826363485973e-01
-1.969570818382573973e+00,-1.970712872623213041e+00,-1.967358260594498365e+00,-8.141678623218091826e-02,-6.353097963584673769e-02,-7.347898297880342544e-02,-2.504829372604460591e+00,-3.515266342239088626e+00,-5.021179221884660038e+00,1.995606867029465992e+00,1.453563622835617153e+01,1.030717470634507360e-01
-1.432465989570345766e+00,1.220143367185140826e-01,8.201958173418034959e-02,-3.977004698469608357e-01,6.277545211899458744e-02,-2.099012160618919376e-01,-8.267104131430759173e-01,-2.616460253625016996e-01,-5.054846216648758300e-02,8.669115745564036635e-01,-1.130723688129526394e+00,-1.768606568161897652e+00
2.280528436916627877e-01,1.640542661697401428e-01,1.332383371795734517e-01,4.239245112415835237e+00,2.523472941491308408e+00,2.450421192413130722e+00,2.074753584887397417e-01,-6.250728675841973336e-01,-5.801602261016415296e-01,-9.293905946583600475e-01,-5.413973799218693150e-01,-8.401710101871288083e-01
-9.113025506863490222e-01,-1.424167986433958921e+00,-1.028513336748485996e+00,-4.553135344762343170e-06,-9.569105965183028503e-06,-4.587298481934832145e-06,-1.115613110797839092e+00,-9.843597822173649758e-01,-1.419152114193950931e+00,-1.324965660931524296e-04,-1.954418774017759096e-04,-1.221423533899516575e-04
2.781506735777876216e+00,2.500991314609643190e+00,2.927209501269276704e+00,-1.390778129177275613e+00,-3.729208877950413559e+00,-1.156017399562855541e+00,-9.583354014475484739e-01,-4.757025424183117246e-01,-1.278248770604867968e+00,-1.158931962616825073e+00,-1.207534761969779824e+00,-8.056646570549593767e-01
-2.941483341314820699e+00,-6.281203192274344538e+00,-2.871502527667137095e+00,-7.683213795914108912e-01,-7.329055843955301075e-01,-4.890696338951633360e-01,2.089102133882766221e+00,3.074381157663440556e-01,9.831642079309258486e-01,-1.357969391359855615e+00,-9.908458749661387399e-01,-1.207604577778644828e+00
-5.239926430555295944e+00,-4.504209349391709694e+00,-3.231142071818442485e+00,-7.234403900896733131e-01,-4.889090577487862355e-01,-7.372183883826619599e-01,-3.211241632193870454e-08,-4.379383884036459724e-08,-6.486410180749198031e-08,-1.199235326529176082e-01,-9.180631113257496645e-02,-5.856839431314036365e-02
5.743759423875971493e-01,3.250633096742640560e-01,5.507908131643382887e+00,2.250985062834738593e-01,8.750622472591268464e-01,4.031333210998074845e-01,2.221314428752501069e+00,2.576759651005732898e+00,2.048076730327192507e+00,2.790036335437772741e-01,3.183597087369255396e-02,2.799443698566363437e-01
-2.441615064322192108e+00,-2.028202728885163619e+00,-1.872957854741778005e+00,-1.401550695176176253e+00,-3.157443887208552624e+00,-1.269723475321056894e+00,-2.307034847624830132e+00,-1.171304107565838803e+00,-1.086491721900757712e+00,-4.735581846316190557e-02,-3.329339044040793144e-02,-1.450426387860385448e-02
-1.424821611181311898e+00,-4.568669338409688585e+00,-2.447938880702359210e+00,2.355044390875256632e-01,9.950775927345894001e-01,4.888779277486426933e-01,5.004941568175475197e+00,4.160529556328411149e-01,1.103624658756846122e+00,5.377214401033787450e-01,3.061495975519760715e-01,2.561647905757247656e+00
2.593590184532772527e-02,3.596014798115861055e-02,1.540326312357931382e-02,1.318692087383453032e-02,2.601265516177017970e-03,2.777161025706666175e-03,3.771778209333821047e-02,5.801910329072169914e-02,1.296262738099306366e-01,5.207828881985976377e-01,1.015884259596780526e+00,6.120218897193225871e-01
2.892657429817918624e-01,9.242429646787789776e-01,9.182521218093436799e-01,-1.490501935567421388e+00,-1.259515129029501246e+00,-9.624971071592447469e-01,1.786907024566736446e+00,2.314019136799428278e+00,2.613700337810623275e-01,2.426679651430676266e-01,1.331806514855188306e-01,3.950707388140912296e-02
-8.437621745352387181e-01,-7.590178244174559108e-01,-7.343906441746143043e-01,-6.100921262615838225e-01,-6.772265679972478969e-01,-6.932152573587129218e-01,-9.764414932418676862e-01,3.300717976510358032e+00,1.549213859754372358e+01,-1.408578128929180551e+00,-1.392990852213650488e+00,-1.033752336101725344e+00
-4.692857358177958682e-01,-5.413061621648951327e-01,-1.761881626750061713e-01,-9.473388376715117687e+00,-4.368454170804529468e+00,-8.648346031813050061e+00,-4.333536868997462932e+00,-8.078066639255862214e+00,-2.848466993091868460e+00,-4.700598831202384531e+00,-6.344288585470421182e+00,-9.958625150458324526e+00
-2.908411822010759096e+00,-3.206911347262760614e+00,-4.075344537875553286e+00,-3.060193687745856650e+00,-3.025875208803634031e+00,7.674405604234499911e-01,-1.656989542240356328e-01,-9.414952241312225800e-02,-8.572771162993747529e-02,-1.311426839547099044e-01,-1.338619179926875402e-01,-1.865009523489357945e-01
-3.984621236544827819e-03,-5.114554825187900104e-03,-2.354523128354752033e-03,-5.314423715810556725e-01,-4.338107822134749658e-01,-2.492149445172898159e-01,-7.483345347804224446e-01,-7.412584698224926605e-01,-3.284419393745381943e-01,2.602067053580687510e-184,3.576885166598685607e-184,9.306071745969018911e-185
-4.778425896090725544e+00,2.142616589905515845e+00,1.419514257109085742e+00,8.823056973151171434e+00,7.881404444939009046e+00,8.092544475843245877e+00,-1.509936172798267862e+01,1.398219775969755929e+01,-1.464382183736913756e+00,1.478986196004482423e+01,6.916115531667438532e+00,-1.228720844921517497e+01
5.459740828245848650e-05,1.472048165145220739e-04,2.882066573034856256e-05,6.801791985346429840e-04,1.683794488375804058e-04,1.226070487804921134e-03,-1.100219055597968065e+00,-1.178832244139543795e+00,-1.474302280852144431e+00,7.594122546418663466e-02,3.577863502132992701e-02,2.581637577221158539e-02
-2.777117830736213211e+00,6.747165143008310162e-01,8.432982772901786994e-01,1.583291611144539202e+00,5.864627512463762571e+00,-1.763600328313065901e+01,6.362742231217241584e-02,5.874776276329373381e+00,-1.629287732519839693e+01,-1.822542071707023537e+00,2.876558970875039201e+00,-6.356843625432709644e+00
1.946269126651511139e-01,1.038064193110642963e-01,2.319169502241544001e-01,1.807151711557906326e+00,4.666098431022153825e+00,8.230796556906627259e+00,4.832476390221512319e-01,1.590394967503580448e+00,1.654913849761306954e+00,2.459765425259158977e+00,3.847655888948021463e+00,-4.408469125592984206e-01
-2.367648803633434440e+00,-2.927290399930004838e+00,-1.015919134913380262e+00,-1.276785952016191716e+00,-1.181885660853982944e+00,-8.905896337202778845e-01,9.277843472685924908e-01,8.846213211478370919e-02,3.397661721022551262e-01,-7.338693459801257646e-01,-2.173800175071083807e+00,-1.398448638623391416e+00
-1.208054369508452686e+00,-1.367712419013884073e+00,-1.883802350266822856e+00,5.802925327060545063e-02,3.021251032563696537e+00,1.201509709331809450e+00,-1.503774006270240660e-02,-2.330419139459534786e-02,-8.547292534543612236e-03,-4.555697249647364111e-01,4.056945422604664842e+00,3.948516308956596665e-01
9.646946198426668007e-01,4.027783152189839733e+00,8.327474282207091294e-01,1.935509938737698832e+00,-3.947666702476209100e+00,9.696256933691350943e-02,8.445768851763018503e+00,4.898776457499981696e+00,3.157927477095326285e+00,1.595329399931764058e+01,3.045727047357596806e+00,7.422295805673158497e+00
-1.112155115443361453e+01,-5.386215561641003013e+00,-4.470838753788260789e+00,-1.409873271118991633e+00,-1.104851128912101688e+00,-1.193431690652694499e+00,-1.537074414081285312e+00,-2.225149365626649889e+00,-3.299108554586013042e+00,-2.272771608857835357e+00,-1.396127764378992220e+00,-1.532907712013768187e+00
2.119515792705751167e+01,6.298535179262459316e+00,1.434120527106433052e+01,7.356896714631318002e-01,-3.853528044420587495e+00,-1.705113952836168290e+00,-5.167954394052390654e+00,-1.484335925122880262e+00,4.192085314238687133e-01,-2.175843823064708360e+00,-5.616946747668558615e+00,-1.062781720931509577e+00
8.076361502271242054e-01,6.312839160549219564e-01,-2.980600380741313948e+00,1.487840595074776928e+01,-8.643227788763246267e+00,-1.773664506835087806e+01,-5.885406047703194421e-01,3.903034585320122485e+00,-6.246091980771487862e+00,6.831345957242509037e+00,-4.560336425849102149e+00,-7.698897865935444784e+00
2.189207053370720302e-01,7.139256995244139814e-01,1.600139779734365053e+00,5.079757674427728964e-02,6.025029599675921915e-02,1.189582884290391572e-02,9.390049079269857473e-05,2.324802139918502781e-04,1.147061449335527581e-04,9.192004910620617903e-04,2.486119445176587285e-04,1.187049142814151047e-03
2.946723352904325743e+00,3.265124291165804493e+00,2.859296808318252392e+00,3.998646955661524505e+00,2.975938063803162947e+00,3.309215325650921802e+00,9.856078482913575023e-01,1.382571524183679124e+00,6.400784321283622402e-01,2.888872903024208849e+00,2.639938627504499813e+00,1.402243677656791254e+00
-1.042897699598434706e-08,-9.033348692788636974e-09,-7.202276343665820769e-09,-2.192711434484050591e-04,-2.191093512305060159e-04,-1.758979131304296679e-04,-2.035529626011518475e-02,-2.734536159035712635e-02,-1.758172489855418935e-02,-7.708325263861086629e-01,-1.155689023680563920e+00,-1.053521082450277868e+00
3.265582474254329348e-01,-5.623721972397809354e-01,-2.863035835695683651e-01,1.365816596413735651e+00,5.637784925206009712e-01,2.142833370660622183e+00,4.106691903820677836e-01,5.420495569942070935e-01,1.326275031739624632e-01,2.998478965901698157e+00,9.884795813589459357e+00,-8.529836991943916757e+00
-4.007266460845178457e+00,-3.094350774849621288e+00,-2.674539474749051848e+00,-1.809081005989325031e-01,1.503265888752455925e+00,8.071941352857495033e+00,5.022037239874012293e+00,-5.273888993503004219e-01,8.828017617344919188e+00,-5.854986001441087051e-01,-8.276101758647198547e-01,-3.748203898643557852e-01
2.965153680630995370e-21,4.396372238837337794e-21,3.351833636916769177e-21,-4.852611775853986065e-01,-7.753031849638564177e-01,-7.740212886474041376e+00,-7.219109731235970884e-01,-7.319815929714137415e-01,-1.206867279022181272e+00,-4.768454354447207777e+00,1.262653018941266136e+00,8.093255037724121637e-02
5.437526935014068030e+00,3.540971773216242013e+00,4.370332590066915657e+00,-4.188809990548674200e+00,-8.762952921913210735e-01,-3.258309646294440753e+00,4.062916456912173402e+00,9.633065265762756013e+00,1.018746433116397343e+00,-7.331569868034385484e-01,-1.386458586705792362e+00,-1.845172701855254394e+00
1.806859977874941903e+00,1.836775803273036356e+00,1.186692136034609435e+00,1.941353064657858507e+00,1.694145162671501392e+00,1.959144011219247528e+00,1.310971146179775067e-03,6.194976248072734054e-04,6.773490084206034573e-04,4.779746984840581026e-01,-6.067058306401481582e-01,-2.597326803078871649e+00
1.150565225332435271e-02,2.064698706896292771e-02,3.362443834383200408e-02,5.246643437790102782e-01,5.921535439681036905e+00,1.219348050623019208e+00,1.375345752837542901e-01,-8.087447836523433201e-03,2.781544873630749648e-01,3.038551997281420114e-01,4.874549269857239686e+00,2.935468384079869875e+00
5.890994412759029686e-01,8.689266732393455817e-01,1.419684840271915049e-01,3.282012391023115816e-01,2.566583916154174361e+00,7.075964520112237865e-01,2.171455605224455743e-01,9.688140100147568656e-01,9.782615697778497543e-02,1.374448786667395561e+00,2.028267549078444532e+00,1.021815859235078117e+00
8.197128229422538936e-01,8.041048720185914878e-01,1.243589929467462607e+00,-1.501745909736320606e+00,-1.267182394468819195e+00,-1.136371907013194127e+00,-1.059941002210704530e+00,-9.353640611851002928e-01,-1.016557500011988191e+00,-1.863976309328949869e-03,-1.332864506761607080e-03,-1.971430163354976391e-03
-1.076618234499820081e+00,-1.191381140607259193e+00,-1.074089131703682920e+00,-1.469806967250450347e+00,-1.957424582012395886e+00,-1.352150277749433416e+00,-5.671078030432289419e-01,-3.631511106393149335e-01,-6.104814610661489782e-01,-3.258569263411255523e+00,-2.643037818992846955e+00,-2.514068090284126367e+00
1.019079693950537013e+01,-1.543172599442659987e+01,-2.144102605886336121e+01,-2.249299311896413744e+00,-3.320244524077174963e-01,-1.393028632767602693e+00,1.389694488340101941e+01,1.360709899164942271e+01,1.380431152534009520e+01,8.028689156080320855e-01,-2.876160663326769562e+00,2.099122977220851949e-01
-4.212022595666139679e+00,-2.255253767717450675e+00,-4.052464690762143995e+00,-1.470462947226777572e+01,-1.186496042468660761e+01,-9.431341853471170822e+00,-1.092754118668787938e-01,-6.752813012236219548e-02,-1.306468110508215985e-01,-1.109252905729345672e-02,-1.247889365528109112e-02,-1.011361014538492663e-02
-3.114982502730415659e-01,-1.861037332210522810e-01,-1.398394955156549158e-01,-4.893978301658246099e-01,-4.099573170349462004e-01,-4.346491894061980110e-01,-1.336980708029531950e+00,-1.085800604808857539e+00,-1.167028463102042002e+00,-1.703420167438424393e+00,-1.258159021299911418e+00,-9.236267961840322060e-01
-9.833869622708853342e+00,-6.318632297939724474e+00,2.833188311632245937e-01,7.501541558330084014e-02,4.844405621959502195e-01,3.157026192688954791e-01,-2.913084546310949818e+00,-2.985788902677776746e-01,-1.877025051455846638e+00,1.496935885185042947e+00,3.542157081297942489e-01,2.306853205110740213e+00
-3.622458019277298824e+00,-1.203619157508004456e+01,-1.264794588851177437e+01,-5.459410875995816426e+00,-8.955950470140595643e-01,2.157938832531564599e-01,6.039382998430438576e+00,5.146967359049679835e+00,2.498878337846880626e+00,-3.599695638159669198e+00,-1.919758764781238414e+00,-1.087080364085172768e+01
-3.587106359814772050e-02,-6.424490458588208441e-02,-4.235331424301707476e-02,-1.009447285183858333e-05,-8.970467059611285005e-06,-9.736277441149657246e-06,-3.030433800533245847e+00,-2.917797029132615183e+00,-3.996174383437578914e+00,-2.774473614676909339e+00,-1.706043013096608219e+00,-1.438339158646986693e+00
9.867045502402189971e-02,-7.404635569762481495e+00,-2.907862457405290701e+00,-9.029871759924348873e-02,-2.616952642507435201e-01,-1.001692572045218416e-01,-6.238707816477651491e+00,-2.279049271526119025e+00,1.833062229975343405e+00,-1.797110607222586864e+01,3.031916052690355468e-01,-1.507674882983358333e-01
-1.336768006851811984e-03,-6.009323427330845631e-03,-8.617626340388250331e-03,-1.192526914971297147e+00,-1.203315303951480253e+01,-1.577538278209969613e+00,-1.331544973099236806e+01,-4.173972538041772484e-01,-1.279095066874846154e+01,6.545517123297658557e+00,3.610980899177770453e+01,1.297133506506823508e+01
-2.211060428189579319e-01,7.034415904510897821e-01,6.015157317829620265e-01,1.894694395269378662e+00,-8.336720719639664212e-01,3.191865081718194830e+00,1.273286668592357729e-01,2.481895736327534296e-01,7.543279423269648454e-02,5.955527174134427337e-01,4.704056144501540082e+00,1.285852622129219691e+00
2.994232631616426588e+01,1.187861809141184821e+01,9.376187342956445292e+00,-2.401404652142894225e+00,-1.856013350276904061e+00,5.296421430100123340e-01,3.808711768659291863e+01,1.807846656125004259e+01,1.303858433638524694e+01,5.185494729687704085e-01,-1.378221593336488748e+00,-7.610575342080635464e-01
