-1.506486436652367268e-31,-1.380672914822139979e-31,-4.496540731436582818e-32,-1.421696816116963935e-32,-1.200202237698581365e-32,-1.650013658195232022e-32,-4.369781862921866628e-34,-6.306048581422296328e-34,-5.630588432127354406e-34,-4.025679633854825308e-29,-2.335736845663599850e-29,-5.492651631643528002e-29,-2.014134634819750861e-30,-1.700340655147110732e-30,-2.337593795823230213e-30,-6.190721465324020435e-32,-8.933853345320899601e-32,-7.976920991170126459e-32,-2.296014479489861315e-14,-1.332169001433012745e-14,-3.132690334071909058e-14,-1.217256619052642621e-14,-1.115597992404476863e-14,-3.633251408717480357e-15,-3.530828932172655976e-17,-5.095352463219809672e-17,-4.549573677807956006e-17,-9.745806312720188807e-04,-5.654607660253364214e-04,-1.329721284701085695e-03,-5.166843392381151399e-04,-4.735336843019023008e-04,-1.542192561548895175e-04,-4.876037793374706294e-05,-4.116370947988188628e-05,-5.659103168648087320e-05
3.669552603703845998e-03,3.540234744604053505e-03,1.194739274491775230e-03,5.560093656585213609e-03,1.137813936457710961e-03,7.900752917652536025e-03,5.759815015745712620e-03,5.302966529882937111e-03,5.304299624168309218e-03,1.037748811035643821e-02,1.761754884356870124e-02,1.177383046825066990e-02,8.073687823994998500e-03,1.652194206094062664e-03,1.147250686255893090e-02,8.363698749213152595e-03,7.700319265784424591e-03,7.702255022223941303e-03,5.038479245665002804e-05,8.553674382842681970e-05,5.716431551201431186e-05,2.587081993498748479e-05,2.495911232142936835e-05,8.423066236586052569e-06,4.060743998622362198e-05,3.738659913946806363e-05,3.739599762640579187e-05,1.103368444695994671e-06,1.873155359001076657e-06,1.251832126784470554e-06,5.665409136940835389e-07,5.465755756914587271e-07,1.844553691677788120e-07,8.584208705025801296e-07,1.756666865938837107e-07,1.219794416441975251e-06
1.663058445854532255e-13,5.086700262716955454e-12,8.588405404751142801e-12,4.115188337798137427e-12,4.041068642223449176e-12,4.154740382765877280e-12,5.884789335656950750e-13,7.776241524633646700e-12,8.866848577909932450e-12,1.647538694024231138e-03,9.354205619546138769e-04,1.531105654989483060e-03,1.682187342444579990e-03,1.651889041738299584e-03,1.698355241444830842e-03,2.405556519119525245e-04,3.178735452854091707e-03,3.624548676941853273e-03,3.392582239102955614e-13,1.926201306281583576e-13,3.152825405647814614e-13,1.399867457748921736e-14,4.281693275933854980e-13,7.229228335320756259e-13,4.953478999627795271e-14,6.545595244150954778e-13,7.463605869020153613e-13,1.300791120662516444e-10,7.385482146726486059e-11,1.208863044024624211e-10,5.367401674618469493e-12,1.641695971446173373e-10,2.771846152891955781e-10,1.328147476159124140e-10,1.304225876822584927e-10,1.340912614565630856e-10
2.696792447165156793e-07,3.131681682429766050e-07,1.994859368664685965e-06,6.392633025237703753e-07,1.632583244807458867e-07,7.626722398110729130e-07,1.159073928273806706e-06,1.509929259827236180e-06,1.946989932481878801e-06,4.021808522596856761e-07,3.055328002968096119e-07,2.558745145052728784e-07,3.726196762169905711e-07,9.516151446137782661e-08,4.445534131806694672e-07,6.756116770035954907e-07,8.801214611978517308e-07,1.134879407866779060e-06,1.609121800303494134e-05,1.222433855075530974e-05,1.023751521533535268e-05,6.289281908481079231e-06,7.303501969212126148e-06,4.652279766837555825e-05,2.703115953675803713e-05,3.521357673224040504e-05,4.540641817365324205e-05,1.714707634811613232e-06,1.302646365212913567e-06,1.090927081960153021e-06,6.701966068647542820e-07,7.782736263412549280e-07,4.957548666590288477e-06,1.588672857249179979e-06,4.057233815840635138e-07,1.895364056691233885e-06
1.620407867750480341e-22,3.467460807646499589e-23,2.547174416317836425e-22,3.943234926531211099e-23,1.985848620180122596e-22,5.195582199674269669e-23,5.112676940675582801e-23,6.850663456416736631e-24,5.296809306637968351e-23,8.417344396731581529e-39,3.863006562987079661e-39,1.352435164143294968e-38,1.257243418912496921e-39,6.331591079901032422e-39,1.656536232221285442e-39,1.630103089582982341e-39,2.184234950804953675e-40,1.688811031064582311e-39,1.748348691018529255e-36,8.023768720235506841e-37,2.809114297183201739e-36,1.073109447308829094e-36,2.296313801551805484e-37,1.686857355172337941e-36,3.385852435839817778e-37,4.536827931858809613e-38,3.507793451680397799e-37,1.521701573148795122e-42,6.983607759074340256e-43,2.444954869207579122e-42,9.339969438129642403e-43,1.998631246853314341e-43,1.468181664349811975e-42,2.272865642913438709e-43,1.144635606279983676e-42,2.994713857173178229e-43
-2.266663770082565088e-02,-6.696796018718514237e-03,-1.532816670161039549e-02,-6.556674241889846877e-02,-2.818400733688931556e-02,-4.094297025670817075e-02,-1.008128441902261113e-01,-8.116771357949718879e-02,-3.730912824133764995e-03,-2.029698856624643534e-03,-8.445691823385229535e-04,-3.665453296271163793e-03,-9.364653655168633448e-03,-4.025416813274925246e-03,-5.847731973907394076e-03,-1.439872311792377534e-02,-1.159288226945420427e-02,-5.328723850945706964e-04,-1.002512176779077335e-02,-4.171509909774257126e-03,-1.810446683227556058e-02,-1.599017678596419134e-02,-4.724253930036989568e-03,-1.081325331963777989e-02,-7.111840856921003429e-02,-5.725975358936405413e-02,-2.631971994185389706e-03,-2.159496102640213935e-03,-8.985785510581088950e-04,-3.899855430214265936e-03,-3.444419454410995157e-03,-1.017644292618482453e-03,-2.329266311322322498e-03,-9.963514047863488918e-03,-4.282838260167173144e-03,-6.221688683383306932e-03
-4.808926235130875452e-05,-5.605845560987019567e-05,-1.349322725046624323e-04,-8.143363875696496904e-05,-2.313559590013441480e-06,-7.862559581382480491e-05,-5.480375683248680130e-05,-1.329877483585105713e-06,-6.179168209984833604e-06,-1.683074524561681360e-07,-4.498567444181990793e-08,-1.321509238799541419e-07,-1.107847278794221273e-06,-3.147434813485412986e-08,-1.069645833043043909e-06,-7.455664980877192884e-07,-1.809204615940677217e-08,-8.406322977994105564e-08,-3.258654992468693209e-04,-8.709821845089392857e-05,-2.558616755089391181e-04,-1.266657518879394338e-03,-1.476563807036154015e-03,-3.554077753552038581e-03,-1.443515397420485659e-03,-3.502859539548832789e-05,-1.627575365248831697e-04,-4.275546180338352098e-02,-1.142779631696688551e-02,-3.357055017930761498e-02,-1.661928841549089042e-01,-1.937338183940912895e-01,-4.663158143143294465e-01,-2.814285482979686503e-01,-7.995488433981319878e-03,-2.717241624801519650e-01
-1.883133622855822434e-21,-4.415232894407467410e-21,-1.306926571947424105e-20,-4.394639451453875522e-18,-1.940778280057432755e-18,-1.447052201574259740e-18,-2.700135353051002889e-19,-1.634576699431837352e-20,-6.982788813666661770e-20,-2.741882623927746000e-05,-4.432793879141888848e-05,-1.530925075924049203e-05,-1.434932918901911684e-03,-6.337008241763546126e-04,-4.724899192177069791e-04,-8.816452740626833475e-05,-5.337202153657507620e-06,-2.280012648399517484e-05,-6.541709176915876792e-32,-1.057596271463266508e-31,-3.652551181784978428e-32,-1.467005898277021203e-33,-3.439571477960057024e-33,-1.018126895718769721e-32,-2.103469685313670780e-31,-1.273374140925890171e-32,-5.439758629839986690e-32,-3.529113818183391110e-19,-5.705508323193138491e-19,-1.970474152648991508e-19,-7.914186716271671080e-21,-1.855576104534384308e-20,-5.492579384336489586e-20,-1.846921362741900962e-17,-8.156448112251189433e-18,-6.081480980666178996e-18
-1.563903163292371763e-03,-2.384876430210974233e-03,-3.561868826875688515e-04,-1.359089842099500914e-05,-3.883761114963035191e-04,-4.138120276985994648e-05,-2.563333349752028225e-04,-7.634172290853556784e-04,-1.748243550250335062e-04,-3.197713311286062513e-07,-3.717138204183120365e-08,-1.683141471834435514e-07,-4.272399791303938097e-09,-1.220889132053981089e-07,-1.300848822508615445e-08,-8.058028637463112126e-08,-2.399858721027301953e-07,-5.495733356155244082e-08,-1.166397545794740503e-01,-1.355862910986018258e-02,-6.139424929195621411e-02,-1.793249213833736644e-01,-2.734618027476240498e-01,-4.084216096939764784e-02,-2.939245614517163943e-02,-8.753721956814723704e-02,-2.004623077477731691e-02,-1.165027301951646471e-01,-1.354270089728329234e-02,-6.132212543298807411e-02,-1.791142566144663661e-01,-2.731405491982769052e-01,-4.079418099909614542e-02,-1.556569309748334672e-03,-4.448082216998017896e-02,-4.739400460276637500e-03
1.211418737642714620e-08,3.853894307544039741e-08,6.408662166060069284e-09,2.277953503376247867e-08,1.014793323306941083e-07,1.374191513267404048e-07,2.460526533993157282e-08,7.393513810575525733e-08,2.181878071256973363e-08,7.674987029913107560e-09,1.177334467037752701e-08,1.627164170388238378e-08,1.686611445000132468e-08,7.513595123264941726e-08,1.017460246867926284e-07,1.821789692725752352e-08,5.474205243083736430e-08,1.615476576287697074e-08,1.915185924578627711e-07,2.937873889563448124e-07,4.060361149745806908e-07,2.238194198662434810e-07,7.120381758489241726e-07,1.184052222039636726e-07,4.546021984730683644e-07,1.366011537081019923e-06,4.031196389432460794e-07,8.739486174350797967e-08,1.340627450855717439e-07,1.852847270631543499e-07,1.021345604293023437e-07,3.249213412431884211e-07,5.403134960122202518e-08,1.920539715263513104e-07,8.555709663549355389e-07,1.158579125384458505e-06
-2.997171291853330754e-04,-5.613367308610287681e-04,-9.103887387585811496e-04,-1.814943078505236722e-04,-2.638391867047075543e-03,-3.916191633598327740e-04,-9.799999528896491917e-04,-1.564237961583452626e-03,-1.284710992530922356e-03,-5.902228645290278491e-03,-2.726428369071700643e-03,-1.633096893611998097e-03,-1.393842547343662427e-04,-2.026235910320911895e-03,-3.007562378736541560e-04,-7.526217471554908812e-04,-1.201305677763075432e-03,-9.866341614991520643e-04,-6.564458425680048947e-03,-3.032333505691495960e-03,-1.816330289369186713e-03,-2.560030533104069601e-04,-4.794651457736495985e-04,-7.776075309912993620e-04,-8.370658722967717165e-04,-1.336092119118719975e-03,-1.097334468681591523e-03,-3.188730877122240570e-01,-1.472976878260769396e-01,-8.822949436478297325e-02,-1.243552457480752785e-02,-2.329034957173892542e-02,-3.777282120722507547e-02,-7.530356812096808405e-03,-1.094691751179426020e-01,-1.624861996764743327e-02
-5.875962918577935269e-03,-1.234716909427940358e-03,-1.599860458189659301e-02,-1.257145939225979073e-02,-1.385685496883783639e-02,-3.590687288035419866e-02,-1.725619841629771542e-02,-2.713352477205820817e-02,-9.939426046220091460e-03,-3.188160706538417024e-07,-8.932035642885275746e-08,-2.478999467471254697e-07,-7.624824497483346289e-07,-8.404440878957991515e-07,-2.177818783193245255e-06,-1.046620605552213133e-06,-1.645698863828339120e-06,-6.028447202780955141e-07,-2.708338683144445168e-05,-7.587753528622085977e-06,-2.105907064056582807e-05,-3.027512670085491026e-05,-6.361716605533933570e-06,-8.243070752240537729e-05,-8.891029447730777367e-05,-1.398019204167569426e-04,-5.121158643320996385e-05,-2.247598627409562455e-01,-6.296931961350088480e-02,-1.747652114590882988e-01,-2.512475032793485830e-01,-5.279467298368197004e-02,-6.840767228884874207e-01,-5.375370519947737513e-01,-5.924986699996251938e-01,-1.535324896832615860e+00
-2.106844968811711835e-02,-5.984878351041064692e-02,-2.617123644315241630e-03,-5.783572887302223381e-02,-6.402353568467780698e-02,-4.462496318166117408e-03,-7.318072931783312085e-02,-4.969513269427513341e-02,-6.648252921446161368e-02,-3.965747701542879713e-03,-1.023396812117798385e-02,-3.572618038787971810e-04,-1.262061502653967493e-02,-1.397088637524108827e-02,-9.737829744062546531e-04,-1.596912203025054391e-02,-1.084421603476677654e-02,-1.450747528484552448e-02,-1.016614291350125985e-03,-2.623464484430879356e-03,-9.158360110387470424e-05,-1.178550007993882896e-03,-3.347886784683600219e-03,-1.463995280900215197e-04,-4.093663767352323166e-03,-2.779900747378116939e-03,-3.718972515635518734e-03,-1.483582207043802323e-08,-3.828517130861906818e-08,-1.336512797535627570e-09,-1.719900887532254398e-08,-4.885692939017583329e-08,-2.136461555203164122e-09,-4.721359326020514096e-08,-5.226494472876954591e-08,-3.642912265420341594e-09
-2.884785265818952071e-19,-4.603180159487976077e-19,-7.027101761256650848e-20,-2.318048569965827784e-20,-1.367179329830797043e-20,-1.774399648261136684e-20,-4.772995403430814551e-20,-1.215316839002807402e-19,-1.770273949802719433e-19,-6.498994610874156249e-18,-4.935305163018287974e-18,-2.177790871244271464e-18,-2.742154421977218459e-19,-1.617315915423911326e-19,-2.099040505396237573e-19,-5.646253758948501263e-19,-1.437668945920341084e-18,-2.094159976826614906e-18,-6.675815885910500215e-03,-5.069582386476543905e-03,-2.237043075880909820e-03,-3.505427921475575727e-03,-5.593524221661855429e-03,-8.538936680254525461e-04,-5.799874103111497640e-04,-1.476784297035177353e-03,-2.151136795458370721e-03,-1.324948722136472677e-08,-1.006159669397706620e-08,-4.439857862180101909e-09,-6.957220397439275279e-09,-1.110146369580335394e-08,-1.694722178720545471e-09,-5.590424696183743374e-10,-3.297218698791416554e-10,-4.279309649963478397e-10
-6.288060375484294908e-05,-5.105632871457042247e-05,-1.237373688692862253e-05,-4.185117568796332325e-04,-5.248993466470878182e-06,-2.535097487789763379e-04,-2.281596098703670596e-05,-6.892140801455626362e-05,-2.724952075677470063e-05,-4.858336578033536934e-04,-1.761209629426440672e-04,-8.202386315819583254e-04,-4.229648334599170334e-03,-5.304844155230205717e-05,-2.562071600382876194e-03,-2.305872888986832759e-04,-6.965475015576184058e-04,-2.753946291660954023e-04,-7.763064953978615429e-12,-2.814211105222377948e-12,-1.310647311576469101e-11,-1.015450883436027185e-11,-8.245021676373092451e-12,-1.998219053720345172e-12,-3.684520560753045091e-12,-1.113003064170578200e-11,-4.400490496808268928e-12,-7.159921370182843444e-04,-2.595563782080791463e-04,-1.208817876774253945e-03,-9.365564405020785623e-04,-7.604432946040112946e-04,-1.842969418632307442e-04,-6.233398821353913939e-03,-7.817957118132810390e-05,-3.775825513296349016e-03
-2.311327712145889553e-13,-8.925295220162641736e-13,-2.192671724062448909e-12,-1.268151519880153204e-13,-3.921752063214403479e-16,-1.527235859664132841e-13,-3.528238664664216781e-15,-2.312716072693981729e-13,-2.704359209517291875e-13,-5.298313475291481686e-08,-2.064763762050553040e-08,-1.529049183241509049e-07,-1.247587242138257850e-08,-3.858157139896080908e-11,-1.502470284018658327e-08,-3.471024933731885628e-10,-2.275213191601729199e-08,-2.660505464103950718e-08,-2.314559793090035719e-02,-9.019887570183109798e-03,-6.679626975059750615e-02,-9.933265866694008378e-03,-3.835774991781553539e-02,-9.423324558884475788e-02,-1.516311707469678602e-04,-9.939232547390396133e-03,-1.162237569601821778e-02,-1.316380347537189077e-01,-5.129961545963022951e-02,-3.798964150806837803e-01,-5.649435375493584016e-02,-2.181554709379436019e-01,-5.359411882472606692e-01,-3.099664327238724551e-02,-9.585696015070317819e-05,-3.732928155089904748e-02
1.997620571317018960e-10,9.735059872345812330e-11,2.827239879914553104e-10,8.003033866160125382e-11,2.712560000556409438e-10,3.915045111705875627e-10,5.140304100069509007e-10,2.992396381344672073e-10,3.613806153215711126e-10,5.492416398427216531e-03,1.587333145160920844e-03,7.789282991003946242e-03,1.428571098589853953e-03,4.842019769991352286e-03,6.988500098578237507e-03,9.175632638982625031e-03,5.341538043453184469e-03,6.450777433567390744e-03,4.024163769620067479e-14,1.163001504201829954e-14,5.707023672256864315e-14,2.612596846146721017e-14,1.273204085136740040e-14,3.697618106072647173e-14,6.722769315107044783e-14,3.913618762529882865e-14,4.726332264516234376e-14,1.371328125625592955e-10,3.963200217886299122e-11,1.944802081480840711e-10,8.903036111723590440e-11,4.338741342463446408e-11,1.260050036969194446e-10,3.566808458865384531e-11,1.208939274401280253e-10,1.744865291688707472e-10
-2.826885447327961214e-22,-5.020103743533568632e-25,-3.274095258213670889e-22,-1.728674523852139256e-22,-1.859941343730739890e-22,-2.870328155609182283e-22,-1.153154619115646759e-23,-5.604526062618430188e-23,-4.666021359575415256e-23,-2.987648857191345717e-11,-9.321233839309284773e-11,-1.104512905770083266e-10,-2.080937423613546040e-10,-2.238953310465062362e-10,-3.455233009247312934e-10,-1.388140201651878850e-11,-6.746595651407727251e-11,-5.616845931693242344e-11,-1.260516266893139884e-05,-3.932713462521757446e-05,-4.660040557863429718e-05,-1.435730415252073745e-04,-2.549631305055057952e-07,-1.662861206170624805e-04,-5.856689954372532668e-06,-2.846450159054045870e-05,-2.369798461586218100e-05,-1.669492682822821357e-03,-5.208688314274231151e-03,-6.171997789593075198e-03,-1.901555327546367719e-02,-3.376863051658082646e-05,-2.202379048303973463e-02,-1.162824002483666894e-02,-1.251122989238210616e-02,-1.930777846433119269e-02
-2.969922042297698170e-03,-3.353594078785325158e-03,-1.798934056266752947e-04,-7.046554576983691089e-04,-6.733154115344481888e-04,-5.596084567046413598e-03,-1.031129502147555138e-01,-1.672151513424452798e-02,-1.153872282926866194e-02,-2.967463978258044408e-02,-2.892036220310122835e-02,-7.624121097698961791e-02,-3.905345551666735467e-03,-3.731652566622561604e-03,-3.101465224160735237e-02,-5.714731888343693722e-01,-9.267407785352489713e-02,-6.394997637624072473e-02,-3.907577308853792120e-02,-3.808253509955301930e-02,-1.003949595331238981e-01,-2.167453654203977537e-02,-2.447458093935878445e-02,-1.312864828906684135e-03,-7.525198895989143599e-01,-1.220338735002812203e-01,-8.420977589632741567e-02,-4.153214098002241673e-06,-4.047646640407051634e-06,-1.067059531635068044e-05,-2.303703384961806397e-06,-2.601309368076409653e-06,-1.395393689033870563e-07,-5.465857823916668419e-07,-5.222759960052109695e-07,-4.340760052295377696e-06
-3.266175518709695663e-02,-4.447853399309618233e-02,-1.313930039526284808e-02,-1.157045056160131875e-02,-3.046441094671372210e-02,-6.113116802237650999e-02,-2.142429317762636551e-02,-2.846590805640295679e-02,-1.558942850451328944e-02,-8.344770348588175109e-08,-2.650827325304536943e-07,-2.131232404350967035e-07,-4.146333725573353086e-08,-1.091708692462563733e-07,-2.190668568223772137e-07,-7.677511681677257098e-08,-1.020091257250045375e-07,-5.586556273374039609e-08,-3.100236064192677179e-02,-9.848312332821657078e-02,-7.917921386851360654e-02,-4.348443956698699181e-02,-5.921678465752031051e-02,-1.749309278443216681e-02,-2.852337165015381495e-02,-3.789827128111798032e-02,-2.075508673080056835e-02,-9.919012695685083814e-03,-3.150906351570617603e-02,-2.533289760309491087e-02,-1.391257630705660872e-02,-1.894604238688995732e-02,-5.596806366445648308e-03,-4.928540288884949300e-03,-1.297659723177163431e-02,-2.603938566616895156e-02
3.392965791689966416e-05,8.899801329911756216e-05,3.834014467420993793e-04,1.145377987719394387e-04,2.708227794764011664e-04,1.622265747754619345e-05,7.348024381821703470e-04,3.343507649139772328e-05,5.390703401970636625e-04,1.334862634867399825e-02,1.057267441747185462e-02,8.105662404559294508e-04,6.320700558418821877e-03,1.494519461542503924e-02,8.952377405255701253e-04,4.054963716033455068e-02,1.845094884971091448e-03,2.974827730970291614e-02,8.315596047563291870e-05,6.586302388098227750e-05,5.049464453766154231e-06,1.166413862378405422e-05,3.059521457318422710e-05,1.318034987064155446e-04,2.526060687391247983e-04,1.149411432463159654e-05,1.853184370861917743e-04,5.008040392384919756e-03,3.966578968890939819e-03,3.041023373397609936e-04,7.024689154712451811e-04,1.842586743268857926e-03,7.937822395459001243e-03,2.371354390923961601e-03,5.607029244139201396e-03,3.358687739270511518e-04
1.763268235139889024e-03,3.883719898568269158e-04,1.005221666209768711e-03,4.919415969232200474e-03,3.283243901648104195e-03,5.695800186868403558e-04,6.659370308962427217e-05,3.500594988795835676e-03,3.547238610813387150e-03,3.307704462914246024e-02,1.581779015315125381e-02,2.712846561089963388e-02,8.244001541551770895e-02,5.502089669945501443e-02,9.545073198646929907e-03,1.115983267855652885e-03,5.866328577309846276e-02,5.944494378742627011e-02,1.041196043905584628e-07,4.979108839814379416e-08,8.539472431104461594e-08,9.301408360850408685e-08,2.048699342268710049e-08,5.302640304099699740e-08,3.512881445679073611e-09,1.846597292904412285e-07,1.871202249040310542e-07,2.499962387903225812e-04,1.195508271249363377e-04,2.050368901731395937e-04,2.233313427645256183e-04,4.919026853561772134e-05,1.273189750808452123e-04,6.230814757113323525e-04,4.158478299362883181e-04,7.214164461771972996e-05
-8.503350850745647184e-81,-2.862503440655007778e-80,-1.448832804083358335e-80,-6.365016786345893209e-64,-1.089876281184512646e-64,-3.906587542901400328e-65,-3.792307108455803183e-67,-1.777911240229279292e-67,-2.414278045454211957e-67,-3.841980076744495042e-15,-5.907634488346419050e-15,-2.185424956603567868e-15,-5.691684024869410156e-04,-9.745820988263565908e-05,-3.493323373063831103e-05,-3.391132264238356725e-07,-1.589832257058040574e-07,-2.158880053919428430e-07,-1.111308713411958464e-213,-1.708807841636546162e-213,-6.321432564115330403e-214,-2.199434020868084058e-219,-7.404007623272996918e-219,-3.747478159825914501e-219,-9.808991088714350295e-206,-4.598655913981425727e-206,-6.244650329277270343e-206,-1.298952108302263889e-174,-1.997338382925476119e-174,-7.388800301437315865e-175,-2.570806315111882213e-180,-8.654167105924001233e-180,-4.380236200593961549e-180,-1.924326731584497157e-163,-3.295007903989033073e-164,-1.181073214796017947e-164
-3.396111962352268510e-05,-1.308088983101165039e-04,-3.607523599163689297e-05,-4.220140870590557671e-05,-5.362058989321111420e-04,-1.138890132451422809e-04,-4.508514391407670414e-04,-1.023544164884818402e-03,-1.461588231068005651e-04,-2.640538424456233128e-05,-1.055358065649146141e-04,-8.872431300355674807e-05,-2.121211818598284701e-05,-2.695185599000502635e-04,-5.724517932271910696e-05,-2.266159899547644013e-04,-5.144742903113473436e-04,-7.346527816811384366e-05,-9.066226371919812476e-05,-3.623547015255774366e-04,-3.046328350813388704e-04,-5.861019368231210768e-05,-2.257503565935306761e-04,-6.225874152689778629e-05,-7.780806540808789815e-04,-1.766435335799362285e-03,-2.522412990393574036e-04,-1.789758573392883484e-04,-7.153223480865866877e-04,-6.013739409954243663e-04,-1.157020488215792099e-04,-4.456524904464913023e-04,-1.229046262969291819e-04,-1.437758679501282308e-04,-1.826798462018039415e-03,-3.880081786704093756e-04
2.622313332884300685e-01,4.128817382812424719e-01,1.631185298598109290e-01,3.116074272106291246e-02,1.531665730226737521e-01,1.198860978227796192e-01,2.025212308384494175e-01,3.538215081133928019e-01,3.051318761201982643e-01,5.747544258092827756e-03,1.075003544821994880e-02,4.147017973658734280e-04,1.452859835910355829e-03,7.141343328708780330e-03,5.589651632180195513e-03,9.442488737774094171e-03,1.649681661380000136e-02,1.422667782470263959e-02,3.178387574979595152e-03,5.944761373712356863e-03,2.293297764890581776e-04,6.761219425215841440e-03,1.064550141349255435e-02,4.205752832319767896e-03,5.221689043762947104e-03,9.122726959116535597e-03,7.867341946537180150e-03,2.141926845810475377e-02,4.006196122376108615e-02,1.545461631779702699e-03,4.556410146858207860e-02,7.174041782748741269e-02,2.834271996689071219e-02,5.414346277289563275e-03,2.661351405754380089e-02,2.083085288614705544e-02
-6.880928634619397009e-221,-5.272479296001337437e-221,-1.324939012404338596e-221,-5.016514310596644173e-221,-5.183733498498507441e-219,-2.081657992929266440e-219,-1.937743017747768289e-215,-1.328177556154396854e-214,-7.161967962343943262e-215,-4.383255899832308519e-38,-4.968332238070154351e-37,-2.349915937741451575e-37,-6.498746588696759102e-39,-6.715374123207396301e-37,-2.696726639811663875e-37,-2.510289026736842810e-33,-1.720614918611737896e-32,-9.278118626178460771e-33,-4.675529840644557174e-181,-5.299618860542016182e-180,-2.506607494747622362e-180,-9.508425491272818452e-182,-7.285786439940352482e-182,-1.830869719610757869e-182,-2.677674204145837919e-176,-1.835344908002151265e-175,-9.896780268612270299e-176,0.000000000000000000e+00,0.000000000000000000e+00,0.000000000000000000e+00,0.000000000000000000e+00,0.000000000000000000e+00,0.000000000000000000e+00,0.000000000000000000e+00,0.000000000000000000e+00,0.000000000000000000e+00
-4.201030671280945455e-02,-1.289782585160664519e-01,-4.484009449889214682e-02,-6.655845111357348853e-02,-5.800492816365446919e-02,-6.297952174600922326e-02,-1.640968893932267039e-02,-3.664659687000226818e-02,-1.842402811008151398e-01,-1.661017418517650099e-02,-6.506879653977786990e-05,-1.660986441490073379e-02,-4.918652050148892771e-03,-4.286548951448102864e-03,-4.654170110191036859e-03,-1.212671701238625561e-03,-2.708173880399347960e-03,-1.361530836723040018e-02,-6.072760535125250048e-01,-2.378946874906950979e-03,-6.072647281604566238e-01,-1.135038821761249067e-01,-3.484747959106332948e-01,-1.211494321515320383e-01,-4.433586768715073317e-02,-9.901215531997989427e-02,-4.977823014033536664e-01,-4.989322436035188669e-04,-1.954520180477402194e-06,-4.989229388017168716e-04,-9.325371264730008202e-05,-2.863035859183349135e-04,-9.953522396451529720e-05,-1.477452358733200510e-04,-1.287582816302408595e-04,-1.398007937365513219e-04
-1.349020986050012208e-02,-1.804246453093840546e-02,-9.014257622464211597e-03,-2.137949711218014442e-02,-4.477547497196207593e-02,-2.091910910283531141e-02,-3.836877487902236230e-03,-1.665413336332177002e-02,-3.823555925562677031e-03,-9.406899917947755818e-03,-2.548884308871461613e-02,-2.091751958735984379e-02,-4.512910832942990114e-02,-9.451472361153671897e-02,-4.415729406091481457e-02,-8.099108173112389703e-03,-3.515453075170481972e-02,-8.070988230590603330e-03,-3.183025080373301507e-02,-8.624693313286391216e-02,-7.077888576100822837e-02,-9.635439084737422444e-02,-1.288690611370129635e-01,-6.438471388773775450e-02,-2.740505870003698274e-02,-1.189528474284469173e-01,-2.730990888119524604e-02,-1.907344352797253270e-03,-5.168121416051098434e-03,-4.241239218815967896e-03,-5.773784328095992770e-03,-7.722140724732800415e-03,-3.858085228340116593e-03,-9.150384363576014035e-03,-1.916381867661951649e-02,-8.953339165563060920e-03
7.027090801062514143e-09,2.343361968988316699e-08,2.280250253844158877e-09,1.362623983598991482e-08,2.025638454774321855e-09,1.074428180400627620e-08,1.194627268282346138e-08,2.321713059369944533e-08,9.788479632990555595e-09,1.648780945076486204e-01,1.284561399441975504e-01,4.476186838224695957e-02,6.358195308685955782e-02,9.451914156260924835e-03,5.013433124888905246e-02,5.574298988015226330e-02,1.083343993638761910e-01,4.567442378143582449e-02,3.441637595952720541e-07,2.681371846169689718e-07,9.343517072383562860e-08,6.844403086801782153e-08,2.282440109015299871e-07,2.220969148958726941e-08,1.163569789275095613e-07,2.261354019762622015e-07,9.534002350589653842e-08,1.429215091911216461e-05,1.113498153924805800e-05,3.880099295487862185e-06,2.842287694173365114e-06,9.478330472750220420e-06,9.223058901070385196e-07,5.511483329322142369e-06,8.193215963537664071e-07,4.345801245323366825e-06
-2.118935950595024313e-03,-9.027657939275631578e-04,-9.572620921919377428e-04,-5.036769850872649217e-03,-3.065233720350889722e-03,-1.609091696375783420e-03,-9.290191596414688847e-04,-1.338331654402254503e-03,-6.328188456142352621e-04,-1.782713461265897914e-01,-7.203456482360102997e-02,-7.942982521540589702e-02,-3.542733248207970420e-01,-2.156005879985536944e-01,-1.131793355850514576e-01,-6.534479760900394063e-02,-9.413477664377664644e-02,-4.451083592913653714e-02,-2.232259208027948059e-03,-9.019947631381332364e-04,-9.945959492740612945e-04,-1.866238974875861125e-03,-7.951050664552939025e-04,-8.431023245974648798e-04,-8.182275465393201328e-04,-1.178726848281661226e-03,-5.573510579164032107e-04,-7.467351582127492726e-01,-3.017352105600956125e-01,-3.327121513791632124e-01,-6.242941013099757575e-01,-2.659784784222152254e-01,-2.820345170863968187e-01,-1.483964490136065129e+00,-9.030982414612996889e-01,-4.740806130700531140e-01
-4.932805308382423198e-17,-4.199683934942156768e-17,-5.062580786360147809e-17,-1.255850645649311867e-18,-1.551929064819733668e-18,-6.916633876978862850e-19,-9.712359970582538397e-20,-7.042815929529801685e-20,-1.018413396475003079e-21,-5.979782438117766519e-26,-4.299526488827119944e-26,-9.195792588667645780e-26,-1.467956607709809117e-26,-1.814040971584765707e-26,-8.084813618558178318e-27,-1.135272179431927803e-27,-8.232307095157670405e-28,-1.190417570683907018e-29,-2.202235421714289949e-09,-1.583430438862979736e-09,-3.386628255973149970e-09,-2.123476993624881038e-08,-1.807882464201707891e-08,-2.179342819376016918e-08,-4.180982556982009408e-11,-3.031795633871362754e-11,-4.384072109513669907e-13,-8.467140127906728564e-04,-6.087962838327776920e-04,-1.302088583341896345e-03,-8.164330246496508126e-03,-6.950934495125533213e-03,-8.379122802429457215e-03,-2.078569651620622207e-04,-2.568611695011266145e-04,-1.144778267850964901e-04
2.859848011699677589e-03,1.284084963667089969e-02,5.269242358483038980e-04,5.520731347978279774e-02,1.729265787464725709e-04,5.980334111555145327e-02,1.349854348552646278e-02,2.221584679836904885e-02,5.537842312183913901e-02,2.033422982620529222e-03,3.440928800686238187e-02,3.549711399622143548e-02,2.473830812038285004e-02,7.748812100412168105e-05,2.679778069053565318e-02,6.048675562588777532e-03,9.954885115982579566e-03,2.481498207498684938e-02,4.531233555028801527e-03,7.667687527580263618e-02,7.910096198434556081e-02,2.855650499384164605e-03,1.282200261253847208e-02,5.261508482555832559e-04,1.347873113805548445e-02,2.218323971919763590e-02,5.529714201455069450e-02,8.012502496933956997e-03,1.355864020565934469e-01,1.398728729632693346e-01,5.049597748342261709e-03,2.267292707405043489e-02,9.303835112919899876e-04,9.747886065940053468e-02,3.053342901771023319e-04,1.055940089840498031e-01
0.000000000000000000e+00,0.000000000000000000e+00,0.000000000000000000e+00,0.000000000000000000e+00,0.000000000000000000e+00,0.000000000000000000e+00,0.000000000000000000e+00,0.000000000000000000e+00,0.000000000000000000e+00,-1.099809047373782071e-68,-7.835573413137241554e-69,-4.578195625082225363e-69,-7.073314969952666000e-63,-7.483683932962458051e-63,-3.690810831481086246e-63,-8.064973144724654189e-64,-5.364834086482178506e-63,-2.775734633591541429e-63,-1.556091796494316741e-54,-1.108635316114830608e-54,-6.477572331258901627e-55,-2.437229958054397239e-48,-2.464940422825829125e-47,-1.137064495202284155e-47,-1.141092499595323481e-49,-7.590567045672594574e-49,-3.927316203563649448e-49,-7.908467157206392427e-50,-5.634375816751686232e-50,-3.292072367170079984e-50,-1.238664269116793653e-43,-1.252747455021989166e-42,-5.778860370700226648e-43,-5.086253769781572571e-44,-5.381340400869892136e-44,-2.653974916275637012e-44
5.322431245168657808e-03,6.794310611126667954e-03,7.791695559808053603e-03,3.294287391454244623e-02,6.571561842273138457e-03,6.250508413054202059e-03,9.644957129442790697e-03,1.843430122856032707e-03,1.768366594893897373e-02,8.914582838568287912e-06,2.807420683630825931e-05,1.191114639444967578e-04,1.190462165148501415e-04,2.374776335378028360e-05,2.258756718671907902e-05,3.485414349964256352e-05,6.661634382743990843e-06,6.390376051569547806e-05,7.456980158720572779e-06,2.348385865510564132e-05,9.963582585911815663e-05,1.608889197788708261e-05,2.053815717879978674e-05,2.355309865207320445e-05,2.915522366358715725e-05,5.572406058290752484e-06,5.345500545146142141e-05,2.025984458379514130e-11,6.380321744907047817e-11,2.707002437874465502e-10,4.371185708684873243e-11,5.580005090846743195e-11,6.399133536646951535e-11,2.705519583535593970e-10,5.397066845111095385e-11,5.133393328839752311e-11
1.136520177877955036e-04,6.467044374719599018e-03,1.560870869161381548e-03,3.672241686608247388e-03,2.256923719774593315e-03,1.722040674489188879e-03,1.660370519908106138e-03,1.993391616825161000e-03,5.776317256945202091e-04,1.002003513390021584e-04,5.341358436466281780e-04,7.703717135261380772e-04,9.281036417728509005e-04,5.704033945164967622e-04,4.352197806322902359e-04,4.196335801749168288e-04,5.037996343763706400e-04,1.459876974262481922e-04,3.565789087783931277e-02,1.900807469452509835e-01,2.741490436830106847e-01,1.022183292959329831e-02,5.816442895899783805e-01,1.403843201361097415e-01,1.493332928537337012e-01,1.792851237228692274e-01,5.195204722107535367e-02,8.718473839001589796e-04,4.647537974743141433e-03,6.703036008288061100e-03,2.499272413183858412e-04,1.422139783804894295e-02,3.432443681836914486e-03,8.075468012385194141e-03,4.963103428594526148e-03,3.786865236451193630e-03
1.873077120886206259e-01,1.490242800077911864e-02,3.903680775634079531e-02,8.580517900422279451e-03,9.595936867736435880e-03,6.236746741121206722e-02,6.588788843381522542e-02,1.653677165572503549e-01,1.166786869221838052e-01,1.283485871373414855e-01,2.111008451356516380e-01,3.354625638405788757e-01,2.923831146202306511e-02,3.269837487256802011e-02,2.125185750357620751e-01,2.245144903792005986e-01,5.634942853771659488e-01,3.975853006544971535e-01,1.212061524360652299e-05,1.993533531266262004e-05,3.167945012588680614e-05,6.027372308155599966e-05,4.795450270284711805e-06,1.256164903439961482e-05,2.120205461699992277e-05,5.321365491712969000e-05,3.754601872313680642e-05,1.392019148862843909e-03,2.289518142147610891e-03,3.638297257553920871e-03,6.922270447206853479e-03,5.507442047693898507e-04,1.442670660336520336e-03,3.171074208397798113e-04,3.546339307234009958e-04,2.304894292465163239e-03
-2.466226917643350378e-02,-2.108197496847023789e-02,-1.023858862222380359e-02,-1.641352619768527213e-02,-8.690701978111912973e-03,-1.008630241543592362e-02,-9.353371290141351563e-04,-2.824456227949888668e-02,-4.667010006754214457e-02,-4.355671475708376705e-02,-2.286345769742665832e-02,-2.482194638331742045e-02,-3.184831090578020552e-02,-1.686317584989268509e-02,-1.957115682197692330e-02,-1.814899938488722091e-03,-5.480489628133722313e-02,-9.055725375846242209e-02,-4.931726588093063822e-03,-2.588724215106286228e-03,-2.810474886123459203e-03,-5.418279706903422754e-03,-4.631692093534563529e-03,-2.249409272206720229e-03,-2.054927772053247463e-04,-6.205306475837837725e-03,-1.025338156461092984e-02,-1.953291715415094928e-02,-1.025306953363922836e-02,-1.113134966707433199e-02,-2.145999108881757600e-02,-1.834458101650938283e-02,-8.909156696941311626e-03,-1.428230806413319752e-02,-7.562255754797567696e-03,-8.776644128157064934e-03
-1.151053865429437781e-05,-3.035705320523673283e-05,-4.270312403781148991e-05,-1.684441205224398628e-05,-1.103335110311810718e-05,-9.832550112364777676e-07,-7.246770543482918589e-05,-7.963928763758147873e-05,-2.250112378104126426e-05,-3.063366299894678246e-12,-1.219055636257179309e-10,-3.702616737684547432e-11,-7.122697656980096905e-11,-4.665477418094200903e-11,-4.157716008743097825e-12,-3.064313281499296779e-10,-3.367565253690151064e-10,-9.514650979657714979e-11,-7.530845539261048563e-04,-2.996872982749094333e-02,-9.102350816989679405e-03,-1.196545204532407751e-02,-3.155680852773079526e-02,-4.439081421001339622e-02,-7.533173557360992034e-02,-8.278674923659931628e-02,-2.339040123613183447e-02,-9.722606173807799401e-23,-3.869076269363133315e-21,-1.175147887286400043e-21,-1.544785075218580108e-21,-4.074103230744143112e-21,-5.731021862665636960e-21,-2.260623687617817277e-21,-1.480743571230211050e-21,-1.319588693553712319e-22
1.500626487845999927e-13,3.736331367854361989e-13,9.313723040812862602e-14,1.538054960711794178e-12,1.011149435491780831e-12,6.266832327004019411e-14,4.022019445089208384e-12,2.552735847761816388e-12,2.611156323496370482e-12,1.889419541939076158e-32,3.337640074539330235e-32,3.909437184479476178e-32,5.290739937250529207e-33,3.478242870078517253e-33,2.155721409148379212e-34,1.383530462180869752e-32,8.781130612363923240e-33,8.982090624858494086e-33,2.045919617830000652e-20,3.614095839586581390e-20,4.233254739279366412e-20,5.589556258473327084e-22,1.391714363971948849e-21,3.469189657393634225e-22,1.498127891456158534e-20,9.508469129161894949e-21,9.726074601549490886e-21,2.010016870809889093e-06,3.550674008394240789e-06,4.158967620346884741e-06,5.491468130985964057e-08,1.367291914380832542e-07,3.408310707141291026e-08,5.628435769234858544e-07,3.700251158859600933e-07,2.293316177256959528e-08
9.325189692128824093e-02,4.200434877937160583e-02,2.214543973422529108e-02,6.792275061660931965e-03,9.408055265155680635e-02,6.069024493440038082e-02,3.266198355882063420e-01,3.226512714133502602e-01,8.465167400953631238e-02,1.204056114970681423e-06,3.838713294000985660e-07,1.866087629561328024e-06,1.933461336600991772e-07,2.678058668509786170e-06,1.727583777515826447e-06,9.297427123370139362e-06,9.184459592988239974e-06,2.409660051899704439e-06,1.981064281281079767e-02,6.315933035238447714e-03,3.070321642570988940e-02,4.367468104236979509e-02,1.967280662268984515e-02,1.037185353721757457e-02,1.529729433114582204e-01,1.511142596786811676e-01,3.964675233566378881e-02,1.746440262759589857e-01,5.567916121581306665e-02,2.706693259211480074e-01,3.850214359841633849e-01,1.734289083498665174e-01,9.143480495811431852e-02,2.804416407794384572e-02,3.884428164572470421e-01,2.505798383339806201e-01
-8.915422996945306794e-03,-2.028953487623829516e-02,-4.826625755077958158e-02,-1.238452536005374242e-02,-2.909490207111681357e-03,-1.934231723477861445e-02,-1.090120617160806119e-02,-1.527843878237390880e-02,-5.707882844769629482e-02,-3.638820811418544455e-16,-3.726158608578583129e-15,-1.744828422851826129e-15,-1.258805964277461209e-14,-2.957306412026401619e-15,-1.966019979790359612e-14,-1.108036274922604813e-14,-1.552953327233274841e-14,-5.801689414411133712e-14,-5.412535696634744793e-14,-5.542445623309553399e-13,-2.595331458354174450e-13,-1.347911821548288094e-12,-3.067549786787268053e-12,-7.297316028289538138e-12,-1.648139933784435801e-12,-2.309928340654140935e-12,-8.629677767520131229e-12,-2.163982771483078833e-18,-2.215921984252373827e-17,-1.037637971728926163e-17,-5.389078470415360512e-17,-1.226435308944300556e-16,-2.917535707543555434e-16,-7.486036165311045594e-17,-1.758690646579761725e-17,-1.169179133885220331e-16
2.807902070646968437e-05,2.986097575048151576e-06,2.290363153699027937e-05,2.836905432066731404e-05,1.186254483396241306e-05,3.099289370385280029e-06,1.086102695279684816e-05,2.523699676404223609e-05,2.084305763428407433e-05,3.934026718959016297e-06,4.217279627952071628e-05,5.964508585451138914e-05,1.758662916588448345e-04,7.353864341067972851e-05,1.921320753897142836e-05,6.733000375002326228e-05,1.564499465977958813e-04,1.292109074747221757e-04,2.385392538161202735e-03,2.557142610998348886e-02,3.616572862854976200e-02,1.055461158056508197e-01,1.122442993143228651e-02,8.609236667631153805e-02,4.082546968114394298e-02,9.486324366115453377e-02,7.834688388206934029e-02,2.925003036175079880e-04,3.135605474337814329e-03,4.434694263173016675e-03,1.294221828269807861e-02,1.376355928994489304e-03,1.055677126054175088e-02,1.307590094861102448e-02,5.467699398578374642e-03,1.428528436660544835e-03
2.153258267170949217e-45,1.999774617070530440e-46,1.714470749835211598e-45,3.080202860524677286e-43,3.040188174979243062e-43,9.103931471420679041e-44,2.596435443016421951e-43,2.396713241600219117e-43,4.623488347896964744e-43,1.226367480657013056e-88,6.371866121001589564e-89,3.200446399092716189e-88,1.457149981098789247e-87,1.438220254413102394e-87,4.306792173177074242e-88,1.228294378010899729e-87,1.133811899032534249e-87,2.187231251905548206e-87,9.248933865478553046e-12,4.805490139159134107e-12,2.413690639396215459e-11,7.682314927795187303e-13,7.134721657486692584e-14,6.116825108969422605e-13,9.263466007330582773e-11,8.550904549773663237e-11,1.649551012763681520e-10,1.875242962378333049e-12,9.743243594671737138e-13,4.893814196012760162e-12,1.557607310491520278e-13,1.446581494832429355e-14,1.240200590092610568e-13,2.228133320790015986e-11,2.199187807061894360e-11,6.585531531584258905e-12
-7.001285782297627389e-04,-1.514877297570529392e-03,-7.152602921479028807e-04,-8.614411864058347862e-04,-5.855909605597054562e-03,-3.036797104898391123e-03,-8.732734333119914275e-03,-1.306347462729949907e-02,-6.450864083988062762e-03,-6.358071428934565679e-04,-8.409221510379358982e-05,-1.802739272793903982e-04,-1.270338121882744816e-04,-8.635511428617362751e-04,-4.478261768364235609e-04,-1.287786735380240825e-03,-1.926426328945970252e-03,-9.512870633879346458e-04,-2.003202913861661105e-02,-2.649447591330835947e-03,-5.679792378172047844e-03,-3.252902490817176188e-03,-7.038347366149673434e-03,-3.323206705536001140e-03,-4.057359483264533218e-02,-6.069486445091815119e-02,-2.997168305825311657e-02,-1.349291105193536726e-02,-1.784580106149952780e-03,-3.825719941890437601e-03,-2.191047330527507494e-03,-4.740797565085786043e-03,-2.238401919980884548e-03,-2.695873973111180717e-03,-1.832602683009344410e-02,-9.503634613609071927e-03
6.508156489474798551e-05,6.982687467474297236e-05,1.136526114646350038e-05,1.451873570638815994e-04,4.937605874500450997e-05,4.474916771130552431e-06,5.761663355025565896e-05,2.964625300430165936e-05,1.112908145817656877e-04,9.543430355801072948e-03,9.750499687140819216e-02,2.284748964192470991e-02,9.380538740152077892e-02,3.190181578205501800e-02,2.891238671152109984e-03,3.722604185552556150e-02,1.915441057893492449e-02,7.190486959191598471e-02,1.138901858115853351e-02,1.163613270829028518e-01,2.726592790678626296e-02,5.018093646920906287e-02,5.383979269034859516e-02,8.763148957296804445e-03,4.442512457146526039e-02,2.285865038686269238e-02,8.581043349473593818e-02,3.524561620138642968e-03,3.601036073321425141e-02,8.437991592770793109e-03,1.552950339677103275e-02,1.666181028684566787e-02,2.711933277336388802e-03,3.464402797225470121e-02,1.178191817052624130e-02,1.067786788930572385e-03
1.896288197073157315e-04,2.388094381467083509e-03,1.085645833307485831e-03,2.624703977199702382e-05,1.071534117070559007e-05,3.871908815757704302e-04,2.100094082410027853e-03,1.239551719413448062e-03,4.242482984148632924e-03,6.329517997850385436e-02,6.318974629065843285e-02,3.319454902275895277e-04,1.872170049988442679e-04,7.643125087426477641e-05,2.761786389671880282e-03,1.497972067478932356e-02,8.841574610533562556e-03,3.026112525261869662e-02,6.100402557621163860e-08,6.090240836946539150e-08,3.199297510905134297e-10,1.303638450194080953e-09,1.641739722463101493e-08,7.463473399122947761e-09,1.443748581613487900e-08,8.521527924529998250e-09,2.916573520294348866e-08,1.217267837212081261e-01,1.215240178277917915e-01,6.383844221611662461e-04,2.601266296421359328e-03,3.275909978647555121e-02,1.489253542996183538e-02,3.600483304442188282e-04,1.469895550952337877e-04,5.311358221177964363e-03
-2.187190375476168554e-08,-2.651905684851096887e-08,-6.682558866826792090e-08,-2.087047430595905505e-07,-8.821927654820913281e-08,-2.245421477909192152e-07,-1.611279026168003135e-06,-4.811709247611012728e-07,-3.224901036869777878e-07,-2.146495042800785919e-03,-4.687401453976064968e-03,-2.787926985001492729e-03,-2.861968742943327149e-02,-1.209751193502862053e-02,-3.079147119658338580e-02,-2.209547392862224735e-01,-6.598298277707136117e-02,-4.422307721090723565e-02,-4.216332357052329668e-05,-9.207401846642730735e-05,-5.476288797118873431e-05,-5.891475837663303624e-05,-7.143245709766258026e-05,-1.800032340079291409e-04,-4.340185270034299485e-03,-1.296095167938445848e-03,-8.686681667313628317e-04,-1.275524595491485071e-13,-2.785422618860394641e-13,-1.656686537306790422e-13,-1.782288894307407792e-13,-2.160974236104985446e-13,-5.445456686095709054e-13,-1.700684814249004471e-12,-7.188776917577493725e-13,-1.829740020799799246e-12
7.758666043823234389e-06,2.311786398399731744e-05,1.564693866356336608e-05,9.534954019687854644e-06,9.322092980524492563e-06,1.330419119396826724e-05,4.723875021735428770e-05,3.178815569802044994e-05,5.979108304046378983e-06,4.676914371922184788e-03,1.614573156285867934e-03,8.712181162884117050e-03,8.326214432227857856e-03,8.140337641140927769e-03,1.161762799271094659e-02,4.125032622160657025e-02,2.775839298231133276e-02,5.221140841393825255e-03,1.476428991561115157e-10,5.096955871691664488e-11,2.750299839962252352e-10,2.138795162791145144e-10,6.372793387904656464e-10,4.313318363890842519e-10,1.302208522579869436e-09,8.762892133384741483e-10,1.648232807839372766e-10,3.900088696796735316e-25,1.346395938909165887e-25,7.265106131041888747e-25,5.649774480752616882e-25,1.683417191158508295e-24,1.139392703126839365e-24,6.943247665424243696e-25,6.788244619769370058e-25,9.687964331777869042e-25
-1.812529280893408003e-23,-1.933279677646878517e-24,-8.822415855309795566e-24,-7.627588802209484124e-28,-8.785344895915165314e-28,-6.028553559808669761e-27,-3.164006533347037299e-27,-1.062905494708125033e-27,-4.668092641875750740e-28,-3.624606149248841372e-47,-2.884480259723174691e-47,-6.613012400512604390e-47,-1.835836453889938689e-49,-2.114489498338588890e-49,-1.450974702007901920e-48,-7.615248651817634329e-49,-2.558240493588070292e-49,-1.123533906233721689e-49,-3.278699019946725720e-08,-2.609205582948640562e-08,-5.981912622685802347e-08,-3.946139881989941318e-06,-4.209031059207288941e-07,-1.920768256222491772e-06,-6.888502436751400817e-10,-2.314099864575182599e-10,-1.016311666857592266e-10,-2.863377881613879058e-02,-2.278690879933217839e-02,-5.224168546530296581e-02,-3.446272313226240058e+00,-3.675862396834408408e-01,-1.677459659186073315e+00,-1.450279914527622478e-04,-1.670411131896987048e-04,-1.146245605021589415e-03
3.396218905769342669e-04,1.569506215025103305e-02,9.305113743890567474e-03,1.536787646348160112e-02,3.134607698183224100e-02,3.604488984455876677e-02,8.708858751852665073e-03,1.347365735380743994e-02,1.001626985683648149e-02,6.031640759614540328e-05,1.987088132405062093e-04,3.604524371152627521e-04,3.196408039290834016e-04,6.519759102895516948e-04,7.497078464176978223e-04,1.811380133983958227e-04,2.802424055574641759e-04,2.083312263094893181e-04,5.400240519402466945e-03,1.779077082986512542e-02,3.227197928066934812e-02,6.324433997435972756e-04,2.922732232786753176e-02,1.732796952867178900e-02,1.621762433379066171e-02,2.509062548749920948e-02,1.865228342685989679e-02,3.477777227895646403e-03,1.145732999049109066e-02,2.078328812173919557e-02,4.072961649872142370e-04,1.882251645255807876e-02,1.115928403854732007e-02,1.843013457389436338e-02,3.759220855995477895e-02,4.322732370441739747e-02
-9.880521387351504353e-04,-9.502110346902160453e-04,-8.763598348879271874e-04,-8.846928571574350780e-03,-3.049863165030728546e-03,-5.144661809202522262e-05,-9.417759542978493270e-03,-3.740439244375463792e-03,-4.917852078135369169e-03,-7.411607043354674629e-03,-7.246701645310725352e-04,-6.005284229646944312e-03,-3.072972702355076385e-02,-1.059367234202713594e-02,-1.786993663916818507e-04,-3.271250328153926801e-02,-1.299238215815955166e-02,-1.708211507311950539e-02,-3.618684926028016708e-20,-3.538170582157433984e-21,-2.932053924502327935e-20,-1.675654318123587766e-20,-1.611478950337197038e-20,-1.486233452659584236e-20,-1.597173754964325866e-19,-6.343474120242495249e-20,-8.340268440863629355e-20,-1.172773347844200708e-17,-1.146679593195539721e-18,-9.502442924404243873e-18,-5.430599139374118108e-18,-5.222614298288245826e-18,-4.816708327980377448e-18,-4.862508849826434466e-17,-1.676286466059091817e-17,-2.827643896322273398e-19
4.758162285584633526e-18,3.503807897804574010e-18,5.672836471569328427e-19,1.632411071141397451e-18,1.548370023165822799e-19,4.983755312237460473e-19,1.756284363925183599e-19,1.998589116086176466e-18,1.136190265962684111e-18,1.030399979660398535e-02,1.514204342330571773e-03,1.465775183764116835e-02,1.062071164237332957e-02,1.007392795997196942e-03,3.242506069896379517e-03,1.142664989291944638e-03,1.300312100842055014e-02,7.392224543799262755e-03,1.552488669635191328e-21,2.281429669433219310e-22,2.208462160273167430e-21,4.664294185404169477e-21,3.434685457033554929e-21,5.560923856937852747e-22,1.721636727564026275e-22,1.959161338698943192e-21,1.113775725367343963e-21,6.856433784266892140e-12,1.007573953219671061e-12,9.753484752020860875e-12,2.059945741187260943e-11,1.516899534697982891e-11,2.455934587490679516e-12,7.067178528257096505e-12,6.703340583118730375e-13,2.157611471484623938e-12
-1.827817338991218066e-01,-1.038983732279889910e-01,-1.477729355203556971e-01,-2.681056324604194456e-03,-1.546700360704043181e-02,-3.452264316667808669e-02,-3.046911520899689505e-03,-1.755500511003202022e-02,-8.573571067877090984e-04,-1.040315504138901574e-12,-6.454273814394393148e-13,-1.805351664600552996e-12,-2.277083272737282976e-13,-1.313648462725171530e-12,-2.932088093939097396e-12,-2.587812570023294531e-13,-1.490987269533503547e-12,-7.281732609317476065e-14,-3.994684337582554007e-03,-2.478362228982795411e-03,-6.932329653567778117e-03,-5.961055478543954289e-02,-3.388434685078145492e-02,-4.819314534735196637e-02,-9.936883859697903665e-04,-5.725208813522825353e-03,-2.796096288979359515e-04,-8.740880109906741524e-02,-5.422973452157573565e-02,-1.516882368253835711e-01,-1.304355159586591650e+00,-7.414328352272621103e-01,-1.054527642240288277e+00,-1.913238032893257307e-02,-1.103746284041818571e-01,-2.463582480395745955e-01
-3.339561909622367266e-20,-1.311723894117398945e-20,-2.512533941508577261e-20,-4.696984249723135204e-24,-3.017824773223068560e-24,-2.390521971326614362e-24,-8.654957614971566387e-24,-4.479418825469536995e-23,-5.633413098259138110e-23,-1.793053022772032642e-60,-5.518437799483475739e-61,-5.837784778094249312e-61,-8.201773067692538303e-62,-5.269660835991795080e-62,-4.174278149497651700e-62,-1.511310119310705349e-61,-7.821864994292322323e-61,-9.836945020884980433e-61,-8.252944459227781252e-09,-2.539989620074422677e-09,-2.686976510268131965e-09,-2.684070592604348587e-06,-1.054257901215280280e-06,-2.019372195464418984e-06,-6.956157077863295817e-10,-3.600195674396307772e-09,-4.527683223797260795e-09,-9.785720737384766490e-18,-3.011728628576042083e-18,-3.186014626330941064e-18,-3.182569007753940384e-15,-1.250059715952506250e-15,-2.394419648318261780e-15,-4.476178884423676544e-19,-2.875956743433410867e-19,-2.278143464380105351e-19
-8.197058517804939673e-03,-6.098320784921599895e-03,-6.008963663479954115e-03,-3.542033703941469339e-03,-3.481979731388743469e-04,-5.204926158268127247e-04,-3.633784351509612015e-02,-3.990145417678787887e-03,-2.889944492141840668e-02,-1.891567665347059293e-02,-1.373866546252817955e-02,-1.124588491304282130e-02,-5.667511552528589625e-02,-5.571420828479558066e-03,-8.328260428244168082e-03,-5.814319262027735080e-01,-6.384522887458450591e-02,-4.624121384602979390e-01,-2.525398245326132118e-03,-1.834224716768223951e-03,-1.501418032609854293e-03,-1.751079053500400121e-02,-1.302740704462107893e-02,-1.283651980952609829e-02,-7.762593922008441394e-02,-8.523862610156121913e-03,-6.173581968429776162e-02,-4.226602313928169077e-09,-3.069828074247214919e-09,-2.512830181357306887e-09,-2.930672337756434400e-08,-2.180316267392069994e-08,-2.148368655523526002e-08,-1.266373806286062547e-08,-1.244902870614398199e-09,-1.860903283655716431e-09
-7.879307492714346025e-15,-9.224793371741787311e-14,-8.453931462606579670e-15,-5.804833331307957700e-15,-3.611130463251803656e-15,-1.087803329902302336e-14,-1.959960610832797115e-14,-5.563650419840477332e-14,-1.367170297732692858e-14,-4.148472551427404617e-69,-1.617741981814157039e-68,-6.897580341419726403e-69,-3.173336530934543679e-69,-1.974101849781359871e-69,-5.946710005665938607e-69,-1.071454467435511691e-68,-3.041488724130326773e-68,-7.473929400185270924e-69,-1.115031589988441256e-11,-4.348186933411502669e-11,-1.853940186375327376e-11,-1.157746232702395905e-11,-1.355445232143483831e-10,-1.242178619302153878e-11,-2.879868586845900305e-11,-8.174951059594263773e-11,-2.008852000161458599e-11,-6.399274275157727514e-46,-2.495466589143508958e-45,-1.063994226609825563e-45,-6.644417746200347079e-46,-7.779031449262233349e-45,-7.128983389370691959e-46,-4.895066937791393478e-46,-3.045173621674382609e-46,-9.173166241147414858e-46
-7.123324355346265235e-02,-3.747683151506194243e-01,-4.076062215592950871e-02,-2.089767036796952304e-01,-4.066377989182789338e-02,-3.205429874797668388e-01,-3.137397534007506095e-01,-3.343785724395736403e-01,-1.637274066040907416e-01,-3.018465377892807556e-04,-2.818984809413816535e-04,-3.122077758161037977e-04,-6.685029516584967612e-04,-1.300808004175617403e-04,-1.025396273797561913e-03,-1.003633168233332299e-03,-1.069655414748168620e-03,-5.237533785104883178e-04,-1.583401201428482510e-05,-1.478759361205762514e-05,-1.637753313134369072e-05,-1.195344110346440731e-05,-6.288876877037498066e-05,-6.839920126840630113e-06,-5.264774530836336482e-05,-5.611108483242239640e-05,-2.747461457930245256e-05,-1.880107835042508084e-05,-1.755857617536980229e-05,-1.944644751508879823e-05,-1.419334420996248172e-05,-7.467322040345123542e-05,-8.121622877345561665e-06,-4.163896151890256035e-05,-8.102326892494962063e-06,-6.386873218787839405e-05
8.815073453948978760e-03,7.962581854659971092e-03,2.093220507370768899e-03,3.073458068910790101e-03,6.742284347728570628e-04,1.584176690109709686e-03,1.771515515944672168e-03,5.101769969470689413e-03,3.135506292131861814e-03,1.056925271360679541e-05,1.279298386331052763e-04,8.110067614456722827e-06,2.678445938762865865e-05,5.875741176308920323e-06,1.380572477896496757e-05,1.543833829110598769e-05,4.446071737062554688e-05,2.732519496224096887e-05,1.099306581975689756e-02,1.330596565823513600e-01,8.435270638729697526e-03,7.990171008167748501e-02,7.217454399856997049e-02,1.897339812205824094e-02,1.605739531266119416e-02,4.624353354893949442e-02,2.842089927236646565e-02,4.634453754685968416e-03,5.609525451371678156e-02,3.556139144841184881e-03,3.368494161368069256e-02,3.042732499843408059e-02,7.998800117060434617e-03,1.174457094931826220e-02,2.576421578135888735e-03,6.053596670620365293e-03
3.314649165944183549e-03,8.933364098797698816e-04,3.456893883043893594e-03,1.524419405381203441e-05,7.345108409085352819e-05,1.784412492564910657e-04,1.768505943794501829e-03,9.932127729421153049e-04,7.672357059246276813e-05,5.166520560655725305e-07,3.660408251490273364e-07,1.054267458732843741e-07,2.941879107715148213e-09,1.417485299407320690e-08,3.443623069144741953e-08,3.412926042238400802e-07,1.916737543434486269e-07,1.480638914714099200e-08,2.196320374628181945e-34,1.556062562380445640e-34,4.481757253722300425e-35,2.719289525258380987e-34,7.328800787959145856e-35,2.835985003382202788e-34,1.450856319192894554e-34,8.148171811254083277e-35,6.294289121035116207e-36,3.110923930226618410e-10,2.204046512594312268e-10,6.348074739520532049e-11,3.851670710277383082e-10,1.038069947103476434e-10,4.016961147700971746e-10,1.771397598940982364e-12,8.535123177969119877e-12,2.073513361015858529e-11
1.558123711497004515e-02,5.912173610296563714e-02,2.750763267467085799e-02,9.331979087611425028e-02,1.079673806655333523e-01,8.618081534983974834e-02,7.894110840346180158e-02,9.488864733614685992e-03,7.920544819178181040e-02,8.925358980864533248e-03,7.009750101707269698e-03,4.683245564296297653e-02,1.823029925062440507e-02,2.109174956737440432e-02,1.683567910665471554e-02,1.542138077957739065e-02,1.853678003545212180e-03,1.547302034498659710e-02,3.219308626520075295e-02,2.528363175145963149e-02,1.689210806822984412e-01,1.097890173986820414e-02,4.165854909821300328e-02,1.938251719059215158e-02,5.562373937337758423e-02,6.686074588593833579e-03,5.580999933081796927e-02,4.320204639746343805e-03,3.392978924184941302e-03,2.266864476747866217e-02,1.473331939819906610e-03,5.590438133722634186e-03,2.601069062063637340e-03,8.824140695670156312e-03,1.020918873254245823e-02,8.149092842740216294e-03
-1.785142382397759716e-12,-6.798680150445934312e-12,-1.408740931216414413e-12,-3.657558924170263168e-11,-1.212664243670018936e-11,-1.030088089622870804e-11,-2.178149716804495791e-10,-1.294992323109084102e-10,-1.149858535800466548e-11,-3.451275216812152642e-07,-2.557754981232300116e-07,-2.222219670292620790e-07,-4.658989198142646893e-07,-1.544688610454615325e-07,-1.312123572630362303e-07,-2.774521535516132487e-06,-1.649557907371669944e-06,-1.464686860486273264e-07,-5.032569317756755652e-13,-3.729658874547467723e-13,-3.240389081563898648e-13,-3.315762425490511602e-14,-1.262801690669505940e-13,-2.616626154326053708e-14,-4.045742826615559366e-12,-2.405347006828847233e-12,-2.135772342436716266e-13,-8.914181141333652743e-32,-6.606338175172589437e-32,-5.739695455270136262e-32,-5.873204126202774561e-33,-2.236798403648839759e-32,-4.634825284276644836e-33,-1.203354442597063272e-31,-3.989723570427417884e-32,-3.389039259826017574e-32
5.144436904844792253e-04,2.018467792426112493e-03,1.016146300574914457e-03,1.435413889861836614e-02,2.179993242940734231e-03,4.004094625500977112e-03,1.126292286502412164e-03,6.834458882200908749e-04,4.996747933562061157e-03,3.979211141127273789e-03,5.218855576452523931e-02,1.966820670198228538e-02,2.134442290967641237e-02,3.241622367332862038e-03,5.954038041618891532e-03,1.674782378295631459e-03,1.016275387683002315e-03,7.430100949996098526e-03,1.245582318585897880e-02,1.633618825122494511e-01,6.156589745409093289e-02,2.394531578202045360e-03,9.395167941502665168e-03,4.729758474651232086e-03,5.242444403926028659e-03,3.181169857082205739e-03,2.325788212887247922e-02,8.661511048570437812e-03,1.135983330191705776e-01,4.281159848344370800e-02,1.665105662730835328e-03,6.533197341857434857e-03,3.288972127652768813e-03,4.646020236190555319e-02,7.056008579125709092e-03,1.296009798225513515e-02
2.732560328455736873e-04,5.162012192499211967e-05,5.530291341633254758e-05,1.955950216489700923e-04,3.070581131210322625e-04,7.002126531648018371e-04,2.595967364194075094e-04,5.284483017671711943e-04,3.091416373158463373e-04,1.668754122046367473e-04,2.328857430581926166e-04,9.751728219040824250e-05,8.433490783990348148e-05,1.323945643055852582e-04,3.019114140796885911e-04,1.119305934113263781e-04,2.278516009864025140e-04,1.332929195882018617e-04,7.056950114927811176e-04,9.848443515598377922e-04,4.123882522112672479e-04,4.982462432035073951e-04,9.412246659296748740e-05,1.008375499012990266e-04,4.733403223414179260e-04,9.635556014661342218e-04,5.636788977956381456e-04,3.348787655727604798e-03,4.673456030729471362e-03,1.956937013697879375e-03,2.364365400887673101e-03,4.466464253253231171e-04,4.785120155929301609e-04,1.692398506107460751e-03,2.656840074727673424e-03,6.058635021398521558e-03
-4.213414971681528169e-03,-2.776237413953523778e-03,-9.282200242563308848e-04,-2.561668331435211759e-03,-3.279320059802027110e-03,-4.846827476898871688e-04,-2.256070411926803642e-03,-1.257875822636112320e-03,-4.038548844990737957e-04,-1.036149837113214945e-04,-3.089581857842943805e-04,-3.070208267485824882e-04,-2.193921884384764684e-04,-2.808549396037839162e-04,-4.151029522798613546e-05,-1.932194807852451201e-04,-1.077298439167456603e-04,-3.458785270307772938e-05,-2.424457371983827509e-03,-7.229224233112879067e-03,-7.183892523083396792e-03,-8.443538432411724914e-03,-5.563484123867524361e-03,-1.860120947311920576e-03,-4.521087373866852430e-03,-2.520739809160271912e-03,-8.093112739437217148e-04,-2.706432888185171613e-04,-8.070016180384477922e-04,-8.019412184488656841e-04,-9.425560692550294384e-04,-6.210542853723380720e-04,-2.076461548048500339e-04,-5.730544106005908871e-04,-7.335956809786065924e-04,-1.084252722717190929e-04
6.854740427309240858e-12,4.319716380114225348e-11,5.185244867347310183e-11,4.276614954011417550e-12,6.270649314677961373e-11,2.292523577378531652e-10,8.599804245680137582e-11,8.251107700561043261e-11,2.147308704036336571e-12,5.797162011756353504e-03,4.228595056951867624e-03,3.772760761624265827e-03,1.541061834713799527e-04,2.259604486641995490e-03,8.261020990364732058e-03,3.098906553791186316e-03,2.973255088003845699e-03,7.737744750752508351e-05,3.244727430575535254e-01,2.366785393656943848e-01,2.111650546839297093e-01,1.382527285175296460e-02,8.712402494387198881e-02,1.045808019347106710e-01,1.734487854485576852e-01,1.664159518498864176e-01,4.330890286081889515e-03,5.850512473455567707e-03,4.267510218917308293e-03,3.807480945070088833e-03,2.492811276100326354e-04,1.570918376282118235e-03,1.885678533233478213e-03,1.555244008719336673e-04,2.280399306999869331e-03,8.337045997609498008e-03
-1.404864926525894828e-07,-4.989979566934844475e-08,-1.258461745052070276e-07,-4.570438043185737799e-08,-9.838705152311347213e-08,-2.481058264681053029e-08,-4.880225562634016827e-08,-7.372647524697569336e-08,-1.285327536792265164e-07,-2.089750424969885959e-02,-2.475485487130560380e-02,-5.199456302787426945e-03,-3.553473652039264730e-03,-7.649503001369211373e-03,-1.929000041005499285e-03,-3.794330606599965842e-03,-5.732165818076418243e-03,-9.993303690094976210e-03,-2.593286695558108534e-02,-3.071966633965571986e-02,-6.452292433125687322e-03,-1.355457651565827350e-02,-4.814488466079801070e-03,-1.214203279849815874e-02,-4.708594367572104672e-03,-7.113361086152066720e-03,-1.240124236585261192e-02,-3.029536031566812046e-02,-3.588740736344545740e-02,-7.537713607154146976e-03,-1.583476212528000734e-02,-5.624394058140406126e-03,-1.418459668285910504e-02,-5.151512992864395318e-03,-1.108957542935322046e-02,-2.796494289122698068e-03
-1.042226296971842129e-03,-1.091647975416897487e-03,-6.554361882490779972e-03,-1.574279298439750299e-02,-2.935482178069242186e-03,-1.427982460428124396e-03,-3.038552888837796687e-03,-3.318122515405729552e-03,-8.730041817805216792e-03,-3.595416120600597454e-02,-6.256964499378515898e-02,-1.400028318171503972e-01,-2.674814916692660471e-01,-4.987597515489766015e-02,-2.426245958842362938e-02,-5.162722142302227785e-02,-5.637731251638312263e-02,-1.483297538166146734e-01,-2.956858725259956572e-10,-5.145707604642619293e-10,-1.151378813839472635e-09,-1.456315233816011373e-10,-1.525372734484923070e-10,-9.158488022368711455e-10,-4.245806187799236586e-10,-4.636452161006850193e-10,-1.219859154202865300e-09,-3.669442994684996202e-08,-6.385790623423561094e-08,-1.428853832812229969e-07,-1.807278003215855391e-08,-1.892977925195629344e-08,-1.136562576645682610e-07,-2.729887314544625714e-07,-5.090288342052883128e-08,-2.476200511547379669e-08
-3.407309086070868450e-75,-2.447918442519464045e-75,-6.339612932869748286e-76,-3.182304354745593099e-75,-3.134580309616113280e-75,-3.503669302271865653e-76,-2.792006098311977831e-77,-3.837924238818777828e-77,-9.986354323258370325e-78,-3.589193861228717635e-29,-5.397524605668959787e-29,-9.804064465330244735e-30,-1.143441441557236174e-30,-1.126293599969294366e-30,-1.258911854787017576e-31,-1.003202435093790036e-32,-1.379013801014361716e-32,-3.588221021744612793e-33,-1.858639549072498346e-27,-2.795071285381590794e-27,-5.076967882331367075e-28,-6.339894109505578033e-29,-4.554780127732863318e-29,-1.179595794639052247e-29,-5.195015353539118793e-31,-7.141128867317971823e-31,-1.858135770784122858e-31,-1.100376581198571561e-184,-1.654775390284414738e-184,-3.005734255467965927e-185,-3.753428688666430807e-186,-2.696581694695454670e-186,-6.983600388514658885e-187,-3.505567636936660087e-186,-3.452995711231275150e-186,-3.859577321149913456e-187
-3.792945682726872052e-06,-2.435495302381598593e-05,-1.974448075790126168e-05,-8.114966720630107766e-05,-1.888765116671413063e-05,-5.195792749086713957e-05,-1.097587064414703395e-05,-2.920612415801088644e-05,-7.366799090274624737e-05,-8.091073053361149681e-01,-2.578767817703286336e-01,-3.154686948824820258e-01,-7.791142066910814457e-01,-1.813394664651160060e-01,-4.988456619969529604e-01,-1.053788270988072207e-01,-2.804066490629183450e-01,-7.072829780657721166e-01,-4.805108241857695972e-02,-1.531472823562745646e-02,-1.873498380042674938e-02,-2.162659048341650063e-03,-1.388668964302811754e-02,-1.125789387397288684e-02,-6.258214049858660394e-03,-1.665272692012345970e-02,-4.200396220397097091e-02,-3.411836408624746020e-01,-1.087412494214830827e-01,-1.330265555486810636e-01,-1.535582240645039752e-02,-9.860155262816379385e-02,-7.993595621647124616e-02,-3.285361779994258602e-01,-7.646706313561853208e-02,-2.103527901257411514e-01
1.917956277881438365e-06,5.479920379188166631e-07,3.379175330157314620e-06,2.313990539794517795e-05,2.116183071250796736e-05,1.372717743397698498e-05,7.015974895733751952e-06,3.491080360796539864e-06,2.616736529991905783e-06,7.308221274267595132e-06,1.901234051013710229e-05,4.050446609132869178e-06,1.074914451761403814e-04,9.830272538894252498e-05,6.376664533375827270e-05,3.259119982957714104e-05,1.621706168433103789e-05,1.215548579031814837e-05,3.093946194192785746e-03,8.048902237149499830e-03,1.714762512081110255e-03,3.771829856810775955e-03,1.077674581925243706e-03,6.645445753207970645e-03,1.379753224384987903e-02,6.865516846882009291e-03,5.146042735725502200e-03,2.899931064015083722e-04,7.544171799930120964e-04,1.607233210947915018e-04,3.535306008383536916e-04,1.010095780880198853e-04,6.228723243515493172e-04,4.265302996226029084e-03,3.900690966165464967e-03,2.530285670228697367e-03
-1.650973862936503135e-10,-6.165705704522275017e-11,-6.294501578605491707e-10,-8.892488667427368297e-11,-2.969447811499082604e-11,-2.556393321538754569e-10,-2.196977241718708438e-10,-5.317632021103683126e-11,-3.803791510801338620e-10,-1.291544980921917091e-04,-1.233781090767516289e-05,-6.632681082874836617e-06,-8.186691275330623761e-06,-2.733762549509339518e-06,-2.353492220733913119e-05,-2.022603018068491908e-05,-4.895571228788836282e-06,-3.501884336239813555e-05,-5.076174259955098383e-03,-4.849144170652795282e-04,-2.606850360205600447e-04,-5.973821990182227263e-04,-2.230975859130470925e-04,-2.277578875817516321e-03,-7.949460165992864409e-04,-1.924112053891918175e-04,-1.376349673572477110e-03,-1.265189036665487541e-06,-1.208603906748966322e-07,-6.497331114059857414e-08,-1.488919351842069648e-07,-5.560499016560950361e-08,-5.676652684202200206e-07,-8.019629359497698862e-08,-2.677975957149426261e-08,-2.305465624143117723e-07
8.249700832197049555e-03,1.810598367730614083e-02,3.039536030225132440e-02,1.758214282039459193e-03,5.108633666063625706e-03,5.303878967380798448e-03,1.547420573919795588e-02,2.271347070253650416e-02,3.445526298412765497e-04,1.066253369840521222e-02,5.780147565897877406e-03,1.266719537260390868e-02,9.554091257279340860e-03,2.776018415057215222e-02,2.882114210398810036e-02,8.408643660585107815e-02,1.234244165107425822e-01,1.872290142371432113e-03,2.609401580150539929e-03,1.414553671629955245e-03,3.099994856409418222e-03,1.097074916608975492e-02,2.407798893188960523e-02,4.042084440050109501e-02,2.057815588253229799e-02,3.020519105327292009e-02,4.581984914837853575e-04,6.056875526172711063e-03,3.283425433374244883e-03,7.195627963084265562e-03,2.546501950230106379e-02,5.588920578204217143e-02,9.382381962936731101e-02,5.427222379582365315e-03,1.576923316160741551e-02,1.637191264137351221e-02
9.410086434568887270e-02,8.580730875271583291e-02,6.035027626673315770e-02,2.823672798569698897e-02,2.912058706272002175e-03,1.049459564662910162e-02,4.884761109276795563e-03,2.581827388142284713e-02,1.454632181037960464e-02,9.262811602367582666e-06,1.253038452918341611e-05,1.370483192342172365e-06,7.924266468727482297e-06,8.172309898216966637e-07,2.945170291244835401e-06,1.370843983254481580e-06,7.245559120823589267e-06,4.082233969307581742e-06,2.718001329063496341e-02,3.676810375295989919e-02,4.021430315276088539e-03,7.748990836695894557e-02,7.066035512741737634e-02,4.969707143868609678e-02,4.022488989705917325e-03,2.126075771116084714e-02,1.197856313010851707e-02,1.096466658741217758e-02,1.483259019749970202e-02,1.622281863515750598e-03,3.126013957563363033e-02,2.850503517550607296e-02,2.004825431353817952e-02,9.380190757328871545e-03,9.673807168878829302e-04,3.486285986686506362e-03
-5.866690346720726369e-06,-1.616137970833296641e-04,-6.596808872530476159e-05,-9.522432523122665356e-04,-1.814559624046726063e-03,-2.751910398566507370e-04,-2.304544187591002849e-06,-1.214341136242006413e-04,-2.475551147529441573e-05,-4.620348583434014805e-02,-5.772508521497266010e-02,-9.496831504706612637e-02,-2.066623250257816069e-01,-3.938081051168546010e-01,-5.972383630436923357e-02,-5.001478968485544539e-04,-2.635445953340567055e-02,-5.372609935816139402e-03,-5.494073969981987076e-13,-6.864111708620453154e-13,-1.129271824952525908e-12,-1.514001596967443491e-14,-4.170725441694787309e-13,-1.702421395648203333e-13,-5.947277551891075036e-15,-3.133818747671463306e-13,-6.388590788380644121e-14,-7.036202608997681185e-02,-8.790795496480201254e-02,-1.446246520234707733e-01,-1.938965883024670704e-03,-5.341404100964822904e-02,-2.180273132673645961e-02,-3.147204078371022007e-01,-5.997196026729650908e-01,-9.095179838397025873e-02
-1.340681093587295022e-02,-1.218487745875341116e-01,-4.729593226663735689e-02,-7.495341529720084273e-02,-4.033951834135410947e-02,-2.335116298968232390e-02,-1.410393579923914231e-01,-1.646095451555381478e-02,-5.870175409047016096e-02,-4.943059554012649423e-04,-2.477138295412579638e-03,-4.088924402648912767e-04,-3.374088030381530538e-03,-1.815915731754549726e-03,-1.051171307225512441e-03,-6.348999678372169338e-03,-7.410030534213582184e-04,-2.642506482909422715e-03,-2.263631206540683838e-02,-1.134383975580675608e-01,-1.872487429674636605e-02,-2.763759810954232246e-02,-2.511863170367896747e-01,-9.749865008567357161e-02,-2.907469279955033348e-01,-3.393359148394002600e-02,-1.210112901298969340e-01,-3.971510665049177852e-02,-1.990261507378882355e-01,-3.285254141944825290e-02,-4.848979609895545662e-02,-4.407030324301655089e-01,-1.710600770674571280e-01,-2.710917489674399272e-01,-1.459000972310624811e-01,-8.445655998724239943e-02
-1.415583861186049328e-03,-3.384934806998797247e-03,-2.813021529548475133e-03,-6.797580298349830416e-04,-2.155783764904045142e-03,-4.459590054840478768e-03,-3.420770128903986504e-03,-9.223565433965430840e-04,-1.312176059666434955e-03,-1.830471574460324213e-01,-5.141680960716420862e-02,-3.040821025463348246e-02,-7.186205497358464506e-03,-2.279032311869911426e-02,-4.714549760572830234e-02,-3.616339348208512383e-02,-9.750886891751542676e-03,-1.387194619203867448e-02,-2.415911257986767466e-02,-6.786144669650679556e-03,-4.013366747367101348e-03,-1.975144514072641085e-03,-4.722952555375669811e-03,-3.924969897156564691e-03,-4.772953082657576881e-03,-1.286951283255163836e-03,-1.830861043849512163e-03,-4.186009733269391991e-02,-1.175824134459475985e-02,-6.953894606898027020e-03,-3.422300439715490229e-03,-8.183382274995957759e-03,-6.800730837265187359e-03,-1.643375760483220104e-03,-5.211799829634378156e-03,-1.078145733651134780e-02
3.488810664122275057e-02,1.348173977385020539e+00,7.333672618048743264e-01,8.223507641834351123e-01,3.405325345039906804e-01,9.154843696361494865e-02,5.816939779112936248e-01,1.115133852456543506e+00,4.091470587599694286e-01,1.987090622682650861e-05,2.205128640632688709e-06,1.174286235695003816e-05,1.003514712219515502e-05,4.155518827826218876e-06,1.117165659411921777e-06,7.098412140750042673e-06,1.360797941429953886e-05,4.992821929638118312e-06,8.284501749820185647e-04,9.193537462945231735e-05,4.895788980812221898e-04,1.774977143110057425e-05,6.859007911787093825e-04,3.731099943585931269e-04,2.959442671094539919e-04,5.673386406357472725e-04,2.081588103756729330e-04,1.348785323333183547e-04,1.496783846995199533e-05,7.970748903033517585e-05,2.889809420259549663e-06,1.116703150463505050e-04,6.074538935195713065e-05,6.811596311411768120e-05,2.820657871275079659e-05,7.583029319077435136e-06
-4.717846680805333083e-23,-3.315929083881359649e-22,-4.415469713699174486e-22,-2.321887233525140174e-22,-3.811094103759607843e-23,-4.766475107306032010e-22,-1.989670493892311518e-23,-1.310805596349493080e-22,-1.617132043465908018e-22,-1.101890229441278106e-04,-1.215611981976470258e-04,-3.544756345324452337e-04,-5.441575519214654610e-06,-8.931681124305149017e-07,-1.117071229057244938e-05,-4.662992282545302692e-07,-3.072004333610879236e-06,-3.789911074062685162e-06,-4.806305977610189930e-08,-5.302345895553149335e-08,-1.546177936466810997e-07,-4.822813228224753909e-10,-3.389704611356376493e-09,-4.513708728749767010e-09,-2.033938325463850517e-10,-1.339969481294439468e-09,-1.653111332071150882e-09,-1.599983480824567199e-04,-1.765111476885470113e-04,-5.147111249859246578e-04,-1.605478621670815340e-06,-1.128407431468135572e-05,-1.502580034832522950e-05,-7.901359598058581266e-06,-1.296911604536775558e-06,-1.622026827756019155e-05
1.918214025717921919e-02,2.289596245919262377e-02,3.898265723899791389e-03,4.650910154621725433e-03,1.183650449143735552e-02,5.729718706962531015e-03,2.515413786584234923e-02,6.318862807298595771e-03,3.267738450613766332e-02,1.712497053825044952e-04,7.622211814498258600e-04,1.820245341293162417e-03,2.617772826153137852e-04,6.662197029012360350e-04,3.224982086072513202e-04,1.415805001201262845e-03,3.556582862108923502e-04,1.839252239799118917e-03,8.431709413476960907e-07,3.752898433563445286e-06,8.962222588785327996e-06,5.315900765736525135e-06,6.345103452339939582e-06,1.080317079788190912e-06,6.970906215349342464e-06,1.751131374578021787e-06,9.055805608210504404e-06,4.319886462939006480e-06,1.922753067607247302e-05,4.591688605546333365e-05,2.723538802170683609e-05,3.250838610009429370e-05,5.534876618493841207e-06,6.603504145884412159e-06,1.680583023181260547e-05,8.135229445053833637e-06
-4.161231417527972570e-02,-2.858363531801249094e-02,-3.282938154121553542e-02,-1.403550890184047245e-02,-2.067989906584048396e-02,-8.252026952351401712e-03,-3.020121989157232428e-02,-2.664655918722158914e-02,-8.972875669707433555e-03,-5.226640438991946719e-02,-6.807810606704203793e-02,-4.792482660059328020e-02,-2.273784997630942314e-02,-3.350191615942353651e-02,-1.336847506957326848e-02,-4.892667674529813798e-02,-4.316804395346465761e-02,-1.453626671186328788e-02,-3.273034667622807398e-02,-4.263197437520811761e-02,-3.001155727747110286e-02,-4.221541689892375354e-02,-2.899790856028705219e-02,-3.330518996032091200e-02,-3.063893738782251519e-02,-2.703275766572636046e-02,-9.102922889204171503e-03,-2.910381329365333697e-02,-3.790833732467076278e-02,-2.668626667158664756e-02,-3.753793455638413518e-02,-2.578493057203037550e-02,-2.961496374918759153e-02,-1.266125244569609766e-02,-1.865507153714868888e-02,-7.444047605477898365e-03
-6.844939470367521210e-131,-6.830510780676974017e-131,-2.976898786697238551e-131,-1.435318190712396075e-131,-3.361295372796371872e-131,-6.711142952012838995e-132,-1.783381203295615711e-133,-1.042318573802422507e-132,-8.129574877480674401e-133,-4.630263649814440836e-61,-3.107106272801655393e-61,-1.108715046409736190e-61,-7.093927572001796615e-65,-1.661289188489088903e-64,-3.316920410748769204e-65,-8.814196859839803196e-67,-5.151563268237009971e-66,-4.017967287336322044e-66,-2.649980878189859025e-44,-1.778251268641716105e-44,-6.345370144235582513e-45,-1.936177605351666282e-47,-1.932096268186546872e-47,-8.420534307357824900e-48,-5.044519038589154264e-50,-2.948329768254174859e-49,-2.299552959810439054e-49,-5.115890081628331552e-16,-3.432982518010218533e-16,-1.224998129319693138e-16,-3.737865389525205633e-19,-3.729986211039555767e-19,-1.625616558201315885e-19,-7.837945406596425047e-20,-1.835526770154492498e-19,-3.664802161229009785e-20
-8.511847543183706176e-11,-2.960139788553269092e-11,-1.389035765401896555e-10,-9.720428618929591798e-11,-1.304619520716997798e-10,-2.682072909475668470e-11,-1.797975840075857019e-10,-2.742485706428259548e-12,-4.762037994503909481e-10,-1.264908590687714718e-02,-7.469687389034120051e-02,-5.542714709371941023e-02,-8.083421567748619307e-03,-1.084909934005661401e-02,-2.230387861756381439e-03,-1.495180640044715958e-02,-2.280626603791232514e-04,-3.960068237757417842e-02,-3.697822089304038037e-03,-2.183681511116046178e-02,-1.620352098002795019e-02,-2.069286002355323010e-03,-7.196294104648915183e-04,-3.376837110315501680e-03,-4.370997271234517215e-03,-6.667162746019903211e-05,-1.157682690475612952e-02,-3.097506676317597976e-02,-1.829176173509821923e-01,-1.357299329263705889e-01,-1.733351971163250502e-02,-6.028026361346728278e-03,-2.828631351490441120e-02,-1.979467327356669235e-02,-2.656726176520591079e-02,-5.461771185230059403e-03
3.687653913098602851e-04,8.561767647427603791e-04,2.757195988313273279e-03,1.918119567399919397e-03,1.655851801723821486e-05,3.222273160752381349e-03,6.214034238445653203e-03,1.114991814617078726e-02,1.918976537329549750e-03,3.733630000455098741e-02,2.000144334392565601e-02,1.202987617360370097e-02,2.052478391385341785e-02,1.771839514145384892e-04,3.447984237265378643e-02,6.649309675218584292e-02,1.193093822182954011e-01,2.053395389622848094e-02,5.507916806873650734e-02,2.950648188018386089e-02,1.774668543833326020e-02,5.821155059905690383e-03,1.351519915834016074e-02,4.352378438093500168e-02,9.809178871441427694e-02,1.760073042743283966e-01,3.029205083600132117e-02,5.293104759448200907e-07,2.835571145149941716e-07,1.705455409944551105e-07,5.594126533396561552e-08,1.298809831343583394e-07,4.182633077689636343e-07,2.909764261799399549e-07,2.511907222771978482e-09,4.888149542013302208e-07
-3.600324836190807423e-23,-3.741301765814267615e-23,-7.126644439788907016e-23,-1.299414982475293341e-21,-1.304142335404531734e-21,-1.527063294881741699e-21,-9.342957173572174399e-23,-1.730682642575145626e-23,-3.222213147453851826e-23,-2.934688152271242081e-09,-4.356709425044637318e-09,-3.318883228865673718e-09,-2.229194221229738924e-06,-2.237304169147606858e-06,-2.619733278677312849e-06,-1.602818685440245159e-07,-2.969049762887811229e-08,-5.527825232699447657e-08,-2.338616707772199287e-22,-3.471807879972761285e-22,-2.644777014608274118e-22,-4.921968322934593277e-21,-5.114696483153989354e-21,-9.742764827456797012e-21,-1.277266395204227347e-20,-2.365999050469056131e-21,-4.405055588898183676e-21,-7.241540743606058089e-10,-1.075047404443853226e-09,-8.189567980673216014e-10,-1.524090460433886670e-08,-1.583768851511426490e-08,-3.016853006263248090e-08,-5.500686935323264039e-07,-5.520698778227359892e-07,-6.464368372578316124e-07
2.047974041889490948e-01,4.965170868476598970e-02,1.612162773949176175e-01,3.762731664297573608e-02,8.957570942325360219e-02,9.236739386795872128e-03,3.404693241796229869e-02,6.168831388319488684e-02,8.109664204621799821e-02,4.438622779728833290e-03,2.886670564072170517e-03,3.565337013230495278e-03,2.859776289842028488e-03,6.807992512062932544e-03,7.020167965854665027e-04,2.587657551948202139e-03,4.688476169517830777e-03,6.163560806371629411e-03,6.897029953319767925e-02,4.485502448349203142e-02,5.540059922693552769e-02,2.418617189120195743e-01,5.863769444234172290e-02,1.903932626575535469e-01,4.020875963199375958e-02,7.285268918158879781e-02,9.577354420564199167e-02,2.181193554687360333e-04,1.418545242820703546e-04,1.752050241589067007e-04,7.648904325296969038e-04,1.854423745365932721e-04,6.021208551728320047e-04,1.405329067326655836e-04,3.345530837963817464e-04,3.449796452601532976e-05
2.270546040493382281e-02,5.315921501917805639e-04,2.430125933372841163e-02,1.190180699565041196e-02,5.598310053182310557e-03,6.125685301044804174e-03,6.413016744612202308e-03,1.595390017540963823e-02,3.346346372245077860e-02,1.913427655599209826e-02,1.998644067028668495e-02,1.468550385203515026e-03,1.506777440002267897e-02,7.087501329298796955e-03,7.755162236743536573e-03,8.118925938447707491e-03,2.019775389832876092e-02,4.236498896323067503e-02,2.240019723978407479e-05,2.339781239314543069e-05,1.719208886150333773e-06,3.365164619651203745e-05,7.878699942684127815e-07,3.601677158903211675e-05,9.504699164571996016e-06,2.364519347252235022e-05,4.959602763452574834e-05,1.077762544516554739e-08,1.125761775711957037e-08,8.271797448292096747e-10,1.619114485630899575e-08,3.790755771841381823e-10,1.732910071172258182e-08,8.487116212650500739e-09,3.992125568257994295e-09,4.368194094484312994e-09
6.202034025012487456e-05,7.245561235663293756e-04,1.473017571474787924e-04,3.102771342923684285e-04,5.751655297518543488e-04,5.448764529742790768e-05,1.368251883006190433e-05,2.904767251558986146e-04,1.730489676763463072e-04,6.698050466381479107e-03,1.204738161578062551e-02,1.964153342670709596e-02,2.634877898747343961e-02,4.884313972799714243e-02,4.627098696022364371e-03,1.161921472129929774e-03,2.466732538829589927e-02,1.469534328951880783e-02,6.962658477375480767e-04,1.252331617361019701e-03,2.041747668347997612e-03,5.474841433876590511e-04,6.396014388943892064e-03,1.300305287042052751e-03,1.207823444832983422e-04,2.564181370251502647e-03,1.527588617706953159e-03,4.850310626352022370e-03,8.723962795447048543e-03,1.422317415725186766e-02,3.813871048050251639e-03,4.455576366096412194e-02,9.058155834779823418e-03,1.908014329778336474e-02,3.536915716538117926e-02,3.350656446549780693e-03
-3.669572039679325215e-03,-4.117532553834367393e-02,-1.002661879482862235e-02,-2.988300789962647103e-03,-1.560794086555349937e-02,-9.850666143300062898e-04,-2.086265952926087686e-02,-3.192608115191328255e-02,-1.489567451979551850e-02,-2.029164716032818075e-02,-3.077886307481243061e-02,-3.534311364897560134e-03,-6.712294709377558156e-03,-3.505841823153352937e-02,-2.212647885367126279e-03,-4.686152065152499047e-02,-7.171208009814322715e-02,-3.345853188797748290e-02,-7.191375852960746155e-03,-1.090805349358397840e-02,-1.252562751833202282e-03,-2.921169854421090239e-03,-3.277769680169444894e-02,-7.981709106270828968e-03,-1.660776009870988668e-02,-2.541481808296106037e-02,-1.185773024701198934e-02,-1.456303828315218783e-02,-2.208957004469928875e-02,-2.536527040161217893e-03,-5.915572943390233138e-03,-6.637712492250082141e-02,-1.616351831085987081e-02,-4.817322322239922863e-03,-2.516094838524317659e-02,-1.587987195279816745e-03
-1.135206302091396752e-02,-6.414372100827145026e-03,-3.660739442205147159e-03,-1.484052401387131633e-02,-9.346084377444892344e-03,-1.292710382482824098e-02,-4.679690765237495831e-02,-8.435546779380397389e-03,-5.455812864494334613e-02,-4.923025090013700549e-05,-4.849424604824669832e-05,-6.921849974417995774e-05,-4.684053269834104259e-04,-2.949865991753233547e-04,-4.080128362285248707e-04,-1.477031458608522646e-03,-2.662476772239527525e-04,-1.721995669671186379e-03,-1.493729375659041406e-05,-1.471397739159234952e-05,-2.100206773608819891e-05,-1.087144456526649476e-04,-6.142803346551538833e-05,-3.505752728865110329e-05,-4.481564156501042433e-04,-8.078406455354835650e-05,-5.224827153051044308e-04,-2.345075216899832562e-15,-2.310015742163717265e-15,-3.297212289864890383e-15,-1.706758642987699526e-14,-9.643872661961736707e-15,-5.503844253858424332e-15,-2.231241368240926891e-14,-1.405164000579347386e-14,-1.943562693510182892e-14
-7.985447276382634887e-05,-2.704946083975231930e-05,-9.259573293155303148e-05,-1.053845038916575994e-04,-8.601585903176930093e-06,-1.259664673360309914e-04,-2.040037323146160842e-04,-1.111453208323775045e-04,-9.168908631213684973e-05,-8.245483065659262381e-03,-1.122350486189153951e-02,-8.179854514524832754e-03,-1.644472886815381840e-02,-1.342234795348085877e-03,-1.965644212691659148e-02,-3.183377007168186612e-02,-1.734367576405228956e-02,-1.430762691753966268e-02,-3.108629614878446686e-08,-4.231373628273734734e-08,-3.083886994462702828e-08,-4.697881789986179452e-08,-1.591334400063574993e-08,-5.447457011658098761e-08,-1.200164982573390524e-07,-6.538739292974551042e-08,-5.394118501041351816e-08,-1.192101306436319722e-04,-1.622652633219074433e-04,-1.182612974349056827e-04,-1.801549786607467584e-04,-6.102469744910481430e-05,-2.088997862361043187e-04,-2.377517801153814945e-04,-1.940553197838392247e-05,-2.841855371333983646e-04
1.369259686647144973e-02,7.267680094574667862e-03,1.082317633430774674e-02,5.270723594967750142e-02,1.650776165393739309e-02,4.113805743281113286e-02,3.661504158189961885e-04,2.346117046107145526e-02,4.088421379458816000e-03,1.213577243162823004e-11,8.008078774716111656e-11,9.601606414311169171e-11,7.903164880878600804e-11,2.475249551880754543e-11,6.168429152326837045e-11,5.490227395309832447e-13,3.517875584090096708e-11,6.130366672086862903e-12,1.465881573915257807e-01,9.672969054466064032e-01,1.159779322002077784e+00,2.479979464108010290e-01,1.316309649806874094e-01,1.960274979775983861e-01,6.631653008270582510e-03,4.249246619526616531e-01,7.404878096210858185e-02,1.176929756903104073e-07,7.766251599300149672e-07,9.311658047924006112e-07,1.991130579547119702e-07,1.056841168975614594e-07,1.573869265065446296e-07,7.664505884912738152e-07,2.400502209300810729e-07,5.982155535317696478e-07
1.179621500268057962e-07,8.090381118051449715e-08,4.914452510753032159e-08,1.169270140584842996e-08,3.676212055732047210e-09,1.579652773407796760e-08,6.074952929432841979e-09,7.529170390558215232e-09,5.048122774659991330e-09,2.131305380971674971e-06,5.000003451267535684e-07,1.998286288444728101e-06,5.618680972036560162e-07,1.766526143939812980e-07,7.590688132967978193e-07,2.919190462996803260e-07,3.617983983366835621e-07,2.425768895825865446e-07,6.420200528684216032e-17,1.506167304218773562e-17,6.019502789265357293e-17,1.707517272397999973e-16,1.171093057918687044e-16,7.113733129299210146e-17,8.793572390511900607e-18,1.089857084309188841e-17,7.307222553131582811e-18,5.961398546985094649e-21,1.398533198265447564e-21,5.589335569998712517e-21,1.585494244478310135e-20,1.087404111860600598e-20,6.605369746813102172e-21,1.571581289181612445e-21,4.941087505204396472e-22,2.123164404805391988e-21
5.962398008716900642e-20,4.026703990076355955e-20,4.628360597950021886e-20,5.971696346648730904e-20,3.760935196151763165e-20,4.475862020172050360e-20,1.931544466351027529e-20,1.037927669307393498e-20,3.665382653396467906e-21,3.606414079325829904e-14,1.282184033310235411e-14,4.246606434612982122e-15,2.642476766124626383e-14,1.664214537684694593e-14,1.980569792923529671e-14,8.547087927425409839e-15,4.592831905463266237e-15,1.621932519390731020e-15,5.496107648836688582e-10,1.954024501260267025e-10,6.471748832357754073e-11,4.020814754688870468e-10,2.715456229589704671e-10,3.121190593960843309e-10,1.302560224642423642e-10,6.999389978578561642e-11,2.471794843754261759e-11,3.616649386017939827e-04,1.285822979512195199e-04,4.258658661091389196e-05,2.645850143949665710e-04,1.786874226814482108e-04,2.053862982047442384e-04,2.649976337591789226e-04,1.668937718611791820e-04,1.986190816691135600e-04
-2.436026250451351054e-04,-1.584120783118512154e-03,-1.031647935954420640e-03,-1.332040987620809226e-02,-2.521103803910769783e-03,-9.040930285797423027e-03,-3.713089856248899079e-04,-8.668549890604896149e-05,-5.730394671372379765e-04,-3.382075035690848552e-02,-2.285248781708223986e-02,-2.253044146843196510e-03,-3.957878631838480932e-02,-7.490927806934448603e-03,-2.686321601410457047e-02,-1.103266276092039954e-03,-2.575676627063194497e-04,-1.702665821292444117e-03,-1.212862100127896804e-07,-8.195239926518032326e-08,-8.079749345546132577e-09,-2.595703211293990138e-09,-1.687956935216281639e-08,-1.099270527066590397e-08,-3.956475945980733872e-09,-9.236757109713524822e-10,-6.106011315644607227e-09,-1.348150200277852817e-01,-9.109373890976789345e-02,-8.981000970550755483e-03,-2.885239635898294037e-03,-1.876239252617632747e-02,-1.221888111655963956e-02,-1.577674893040492965e-01,-2.986005844522232611e-02,-1.070811548157287046e-01
1.720895030903743517e-01,5.673324324842735772e-02,2.864147201365937687e-02,3.559602210287061280e-02,3.013593543774083922e-02,1.393407285857445679e-02,5.127677791280731839e-02,3.233261358749772024e-02,1.332709688927696812e-01,1.465059268721151386e-01,3.662300094736804512e-01,3.822059319823785106e-01,7.893823833987344274e-02,6.682987349835312063e-02,3.090039558848933776e-02,1.137121025625927734e-01,7.170125780192442011e-02,2.955435715777612882e-01,2.033385415616751069e-01,5.082980435835900979e-01,5.304713498270748895e-01,5.296693623169979048e-01,1.746176276526796023e-01,8.815476798331026154e-02,1.578233289713422416e-01,9.951562712072076211e-02,4.101909055529728287e-01,1.968277510512820086e-02,4.920226141780358053e-02,5.134859431060280477e-02,5.127096348037882279e-02,1.690264653263599468e-02,8.533209982397581619e-03,1.060519274278221881e-02,8.978458404078498017e-03,4.151405680390208956e-03
1.329833607385720197e-66,8.979996770893807215e-67,1.192217828996003801e-66,1.097933232263053967e-57,9.090624096977885437e-58,2.717299767806159957e-57,2.437587082740562138e-58,5.922346976646862059e-59,1.298668606035483548e-59,2.533165021250570939e-114,2.602556071482214915e-113,7.900207051267247556e-114,3.770139332925902481e-109,3.121585034657999052e-109,9.330803033295854347e-109,8.370311297646117631e-110,2.033645819597724191e-110,4.459434734440661008e-111,2.713950536189278311e-08,2.788293848371101729e-07,8.464024642266772135e-08,4.892346630602013975e-12,3.303665714334468239e-12,4.386069690401838781e-12,8.967679027520588991e-04,2.178781925463157683e-04,4.777693196892986329e-05,7.042563949153285070e-25,7.235481072457791359e-24,2.196371452446241144e-24,1.269539129324664066e-28,8.572844917245425275e-29,1.138162831938353572e-28,1.048153086222581646e-19,8.678456415147326932e-20,2.594097759430551004e-19
6.281071683940547633e-08,1.119206788529209215e-07,6.563890582301286220e-08,1.413292646751500642e-05,7.261883340835939363e-06,1.262944642260269252e-07,4.276794938951161934e-05,8.863537068000154295e-06,9.705770053203317550e-06,1.285195238269806125e-48,4.711975029262515832e-48,2.658286805004933947e-48,3.745446816221216853e-48,1.924512796498421889e-48,3.347001061874977026e-50,1.133417627590773187e-47,2.348976113907230388e-48,2.572181043204535111e-48,2.228215281236542435e-11,8.169416173018517714e-11,4.608821371603907619e-11,2.885980057371340982e-13,5.142448031644680706e-13,3.015927579321091422e-13,1.965069899590176816e-10,4.072552026658616850e-11,4.459534968625574833e-11,2.030936039981723340e-06,7.446121508593832186e-06,4.200770681472906465e-06,2.630464371436909029e-08,4.687151699006581825e-08,2.748906744512999533e-08,5.918760588577247610e-06,3.041220727736712525e-06,5.289114743041051860e-08
7.050894468875711537e-23,3.006336331892290998e-22,7.868196154373812963e-23,1.797079644634153488e-22,4.739232438867828842e-23,1.743273514396939065e-22,2.651658250268172067e-23,1.681984895353744352e-22,5.731123654970097943e-23,2.096170757356580089e-05,4.796937376979283407e-05,6.304552976480914570e-05,1.280003715279824455e-04,3.375607278975349988e-05,1.241679288861603238e-04,1.888693371008957718e-05,1.198025319315011955e-04,4.082100419418659110e-05,1.731764758756876993e-03,3.963020221640864774e-03,5.208546405901490033e-03,4.149066153089131515e-03,1.769064673215195449e-02,4.630003539846472803e-03,1.560356000832546644e-03,9.897562118004809423e-03,3.372453137821041554e-03,9.128275884230441228e-02,2.088940875774027428e-01,2.745468072870085319e-01,2.187007231542665020e-01,9.324886831480654337e-01,2.440513322780671068e-01,5.574081693921165703e-01,1.469988759797478672e-01,5.407188831675735496e-01
-7.276051950572365312e-02,-1.196123235754643617e-04,-1.072968094672704792e-01,-2.172904987104509397e-02,-4.187155504182316773e-02,-1.308015825979043714e-02,-9.012322850544967484e-03,-5.611151738851850174e-02,-1.692580523622141259e-02,-2.657055154535697614e-02,-1.256491846360424380e-01,-1.147263566604687507e-01,-5.416259631890903148e-02,-1.043705153439445643e-01,-3.260406395203321178e-02,-2.246443389594324214e-02,-1.398655478813901620e-01,-4.218985928158508480e-02,-1.356709475366036245e-03,-6.415728295166825759e-03,-5.858001663600399291e-03,-9.260636074522087327e-03,-1.522372580879138463e-05,-1.365626181868540012e-02,-1.147048463534282043e-03,-7.141624958895625291e-03,-2.154241388402357033e-03,-1.802558658307710365e-02,-8.524099520041014677e-02,-7.783089755642029484e-02,-1.230391623310719273e-01,-2.022662866781834887e-04,-1.814405620978432609e-01,-3.674415895523072684e-02,-7.080544631680413259e-02,-2.211874965125651057e-02
2.823866326050701314e-01,2.421736074774090697e-01,6.627343457538206750e-02,1.300664888923289020e+00,5.838678650810521509e-01,4.033173343797195054e-01,8.277268582307900635e-03,1.612094411798291327e-01,1.114489602824337566e-01,2.540176953228080519e-08,8.532768054946145387e-09,6.195844347621344252e-09,2.812825506460278007e-08,1.262676064594954484e-08,8.722164294601423644e-09,1.790046951402797037e-10,3.486324816595968950e-09,2.410201742359759455e-09,1.573513940585018700e+00,5.285627628883824425e-01,3.838019017646642217e-01,3.782928499988947313e-01,3.244223826106769626e-01,8.878170405395612030e-02,1.108845519110222486e-02,2.159605728785895518e-01,1.493000728317708525e-01,4.127435264673489116e-06,1.386456472274823495e-06,1.006738779450065866e-06,9.922881578530978471e-07,8.509822176337778537e-07,2.328805145722854923e-07,4.570451351423921287e-06,2.051673490795737434e-06,1.417230734577936147e-06
