9.169076040873894677e-34,5.319983381005624200e-34,1.251032000982762745e-33,5.177500328588130522e-35,3.004033948508382252e-35,7.064199890248901807e-35,5.557609559429045983e-36,3.224576867121561582e-36,7.582822278732886091e-36,4.248159574546851691e-31,3.893376481671336644e-31,1.267985034305366825e-31,1.462166120055449356e-32,1.340053989080144030e-32,4.364254038400663524e-33,1.569511905469910487e-33,1.438434840600718372e-33,4.684658314682613245e-34,1.222010977335371830e-17,1.031626639986426287e-17,1.418259350523847979e-17,7.448630675478883900e-18,6.288164328114078716e-18,8.644840594748158832e-18,4.514803984846484285e-20,3.811415896803572787e-20,5.239857158446421785e-20,2.637036058397997225e-07,3.805516617733619321e-07,3.397896094426617063e-07,1.607375714394794964e-07,2.319609916819590790e-07,2.071149404584271809e-07,9.076365221910029481e-09,1.309813666392614870e-08,1.169515518792463346e-08
5.695881644654758879e-05,9.669726625053679458e-05,6.462290694841618145e-05,5.612569155545849670e-05,9.528289522881458191e-05,6.367768098214660196e-05,5.563543468597588579e-05,9.445060091518531979e-05,6.312145762580057007e-05,2.131741931952353653e-04,2.056617704951196597e-04,6.940562199908983790e-05,2.108747659328390992e-04,2.034433768198775033e-04,6.865697049959940026e-05,2.090327787833897734e-04,2.016663027157993709e-04,6.805725314213870950e-05,4.609176259494896171e-06,9.432188210412640666e-07,6.549523268740103352e-06,4.627139075991793949e-06,9.468947200837191481e-07,6.575047978144779869e-06,4.519632076394240255e-06,9.248945578627152120e-07,6.422283241937062376e-06,4.559762962341398065e-07,4.198098429792320340e-07,4.199153775134338148e-07,4.577533206035846194e-07,4.214459199588209391e-07,4.215518657807160396e-07,4.510578569481657912e-07,4.152815171837889913e-07,4.153859133579414726e-07
4.111423386358250437e-13,2.334336661378595443e-13,3.820865403490513187e-13,3.244357254176660639e-13,1.842043829921013313e-13,3.015075613515744273e-13,3.445397174787381085e-13,1.956187962738706890e-13,3.201907862398381703e-13,1.213166886409828458e-07,3.710643083652734388e-06,6.265064868934048207e-06,1.178438418398111297e-07,3.604421135891788758e-06,6.085719300464081885e-06,1.251461562126930547e-07,3.827772783764237237e-06,6.462827130820736102e-06,2.746703497929926357e-14,2.697231928128232157e-14,2.773102712581982786e-14,3.381128345354240594e-14,3.320229989535440362e-14,3.413625166733916090e-14,2.833405600437464973e-14,2.782372417189183525e-14,2.860638129430368803e-14,3.002563398502381045e-13,3.967628550151456951e-12,4.524082933399203973e-12,3.696085952870679062e-13,4.884058787147647917e-12,5.569041235931629384e-12,2.916611145678677503e-13,3.854050061709461466e-12,4.394575219996421746e-12
2.794169567971249886e-03,2.122702878095119369e-03,1.777699703088819576e-03,2.694765298179560911e-03,2.047186441297417329e-03,1.714456962590879671e-03,2.769457185115282820e-03,2.103929126203233236e-03,1.761977251534969577e-03,4.447270601909876237e-04,5.164444855758161187e-04,3.289715318853247972e-03,4.328647342273979912e-04,5.026692211982273454e-04,3.201967846453226095e-03,4.448626190929984617e-04,5.166019049318232650e-04,3.290718069161179156e-03,2.629553269748690584e-03,6.715487331389167645e-04,3.137185059777762401e-03,2.653825939897493883e-03,6.777476115095707647e-04,3.166143536880230980e-03,2.630354793617899374e-03,6.717534303949641112e-04,3.138141316772616058e-03,1.654080308034881720e-03,2.154775631029399140e-03,2.778492060516497657e-03,1.669348660335802934e-03,2.174665761698497349e-03,2.804139542950816882e-03,1.609960573617465716e-03,2.097300713935994817e-03,2.704380585278318583e-03
3.118227122760735836e-25,1.431060827781544132e-25,5.010131238356494972e-25,4.329810949436282630e-25,1.987097987895130390e-25,6.956812393685675541e-25,2.114284095397874706e-25,9.703171156585432811e-26,3.397071597445018122e-25,8.259607679520424117e-41,1.767447966975882998e-41,1.298355913274077509e-40,1.585419873027853265e-41,3.392591077096947878e-42,2.492175593608180836e-41,7.741742217421580982e-42,1.656631534323385067e-42,1.216950874307930602e-41,1.583080568042553503e-38,7.972536306495879811e-38,2.085857265219427545e-38,2.188400003464173096e-39,1.102097949589944689e-38,2.883422447712886413e-39,1.483823704796881880e-39,7.472669804518992906e-39,1.955077029833258492e-39,6.200280836955618407e-44,8.307983829629590236e-45,6.423583109598140076e-44,8.571070152070613483e-45,1.148469143552330951e-45,8.879756080057645039e-45,1.190135032882574656e-44,1.594705605805914479e-45,1.232997584528646841e-44
2.465066814910074123e-04,1.025728253964051749e-04,4.451688610233946360e-04,2.487063217833928057e-04,1.034881081720324166e-04,4.491412132440305216e-04,3.356398198229151105e-04,1.396616287499399334e-04,6.061352795831428204e-04,1.222907684740478585e-03,3.613047255849508553e-04,8.269833885287567951e-04,1.103683857790751241e-03,3.260803724986420884e-04,7.463590489857638375e-04,1.489468576890366292e-03,4.400594109889707979e-04,1.007243462604702922e-03,1.209098148005847842e-03,5.197334779376492882e-04,7.550179814481019049e-04,1.081569528358984492e-03,4.649150224342906345e-04,6.753830889942167215e-04,1.472648933605508886e-03,6.330213583622656395e-04,9.195915377641895004e-04,3.061051325018855190e-05,2.464552401006051737e-05,1.132843313327700820e-06,2.738189487217108242e-05,2.204605790165536231e-05,1.013357608827091537e-06,2.762623031524461109e-05,2.224278034729224824e-05,1.022400050246890324e-06
4.643883436409777798e-03,1.241229817024861555e-03,3.646264485360154167e-03,3.538172459486642329e-03,9.456923746316627530e-04,2.778087081375901508e-03,2.718118230933671761e-03,7.265060462073225003e-04,2.134200418287344157e-03,2.276105652991387936e-08,2.653294342081332195e-08,6.386459122105420680e-08,3.191297090198103299e-08,3.720148272640524304e-08,8.954368346767282975e-08,2.451639342207646352e-08,2.857916892809614565e-08,6.878984031596621001e-08,1.057108877140016412e-05,3.003285150617744865e-07,1.020657022993563104e-05,1.945345977028270967e-05,5.526799378914999332e-07,1.878265405336475595e-05,1.138633309392874391e-05,3.234899057276028565e-07,1.099370281508202585e-05,1.671019540549504613e-03,4.054925045376084694e-05,1.884088139210587953e-04,3.075095868590501519e-03,7.462081054049016801e-05,3.467195632578662368e-04,2.342913998922343567e-03,5.685355809943622569e-05,2.641654612314368487e-04
1.197676543657117848e-23,1.936280278952958188e-23,6.687204760443616179e-24,3.367388066664123829e-21,5.444046758362447284e-21,1.880174879345732478e-21,2.232686525165049493e-22,3.609577987192135589e-22,1.246616378915780277e-22,2.510218325334834777e-09,5.885508276016451681e-09,1.742133957437515563e-08,3.499499311368377042e-08,8.204996334820852953e-08,2.428711687279565315e-07,2.320280526816950954e-09,5.440176300776315813e-09,1.610313914033604479e-08,4.102617956671272956e-34,1.811814577654842258e-34,1.350896339051254872e-34,2.034238496352025905e-35,8.983685541872124876e-36,6.698272582292195090e-36,3.792189889524508055e-34,1.674722091025629491e-34,1.248679621853543094e-34,1.054437382058831722e-21,6.383231024977124521e-23,2.726868320816838797e-22,5.228313085035798714e-23,3.165055683774337448e-24,1.352088001191598197e-23,1.469992811045131584e-20,8.898872401161783988e-22,3.801531410467209318e-21
6.316346160759617342e-05,7.342350404627808408e-06,3.324658322593969741e-05,3.036738825303102220e-05,3.530015609535837549e-06,1.598411289078876634e-05,3.177092473333745286e-05,3.693167792487894908e-06,1.672287532108499315e-05,1.750168186091552713e-07,2.668921550825280728e-07,3.986096869773802201e-08,1.288924758652088610e-07,1.965547707412664461e-07,2.935591554381210040e-08,1.348496984754140594e-07,2.056392461269986392e-07,3.071270322786399896e-08,4.558836159958132354e-05,1.302741736350683174e-03,1.388062199319902074e-04,6.983292711219588425e-05,1.995559075354624498e-03,2.126254223472493550e-04,3.512563457927066831e-05,1.003756848823426874e-03,1.069495894914052292e-04,2.575628818419199869e-04,7.670790909423419197e-04,1.756629300701702256e-04,3.945386349361390890e-04,1.175023106063061195e-03,2.690830765020872564e-04,1.896841560451419453e-04,5.649212687198288535e-04,1.293683095968291156e-04
1.169436291120215000e-03,1.793902253091119673e-03,2.479306903120677766e-03,1.155619025372287044e-03,1.772706721239595369e-03,2.450013094974638848e-03,1.156859513189497290e-03,1.774609615742804309e-03,2.452643037308222494e-03,9.301167563420158560e-04,2.958986485212369236e-03,4.920514997140168793e-04,9.224200854494553131e-04,2.934501016052796629e-03,4.879797975006475901e-04,9.234102481702372326e-04,2.937651027155142175e-03,4.885036145896308642e-04,4.540923004435532440e-04,2.022911503558884327e-03,2.739343821481574157e-03,4.557191773487564404e-04,2.030158990475520401e-03,2.749158071126913197e-03,4.508181160974466715e-04,2.008325514824783973e-03,2.719592073543681838e-03,1.040160022513974018e-03,3.125525120505367061e-03,9.223645070952570142e-04,1.043886604789627396e-03,3.136722942248250552e-03,9.256690632687633331e-04,1.031552748949337260e-03,3.099661552243713081e-03,9.147319856879333006e-04
1.154540865941907103e-05,5.333193882057430177e-06,3.194517215496833478e-06,1.532196696926182460e-05,7.077707070584093207e-06,4.239459052724735718e-06,1.220564260242092184e-05,5.638177077491701181e-06,3.377198379879358883e-06,9.912794441123450647e-04,1.856555759893457804e-03,3.011004560652609692e-03,9.200566904849495327e-04,1.723163491681117040e-03,2.794665931552558612e-03,7.329269904154171690e-04,1.372690449417717212e-03,2.226260741987204188e-03,4.473312042508091305e-06,6.502876179145711982e-05,9.652284637914217871e-06,3.128545456078665141e-06,4.547982239643124465e-05,6.750615865329454798e-06,3.307453969693051977e-06,4.808062444282068727e-05,7.136655533732284709e-06,9.651714276679071837e-04,1.540569244051628178e-03,1.265271839192984521e-03,6.750216966027643367e-04,1.077443483140053549e-03,8.849059546027291789e-04,8.958245172590575608e-04,1.429880392016281108e-03,1.174362918393946371e-03
1.160553023528121115e-04,3.251436149486506904e-05,9.024044244062321785e-05,9.703176384841152424e-05,2.718467646278279514e-05,7.544842090760840909e-05,6.010488029797617527e-05,1.683914277068476620e-05,4.673540011503526654e-05,1.095153971242480858e-08,2.301248570587480348e-09,2.981798146956739838e-08,1.531511514242418824e-08,3.218167285637582613e-09,4.169877766164662474e-08,9.486719872713080995e-09,1.993445772915075834e-09,2.582968649153566064e-08,1.651601087895188006e-07,1.820472550341231862e-07,4.717338573166803848e-07,2.762493758674196651e-07,3.044950802596285158e-07,7.890294128186801635e-07,1.430691690279290319e-07,1.576975801992226245e-07,4.086372397262559768e-07,3.519865798318133013e-04,5.534612174068649637e-04,2.027413277883981658e-04,5.887382474188391059e-04,9.257278709492559616e-04,3.391083093524288388e-04,4.922335251723915922e-04,7.739845258320886138e-04,2.835223960046979737e-04
1.589178063198519886e-04,4.101016721593672373e-04,1.431640800855867253e-05,1.687163124230359982e-04,4.353875971959347640e-04,1.519912476948095912e-05,2.559125288098670556e-04,6.604052649721755793e-04,2.305435911675058491e-05,4.871729115788126012e-05,1.383903730404119369e-04,6.051663813127745203e-06,5.581758183872638013e-05,1.585600469418836482e-04,6.933662199218374398e-06,8.466530778946675497e-05,2.405072870450453322e-04,1.051712784515011686e-05,4.328662521710258267e-05,4.791783294269431881e-05,3.339914779690108578e-06,4.671508039049400782e-05,5.171309629312010887e-05,3.604447947791900132e-06,7.522740612355243426e-05,8.327593711131750487e-05,5.804405501460360089e-06,1.150671492266149219e-07,7.813911261711247620e-08,1.045351034540598919e-07,1.241808780302529194e-07,8.432800915392329571e-08,1.128146566518563640e-07,1.318375851007568413e-07,8.952748007224829633e-08,1.197705486776182274e-07
4.715715013347145823e-18,3.581091237366727899e-18,1.580219975913415060e-18,2.668572020136453445e-18,2.026500721639174319e-18,8.942293589514697260e-19,3.343117254916856013e-18,2.538747119617541309e-18,1.120267160565909264e-18,1.628990595710951090e-17,2.599339811880387609e-17,3.968088307932087950e-18,8.930822723897820185e-18,1.425069188256553575e-17,2.175475618104877534e-18,1.118830120512905455e-17,1.785289419495312279e-17,2.725378974844171752e-18,3.429828028467263052e-05,2.022904112601870682e-05,2.625434913729273901e-05,3.322873895168089290e-05,1.959822828550624940e-05,2.543564594459420616e-05,2.355688802950878667e-05,1.389379446417627698e-05,1.803212166270682160e-05,1.852907635775299768e-10,4.717938444390634391e-10,6.872317783180334651e-10,1.795127441368196959e-10,4.570816485770407895e-10,6.658014679305758282e-10,1.015843164622057497e-10,2.586575513698758821e-10,3.767698351695365828e-10
5.733848509967407870e-08,2.078593989367966912e-08,9.680523323103225690e-08,1.802967505064732223e-07,6.535989593269902783e-08,3.043971069908085678e-07,5.581104713459532306e-08,2.023222394394259264e-08,9.422644189745685610e-08,6.756256751373867356e-07,5.485788064679841311e-07,1.329506054171699009e-07,1.836621336488327219e-06,1.491257034451098211e-06,3.614130243918889676e-07,5.685280499576906413e-07,4.616201701125994860e-07,1.118757785857497569e-07,1.705709002394886174e-13,2.139307979308770903e-15,1.033217952850798986e-13,1.474608512725130617e-13,1.849460695347367557e-15,8.932309008365638024e-14,1.435326466433721453e-13,1.800192974442572374e-15,8.694361530829819409e-14,3.667271085539097779e-07,1.107792421849034635e-06,4.379889132125318367e-07,3.170405475737023612e-07,9.577015383616953770e-07,3.786473419531763485e-07,9.969112439396555306e-07,3.011423741340625108e-06,1.190629386587319475e-06
2.395774683568836699e-11,9.336383684619426271e-12,6.914006391326410726e-11,2.055169996108447884e-11,8.009040145713254470e-12,5.931049604042536533e-11,2.028543813793069834e-11,7.905277360398784043e-12,5.854208657367653591e-11,8.914622067729395724e-09,3.442421137969700635e-08,8.456974593388851004e-08,6.839466203915367392e-09,2.641090430296224460e-08,6.488350429149087873e-08,6.750856077049877202e-09,2.606873233936981253e-08,6.404289255728049084e-08,3.981744032244885208e-04,1.231352297328299640e-06,4.795217428452665329e-04,3.561154615911987504e-04,1.101285236301903891e-06,4.288701267923588170e-04,3.015291135520229608e-04,9.324772352940999752e-07,3.631317454817290717e-04,6.827862505834466503e-06,4.475578003703669988e-04,5.233487471780363248e-04,6.106639171819414602e-06,4.002825178538058581e-04,4.680677089365942330e-04,5.238464906177476564e-06,3.433747865781924141e-04,4.015230305884776442e-04
2.697483171264471082e-12,7.795848194408578257e-13,3.825540210401104316e-12,8.469210170030097656e-13,2.447639989581332482e-13,1.201093834464984949e-12,1.167406696267025665e-12,3.373858077108087789e-13,1.655603010256243160e-12,1.798413720355570471e-06,8.764259586777763048e-07,2.545301677296283287e-06,1.203898480024819143e-06,5.866991936081631613e-07,1.703882029934562404e-06,1.659468969349798708e-06,8.087136268460318250e-07,2.348652650554770616e-06,1.622208050935418977e-16,5.498335687612533483e-16,7.935762619772421436e-16,3.458777657939323143e-16,1.172323156773790142e-15,1.692017151076980272e-15,1.496876882047196402e-16,5.073536391202345959e-16,7.322648657859816640e-16,3.511349285621070013e-13,2.044110366113865378e-13,2.468596294584093492e-13,7.486694725330801140e-13,4.358333236356421410e-13,5.263397444770281552e-13,2.350575965890454558e-13,1.368373325288524784e-13,1.652533726364753708e-13
6.032416297797105489e-22,1.882067325029889235e-21,2.230142152702104371e-21,5.950213461411437928e-22,1.856420674542133342e-21,2.199752338497421560e-21,5.902368317493646882e-22,1.841493358922037775e-21,2.182064323117559736e-21,2.725825563412965231e-11,4.840637291490993061e-14,3.157047824602780478e-11,2.612027930878707406e-11,4.638550602187586999e-14,3.025247546162587301e-11,2.591024843665003243e-11,4.601252424135505251e-14,3.000921796309781457e-11,9.714793778520134789e-07,1.045248619400217812e-06,1.613065138849026674e-06,9.437828928121958122e-07,1.015449003052089602e-06,1.567077302663389039e-06,9.234366413275289600e-07,9.935577599035837070e-07,1.533293951493611811e-06,1.338008523594924214e-04,6.502947235509720040e-04,5.413997608729841093e-04,1.299862440516112076e-04,6.317550833970812449e-04,5.259646721624713743e-04,1.282149409079498363e-04,6.231462511824893994e-04,5.187974300896385860e-04
1.539743134768878396e-05,1.500605550177372271e-05,3.955966510407198816e-05,1.631947549340313276e-05,1.590466289369769630e-05,4.192861592398292730e-05,3.833662392281204966e-05,3.736217381626422368e-05,9.849590943848205295e-05,6.618449643853376203e-04,7.473459983210121831e-04,4.008911444289336236e-05,5.285611024782618621e-04,5.968437414525451989e-04,3.201587632685531042e-05,1.241660506437667743e-03,1.402065529985907456e-03,7.520956239053518762e-05,7.177152835561597354e-05,6.857943924689442663e-05,5.699800346343449672e-04,5.407956694165850457e-05,5.167434023694756381e-05,4.294777350384367410e-04,1.346476547247019173e-04,1.286591057553669365e-04,1.069316435943134733e-03,6.684893595574398239e-08,1.084068967054107549e-08,7.480644689327113733e-09,5.037041275037052607e-08,8.168417423507440485e-09,5.636636623352226283e-09,5.338674340611109238e-08,8.657566639050243464e-09,5.974175247991792289e-09
2.924087248824185992e-04,9.288752184856864788e-04,7.468041944255459762e-04,3.258248820294438975e-04,1.035026087559023922e-03,8.321481810969989443e-04,3.346279943356592133e-04,1.062990345021170039e-03,8.546310984481291081e-04,2.328341018364925730e-03,3.170717389179881444e-03,9.366542577906118629e-04,2.412695709094170825e-03,3.285590976272349546e-03,9.705887972815853545e-04,2.477881741405725362e-03,3.374360827660799565e-03,9.968120928519098867e-04,1.120825486749715881e-04,2.951076800864715867e-04,5.921754800253534656e-04,1.042317527392317713e-04,2.744369315817506779e-04,5.506966868787985638e-04,1.192811957962086584e-04,3.140613537566690054e-04,6.302087186066206550e-04,2.180876822768556731e-04,2.897675018007197026e-04,1.586919252076221065e-04,2.028117815242848831e-04,2.694708048363816835e-04,1.475763863821481304e-04,2.259888955635765227e-04,3.002656409500059327e-04,1.644412583879987751e-04
2.621028488704570374e-03,2.075964981426306564e-03,1.591562422022691240e-04,2.456523221966590894e-03,1.945669879911776168e-03,1.491670184340684706e-04,2.551357283202916604e-03,2.020782451568848333e-03,1.549256101030256204e-04,1.369607829158458419e-05,3.592502349789620061e-05,1.547641961067673514e-04,1.196381136288819541e-05,3.138126076573629822e-05,1.351897680877071212e-04,1.242567421411729728e-05,3.259273411087669768e-05,1.404087681080247365e-04,2.164136158219634625e-06,5.117065072128920140e-06,3.065192452272877740e-07,2.017013363423073691e-06,4.769195594643359549e-06,2.856813844274987384e-07,1.963397863573209320e-06,4.642422609235557292e-06,2.780875080052388297e-07,3.247458109923809932e-05,1.477662629652214224e-06,2.382420440007215913e-05,3.026688676678076142e-05,1.377207833859829560e-06,2.220458193693348927e-05,2.836722703307128224e-05,1.290769268602295590e-06,2.081094173421065886e-05
3.582023211389832294e-06,1.712961122033297449e-06,2.937831798371058030e-06,1.915014396275637232e-06,9.157799978860137751e-07,1.570618015491313696e-06,2.791911240687684466e-06,1.335121279018780138e-06,2.289813643597081698e-06,5.201722972412375028e-05,1.145715360385590785e-05,2.965450479560850607e-05,3.287105901440277774e-05,7.240077456004297740e-06,1.873946348833089386e-05,4.792291866531223088e-05,1.055535335513918877e-05,2.732037882288429543e-05,1.615641972319281782e-09,1.078287887432277022e-09,1.870623241743239670e-10,1.909712348865430737e-09,1.274551992051427029e-09,2.211103924035580720e-10,1.488473708468446262e-09,9.934151242053449204e-10,1.723385231065649319e-10,1.451062404168564384e-08,7.627720857670620123e-07,7.729356302410534153e-07,1.715176901623253888e-08,9.016077178708829747e-07,9.136211755073926127e-07,9.169645937312464732e-09,4.820157932047688485e-07,4.884384049426858690e-07
1.516647350560595283e-83,2.332078255445584170e-83,8.627111291764859869e-84,2.581685428486651233e-67,3.969737887946739302e-67,1.468534363222238524e-67,1.739034838600979169e-70,2.674033176575038862e-70,9.892113079102744754e-71,2.829234079623283154e-19,9.524118702722809186e-19,4.820555116374337882e-19,5.598028731485076026e-08,1.884477870668650879e-07,9.538131269351917654e-08,3.770857163356426301e-11,1.269392712800958172e-10,6.424927835718358834e-11,2.679284631615149237e-215,4.587715741463010200e-216,1.644435563502080292e-216,3.114342573002764113e-220,5.332661665685049070e-221,1.911456372922585442e-221,3.571001678002558757e-207,6.114595074240835494e-208,2.191735095010429093e-208,6.334575136996512855e-177,2.969778558553753113e-177,4.032749786121131747e-177,7.363173288214783470e-182,3.452006437897279140e-182,4.687581228581036488e-182,1.253382810353365704e-165,5.876115312150444446e-166,7.979350076470996088e-166
1.688047771862679432e-04,6.746710499405863398e-04,5.671982558123283375e-04,1.696578312652154402e-04,6.780804966440083211e-04,5.700645892997907235e-04,1.691868666345773770e-04,6.761981672032553979e-04,5.684821085104441564e-04,2.161530354062816549e-04,8.325620810304268501e-04,2.296087952644894760e-04,2.172399574698852893e-04,8.367486060703866997e-04,2.307633794002215391e-04,2.166369064019408664e-04,8.344258191099735008e-04,2.301227877521171215e-04,1.270978819982293410e-04,1.614890027585526647e-03,3.429992696973706377e-04,1.270947191408500459e-04,1.614849840709394694e-03,3.429907340887971222e-04,1.273823979135069889e-04,1.618505051746807477e-03,3.437670932804486631e-04,5.389658848851738978e-04,1.223585728366638394e-03,1.747241166173520220e-04,5.389524726063898812e-04,1.223555279179843391e-03,1.747197685711619460e-04,5.416760661727522234e-04,1.229738509531022378e-03,1.756027140288484345e-04
1.155083013292835663e-04,2.160432835475896960e-04,8.334255122000167314e-06,1.191849374070187104e-04,2.229199540682569043e-04,8.599534956522558087e-06,1.260228373581090064e-04,2.357093583015692302e-04,9.092909043365364792e-06,6.564795702829036139e-06,1.033623338315563796e-05,4.083569306714587912e-06,5.133470956942365820e-06,8.082620736200758839e-06,3.193227235943816615e-06,5.427989388290155793e-06,8.546338326184524571e-06,3.376429650909339169e-06,2.985152706996742197e-06,1.467312939787503583e-05,1.148490947890793272e-05,2.262289974799845776e-06,1.111999177058844295e-05,8.703807853688300670e-06,2.468222614912641169e-06,1.213222684604663662e-05,9.496101569485320754e-06,1.466133017781364229e-05,2.561456857133398166e-05,2.208972938320015388e-05,1.111104976330259172e-05,1.941193211051876557e-05,1.674064218307000864e-05,1.146471513584419460e-05,2.002981506018330731e-05,1.727349781601079077e-05
8.787667748930954997e-223,9.960644318332718423e-222,4.711173833035717657e-222,1.713491289616708282e-221,1.942207849233896336e-220,9.186231839225956192e-221,1.598761305639980267e-217,1.812163724252131727e-216,8.571150666588855707e-217,2.793618414588009137e-39,2.140597008627175776e-39,5.379178043841963426e-40,1.253091613797986442e-39,9.601755723060529559e-40,2.412857411257684982e-40,1.169188543123740735e-35,8.958852378917118011e-36,2.251300072852044689e-36,1.304217069141091929e-183,1.347691502910539949e-181,5.411992707281706799e-182,3.000249319417863007e-185,3.100258852658186807e-183,1.244986576307398574e-183,5.458424983968579600e-180,5.640374707726849264e-178,2.265033705312320147e-178,0.000000000000000000e+00,0.000000000000000000e+00,0.000000000000000000e+00,0.000000000000000000e+00,0.000000000000000000e+00,0.000000000000000000e+00,0.000000000000000000e+00,0.000000000000000000e+00,0.000000000000000000e+00
1.080271165433873277e-04,4.231860779288901879e-07,1.080251018992716913e-04,8.942257571607663063e-05,3.503045374758930211e-07,8.942090803603725208e-05,1.269436496398591808e-04,4.972898187789276896e-07,1.269412822131894120e-04,1.665155468586812640e-05,5.112289561821885947e-05,1.777319291601677683e-05,1.481225726277935906e-05,4.547596282753909962e-05,1.581000157759882300e-05,2.102737458952072503e-05,6.455735194369400826e-05,2.244376529082136725e-05,2.647454500509175269e-04,2.307226288312188851e-04,2.505097632183100539e-04,2.844988874379675119e-04,2.479375233705453018e-04,2.692010341037053738e-04,3.343172366851979616e-04,2.913536444035683213e-04,3.163405897464956402e-04,5.341202157143081321e-07,1.192812874014711634e-06,5.996850948772097285e-06,5.739724973540531039e-07,1.281812153952421729e-06,6.444293651614612419e-06,4.751223650681642733e-07,1.061057149892187196e-06,5.334450788258261317e-06
7.365279029274162705e-04,1.995688729754507926e-03,1.637769825394549657e-03,7.813400641908159082e-04,2.117111319223085979e-03,1.737415752230729929e-03,6.983281840499556276e-04,1.892183148851822984e-03,1.552827562287615020e-03,1.320080087348687696e-03,1.765539483838970188e-03,8.820872405023489791e-04,1.427107431638631246e-03,1.908683073387268479e-03,9.536037005170012017e-04,1.275487315772685405e-03,1.705898936522352470e-03,8.522900219829564845e-04,6.358632261130039379e-04,1.331700077743810419e-03,6.221704903414514848e-04,6.479913483972531011e-04,1.357100227847711374e-03,6.340374445520907242e-04,6.143835417609836520e-04,1.286714778788317038e-03,6.011533514397892665e-04,6.611072196737326255e-04,2.869564597414569432e-03,6.588118685535092030e-04,6.737168326752840690e-04,2.924297170255337787e-03,6.713777012294685001e-04,7.147074146094038564e-04,3.102218571270473537e-03,7.122259646782334863e-04
1.581106417070437610e-09,1.231836332075314624e-09,4.292460896674776806e-10,1.276577211800399683e-09,9.945783365479066155e-10,3.465710912357402334e-10,1.342623628794927613e-09,1.046034946412283262e-09,3.645016782761606395e-10,7.469916404398378447e-05,2.491033417547749550e-04,2.423944596638565627e-05,7.927450644332067087e-05,2.643609834691593510e-04,2.572411806795212296e-05,8.337594038808513136e-05,2.780382570331006785e-04,2.705500962157487301e-05,1.853187366089279444e-08,2.754896169328779917e-09,1.461237108442607132e-08,2.435853414666261360e-08,3.621071114504470724e-09,1.920668932547375133e-08,2.068446700046525114e-08,3.074894635421555628e-09,1.630968962043973099e-08,1.005778531782078426e-07,1.954692659434992764e-07,8.241099910437650073e-08,1.322008295474946435e-07,2.569273283551199465e-07,1.083220818616258275e-07,1.067382717313468976e-07,2.074418071584445276e-07,8.745869332156950773e-08
6.926902192570344578e-06,2.798971320175769871e-06,3.086321174965368044e-06,9.626999255711415194e-06,3.890006537841857068e-06,4.289364975608647029e-06,5.974695627773455500e-06,2.414210745873418043e-06,2.662060054745454255e-06,2.187229283164286893e-04,9.318619469186606170e-05,9.881146615674556903e-05,2.308071675094647962e-04,9.833464563303226369e-05,1.042707081358271875e-04,1.432432410088172977e-04,6.102831855666466821e-05,6.471234986689852731e-05,4.650204980835702005e-06,2.829981423775334216e-06,1.485596213972658034e-06,3.530816877229169272e-06,2.148753918266042877e-06,1.127986445040484257e-06,3.045453158191912696e-06,1.853375474883295788e-06,9.729277957179217924e-07,6.926974286838791239e-04,9.978899639577491938e-04,4.718438609477679951e-04,5.259526799549273188e-04,7.576798745173665434e-04,3.582625442356202538e-04,7.309683199939436948e-04,1.053022460151061598e-03,4.979127972104058567e-04
1.158006932783395596e-19,8.326191685520318270e-20,1.780799164570807395e-19,3.806189331825115960e-21,2.736690176110215345e-21,5.853210883652211124e-21,1.065564911212302174e-21,7.661523824208042157e-22,1.638640538292676255e-21,3.960155357037574271e-28,3.371590766934125925e-28,4.064341722036059569e-28,6.941824353797115760e-29,5.910119373308904836e-29,7.124454422739943168e-29,1.943404230934114679e-29,1.654572402012966551e-29,1.994532584316484580e-29,3.104375941192882639e-12,3.836261316546460528e-12,1.709744058827255341e-12,1.655604041315760741e-11,2.045928025320634207e-11,9.118287304862666828e-12,1.523439560976567187e-13,1.882604544868750846e-13,8.390387593846681460e-14,2.942403524566767594e-06,2.133653043821493658e-06,3.085329596854233466e-08,1.569222046149017699e-05,1.137904902316422135e-05,1.645446378308218240e-07,5.157789683487474382e-07,3.740117072890091208e-07,5.408327250816625404e-09
8.901591992835498261e-06,1.506314452128019836e-04,1.553935548177586652e-04,8.134328500630738670e-06,1.376479239749329878e-04,1.419995684800848582e-04,8.902308651896157917e-06,1.506435724132082780e-04,1.554060654112702816e-04,2.186317995605759523e-04,9.816668761650762173e-04,4.028269804699461537e-05,2.206911080526491222e-04,9.909132663907284366e-04,4.066212364902745021e-05,2.415270492777994043e-04,1.084467604668885692e-03,4.450112570904161881e-05,1.575196012039887269e-04,4.934006747437492643e-07,1.706331616125007029e-04,1.740011371506136639e-04,5.450260019711024719e-07,1.884867910358049988e-04,1.740151458236245717e-04,5.450698815179209309e-07,1.885019659356116240e-04,2.223265498372076232e-04,3.659041122243516771e-04,9.121053513147497210e-04,2.455889438188034197e-04,4.041892636121703977e-04,1.007540440153854465e-03,2.244206594452943196e-04,3.693505891188499004e-04,9.206965365833291292e-04
1.754391121597703034e+02,1.249913379187090356e+02,7.303036628732112945e+01,1.014992698608742927e+01,7.231300581440076591e+00,4.225129028859199387e+00,3.019229708806069112e+00,2.151045773897394486e+00,1.256820379590536163e+00,2.286062696657687082e-70,2.312054441758172550e-69,1.066538968793452090e-69,4.090550997238262661e-65,4.137059152502857291e-64,1.908404370873120899e-64,1.216788368347547066e-65,1.230622832799271807e-64,5.676800612313145313e-65,3.985258555908897948e-57,4.216469300497751157e-57,2.079482605664266665e-57,1.232575922799756428e-50,1.304085661220687993e-50,6.431502889122126754e-51,2.121208776459732807e-52,2.244273880957528789e-52,1.106833268594387827e-52,1.501232667351026612e-52,9.986225671208129064e-52,5.166816346525504492e-52,4.643069488060666578e-46,3.088577854936385071e-45,1.598012609950500540e-45,2.686220633186303174e-47,1.786878611760291171e-46,9.245208274351897065e-47
1.238415224560945062e-06,3.900073149035978621e-06,1.654698296485821861e-05,1.266695648729203011e-06,3.989135137902493634e-06,1.692484952178546350e-05,8.872992905797001671e-07,2.794322994192373734e-06,1.185557634852101315e-05,4.545793359216167737e-08,5.802899207866206428e-08,6.654747858877635416e-08,3.881160476449190585e-08,4.954466970815432683e-08,5.681768248054352019e-08,2.718688534877529247e-08,3.470521930674838180e-08,3.979984411247205455e-08,1.879148965321431738e-07,3.748593297745646042e-08,3.565455900293709239e-08,1.568581624859843522e-07,3.129062503520472910e-08,2.976192261847734601e-08,1.123856793223716588e-07,2.241909566750988030e-08,2.132381151485375574e-08,1.978399669185894034e-12,3.781293681536958911e-13,3.627321344599475821e-12,1.651429144247201659e-12,3.156358488079176101e-13,3.027833191301785362e-12,1.689141145647775139e-12,3.228437024501890276e-13,3.096976726735227546e-12
1.748577189587418645e-06,9.321102569607288637e-06,1.344360960589615104e-05,2.991750003682824913e-06,1.594805697627250281e-05,2.300151193064589036e-05,2.209632825437918096e-06,1.177884186624767987e-05,1.698834987351614928e-05,5.649238506102444983e-08,3.214538273359397899e-06,7.758535210157050659e-07,8.283317813355403578e-08,4.713386080737685186e-06,1.137611960309639349e-06,6.117854406749813154e-08,3.481190804759605923e-06,8.402121591097527863e-07,7.359883617847342522e-04,4.523312278839162082e-04,3.451303054387397547e-04,6.307320056841617508e-04,3.876417038782578551e-04,2.957719728663769335e-04,7.970401032984213022e-04,4.898530293650850713e-04,3.737595709139303183e-04,2.916593933665283296e-05,3.501576200818880329e-05,1.014663394015504542e-05,2.499481292185182094e-05,3.000803130694598624e-05,8.695527141893623249e-06,4.276518766017177301e-05,5.134261633268416618e-05,1.487772087712217106e-05
7.319825802761621356e-05,1.203925534104429823e-04,1.913170674822668564e-04,4.498313461119232980e-05,7.398583767121765930e-05,1.175716694887259757e-04,5.404995885595110405e-05,8.889846198173594906e-05,1.412694769588152628e-04,4.136719383790080735e-04,3.291223948493482562e-05,8.621338519715573024e-05,2.712375974295322964e-04,2.157999113718010503e-05,5.652863851189855791e-05,3.259083900659420275e-04,2.592966548814409921e-05,6.792258058847766252e-05,2.239965980625965172e-07,2.505043679811712939e-07,1.628118569533412057e-06,2.389936050332330191e-07,2.672761215938697873e-07,1.737124267599826276e-06,1.764740701070799580e-07,1.973580214146156756e-07,1.282701224338172621e-06,4.655776915898473017e-06,1.168523101412594406e-05,8.244761671112379049e-06,4.967490216302910374e-06,1.246757990910055862e-05,8.796764466343919787e-06,3.052713098656395780e-06,7.661805628151387385e-06,5.405948868116644921e-06
5.935010533436830627e-04,3.115360353088752966e-04,3.382222788541099979e-04,6.303937004332839985e-04,3.309014415564161412e-04,3.592465299507287225e-04,6.265767452172144340e-04,3.288978746069278749e-04,3.570713370269925605e-04,1.076654451005045181e-03,9.203533552974895110e-04,4.469751722059910667e-04,1.109953483482184521e-03,9.488182692166088937e-04,4.607993297728579102e-04,1.103232853603650001e-03,9.430732929592331544e-04,4.580092473146592019e-04,2.695849122488660327e-04,1.427409382927571089e-04,1.656630585549790648e-04,2.616577788377404405e-04,1.385436467914012584e-04,1.607917430369647466e-04,2.762399131412798846e-04,1.462646557879163285e-04,1.697526338703277105e-04,7.023009256066852970e-06,2.120752145609304290e-04,3.504239643532438414e-04,6.816497953724315202e-06,2.058391514778983998e-04,3.401197618935775254e-04,7.240218605906736262e-06,2.186343287230170355e-04,3.612619625232917921e-04
6.365539764949748623e-08,2.533143727718094472e-06,7.693873918672354191e-07,5.688997164865780708e-08,2.263916025556324509e-06,6.876153244878415229e-07,7.251377179015565081e-08,2.885659550739828833e-06,8.764564170863238547e-07,9.391346709418710783e-11,2.476805128666028025e-10,3.484110131238551218e-10,8.950289491745237529e-11,2.360483922286411264e-10,3.320481637040710239e-10,1.140832436459044206e-10,3.008748070962461929e-10,4.232391767547192481e-10,9.036513017545571040e-04,5.919056157094855584e-04,5.274863070938516749e-05,9.636284313077332457e-04,6.311915656414238043e-04,5.624966197184966016e-05,1.097728311165553899e-03,7.190290664558369712e-04,6.407744358081632807e-05,5.019610002384847828e-18,5.516362942771988306e-18,1.558582065190243452e-18,5.352771476102535647e-18,5.882494894597406550e-18,1.662028248758695178e-18,4.783867963467531625e-18,5.257291292400914448e-18,1.485384483367483404e-18
1.360317687344306474e-14,2.402987122026612134e-14,2.814661556930397286e-14,9.941637319480311424e-14,1.756179947730380044e-13,2.057044809195607918e-13,1.124347535409773301e-12,1.986148289776814429e-12,2.326410818582798695e-12,2.066869928660719860e-28,5.146191280959495218e-28,1.282814493336207345e-28,5.112412281287127584e-29,1.272912781873890187e-28,3.173047553405912200e-29,5.781872707426743298e-28,1.439598230250387881e-27,3.588551947493938238e-28,4.994100326890798732e-19,3.283225798373270732e-19,2.034855071653396794e-20,1.690255721991120609e-20,1.111209392892645260e-20,6.886977039218003873e-22,1.397052227515416814e-18,9.184512954927179304e-19,5.692314179627777285e-20,3.091365075061585094e-08,1.962058750179308272e-08,2.006961322337379097e-08,1.046274036336676959e-09,6.640597529681622691e-10,6.792570506903628506e-10,7.646505741136676383e-09,4.853161348921123874e-09,4.964228067817679390e-09
1.374008155083276755e-04,4.380546143492966587e-05,2.129485153754415367e-04,2.892946612301527162e-04,9.223152045324233006e-05,4.483588280541795246e-04,3.179693352337095301e-04,1.013734409111005782e-04,4.927998252589020503e-04,1.750379064112721477e-07,7.884400761001174107e-08,4.156796307219016650e-08,1.466090487035686227e-07,6.603852381849758857e-08,3.481668426860487300e-08,1.611408297591542999e-07,7.258421371861306622e-08,3.826768840066091289e-08,1.375395619396340655e-05,1.905075675125795164e-04,1.228941647166646983e-04,5.471484757342167132e-06,7.578614015514334619e-05,4.888873714085623898e-05,1.266196539370626136e-05,1.753822822368848462e-04,1.131370231798329830e-04,3.232306669903499755e-04,3.193032825958210408e-04,8.377328646521458569e-05,1.285849425868796161e-04,1.270225831066073153e-04,3.332599388153177243e-05,2.707330176123692975e-04,2.674435010626098272e-04,7.016721170429696358e-05
1.127146535611802102e-05,1.154199941261234766e-04,5.404710520185680787e-05,1.033991394221557905e-05,1.058808920374636669e-04,4.958028073162094288e-05,1.217305128218787917e-05,1.246522491172365220e-04,5.837024401790809184e-05,2.043053483534460916e-17,4.649538773695370829e-17,1.106066932102701846e-16,2.915274427206574538e-17,6.634521119735972616e-17,1.578269324775338853e-16,3.432116099066140699e-17,7.810738684542595302e-17,1.858076724328860619e-16,1.498002769502152505e-14,3.519250242848045529e-15,2.339600747215220284e-14,2.330106545134779550e-14,5.474107386031511165e-15,3.639191545620551824e-14,2.516487925102956498e-14,5.911972208493321520e-15,3.930284475966381846e-14,1.703922519879660530e-19,2.388109673376580074e-19,8.921755966205231637e-19,2.650409663323681191e-19,3.714645989795983405e-19,1.387757245459498742e-18,2.431361581172612560e-19,3.407642098588242228e-19,1.273063442718096127e-18
1.521576398444727477e-04,1.631131053739160982e-03,2.306912519990423488e-03,1.698795382243078729e-04,1.821109938848746584e-03,2.575600108022334939e-03,1.600875601024267603e-04,1.716139859078447258e-03,2.427140675108355877e-03,2.300853261654087349e-06,2.446870358118953675e-07,1.876771126617866117e-06,2.237691816289163223e-06,2.379700551588885251e-07,1.825251293105700759e-06,2.108709659063822895e-06,2.242532909262126702e-07,1.720042502713139973e-06,1.104739244603772765e-03,4.619476797082658955e-04,1.206916014593255277e-04,9.623295569745578867e-04,4.023989444844262614e-04,1.051334927497387962e-04,1.012482783959943716e-03,4.233705601384809072e-04,1.106126800899063649e-04,1.661508917599415386e-05,3.860730238413218355e-05,3.188549874695198564e-05,1.447327184575753230e-05,3.363051360833120719e-05,2.777520399763875225e-05,1.615898314580410018e-05,3.754748120350226149e-05,3.101019990864574497e-05
4.108206429180475173e-47,2.134510395705533111e-47,1.072117018787570003e-46,9.903526288908637599e-45,5.145598251263014525e-45,2.584519367121270431e-44,9.277915227851858723e-45,4.820548053198734233e-45,2.421253894155608893e-44,6.995144217731094200e-88,6.496532284418139603e-89,5.569684944452015624e-88,7.080787781452306282e-87,6.576071198749192935e-88,5.637876200071613283e-87,6.633490624071769084e-87,6.160657258278119534e-88,5.281728540264446986e-87,1.342152766980190344e-14,1.324716960523112316e-14,3.966903274897925375e-15,5.635718027085091269e-16,5.562504834679274282e-16,1.665708170340872750e-16,1.272762579114180578e-13,1.256228215410429551e-13,3.761811745629767664e-14,1.184978044615486058e-15,1.093827531192543629e-15,2.110097594195712280e-15,4.975739194551841012e-17,4.592996928310757217e-17,8.860328975273183209e-17,1.199486071828852376e-14,1.107219576438765807e-14,2.135932126285615839e-14
2.070318045517751543e-04,2.738214446988654726e-05,5.870087635134019314e-05,2.123751502388644523e-04,2.808885841595484091e-05,6.021590480389785356e-05,2.260966486790733857e-04,2.990367162036354617e-05,6.410643739640288247e-05,3.693766825310231634e-04,7.992251252376839175e-04,3.773599336964353432e-04,3.469424799842095366e-04,7.506839498250242240e-04,3.544408660184506107e-04,3.693583355708505360e-04,7.991854276816789168e-04,3.773411902077374231e-04,1.677009392378068977e-04,1.139998361406033929e-03,5.911880402316733313e-04,1.535524907704598847e-04,1.043819961079119800e-03,5.413111966090586183e-04,1.676926095229152333e-04,1.139941737624613084e-03,5.911586758891426620e-04,1.219883674824761964e-04,1.824848761732200599e-04,9.011271251806181163e-05,1.116965579148854968e-04,1.670891492420441098e-04,8.251016076665679028e-05,1.145793677434979273e-04,1.714016030067922120e-04,8.463969015286907217e-05
1.588472771520403413e-07,1.622938784514377098e-06,3.802889929587111929e-07,2.120155480778253729e-07,2.166157721206842435e-06,5.075767159227620781e-07,1.433126999120172629e-07,1.464222384989716266e-06,3.430983728828428721e-07,9.027640743414508471e-05,9.685875559668336617e-05,1.576506261816080473e-05,1.985358165958426581e-04,2.130117123997490392e-04,3.467051547066017316e-05,1.342010251773754820e-04,1.439860608981582610e-04,2.343566415052628752e-05,1.266882784318191114e-03,4.308479749652487697e-04,3.904744278875213698e-05,2.087435654016669712e-03,7.099057904456108079e-04,6.433825235006543797e-05,1.883293467998194961e-03,6.404800720289112849e-04,5.804624931079678562e-05,2.260857611244364071e-05,1.163309145633936373e-05,4.367014691847676759e-05,3.725202398188969097e-05,1.916777950808467904e-05,7.195505600214954387e-05,4.972076590251575098e-05,2.558348717524292873e-05,9.603935873993293504e-05
1.203815516891429188e-03,1.201810266104963139e-03,6.313294820139797311e-06,1.290201613063056418e-03,1.288052464989292330e-03,6.766338401851345809e-06,1.197297792304186613e-03,1.195303398390863475e-03,6.279113239741172469e-06,4.375602684553282171e-05,5.510424102539964245e-04,2.505080625416693609e-04,4.491845719691139860e-05,5.656815004263585078e-04,2.571631040560981335e-04,4.168400433781171521e-05,5.249483528390980159e-04,2.386455059666786865e-04,7.360364811173826126e-05,3.004865340156521219e-05,1.085785736111161527e-03,7.049992385738331239e-05,2.878155949024765388e-05,1.040000240274258731e-03,7.011822161092069012e-05,2.862572973451134095e-05,1.034369447979540876e-03,2.225345797129373027e-04,1.313479825606517931e-04,4.495508918978400378e-04,2.131507245616382851e-04,1.258092908015802185e-04,4.305941955581144790e-04,2.284464727329042961e-04,1.348373963060964297e-04,4.614937404356229110e-04
1.252698162718641085e-03,2.735575471750796052e-03,1.627038936622981135e-03,2.790696389903854057e-03,6.094174016154542926e-03,3.624633468618395325e-03,1.185998790858075642e-02,2.589920938940620809e-02,1.540407952164668526e-02,4.785169621245175453e-04,5.801881109134899087e-04,1.462020775158196602e-03,1.169027072292795231e-03,1.417411841931304553e-03,3.571747715746980030e-03,4.968167441057169849e-03,6.023760724241166570e-03,1.517932401192504700e-02,2.734557955345643007e-07,1.155894786880153398e-07,2.942067858882995153e-07,2.998804913168005829e-07,1.267591699501338585e-07,3.226367001235060621e-07,2.839134842600808544e-06,1.200099327716487541e-06,3.054580485713229467e-06,4.019645371877358274e-14,1.200373398639549335e-14,8.045135769218713326e-15,4.408073439004966224e-14,1.316368387234076354e-14,8.822556722440092845e-15,9.820078769785178108e-14,2.932537633858405377e-14,1.965443706056228711e-14
8.350103827711171893e-08,2.882638513409723008e-08,1.555461817147039050e-07,7.317269898722845989e-08,2.526081646203183392e-08,1.363064959198548037e-07,5.552293830657157819e-08,1.916773295788669405e-08,1.034284271113737337e-07,6.463405055645186737e-06,1.925848053079190616e-05,1.303477967632830032e-05,5.924913439572658602e-06,1.765398101159965753e-05,1.194880107640675871e-05,4.495783371809036042e-06,1.339571878773417850e-05,9.066667680505045531e-06,4.746435549188660597e-12,4.640474765189484299e-12,6.622736292788224209e-12,4.965134592455866536e-12,4.854291508498266575e-12,6.927888669984490442e-12,3.301502201036909344e-12,3.227798522145351234e-12,4.606610206950954199e-12,1.379407152953825410e-25,9.282381338901383131e-26,1.745944743444382675e-26,1.442965379227119830e-25,9.710080798215879890e-26,1.826391731722557726e-26,1.264483334839201337e-25,8.509029756391361281e-26,1.600483241592577213e-26
3.065708316667935673e-26,2.439706483235545485e-26,5.593315874796811046e-26,2.560783429307225837e-29,2.037884654804131918e-29,4.672091773762884773e-29,9.746000514287545708e-30,7.755917453414975596e-30,1.778135874700272985e-29,1.817830299496504502e-46,1.938933849220395646e-47,8.848218357407968455e-47,6.017798499725458227e-48,6.418703226663782944e-49,2.929140039705632077e-48,2.290293923413496055e-48,2.442872920536194895e-49,1.114791669091451462e-48,5.583488257800842474e-11,6.430979873071256883e-11,4.412974910625068818e-10,2.212829192016708942e-09,2.548704204136535228e-09,1.748935299044519241e-08,7.034666124683806311e-13,8.102425253319372526e-13,5.559930222738729581e-12,2.978032132941309956e-05,1.000429892972502622e-05,4.393710866439634868e-06,1.180243628045500029e-03,3.964869933491438651e-04,1.741300638172747761e-04,9.858564524263986708e-07,3.311852327842664345e-07,1.454506873805066017e-07
2.956561775294813937e-04,9.740216718056352550e-04,1.766849087767867216e-03,3.346321148448615028e-04,1.102425576440209127e-03,1.999770313585007460e-03,3.552312613491495847e-04,1.170288238007208574e-03,2.122871354510387758e-03,9.231720019874690842e-07,4.266286228473472339e-05,2.529348290558035086e-05,8.569816096846909318e-07,3.960398313187202772e-05,2.347996868220737757e-05,9.097353321944378951e-07,4.204190888524749934e-05,2.492533896600431238e-05,1.985817905809595318e-04,4.050501127812047917e-04,4.657675888815874968e-04,1.628724538503285976e-04,3.322132689408465204e-04,3.820124186772685688e-04,1.956914538493420401e-04,3.991546516933966015e-04,4.589883914204157911e-04,9.037876956650330376e-04,1.398268829355778318e-03,1.039468168104527466e-03,7.412669576704481247e-04,1.146829599598938026e-03,8.525491221687232432e-04,8.389871362831373587e-04,1.298014529874692412e-03,9.649394717348744148e-04
1.265164558341469513e-04,1.237015134894707079e-05,1.025104640015746905e-04,1.483548370247855114e-04,1.450539991217219901e-05,1.202050996451017862e-04,1.443003883488958310e-04,1.410897603650624346e-05,1.169199664006100996e-04,1.162641881864567113e-03,1.118114219108878741e-03,1.031213442773324523e-03,1.345220818768494680e-03,1.293700621634367954e-03,1.193153122600310728e-03,1.308456740988382140e-03,1.258344559927348843e-03,1.160544963708583970e-03,4.552605689784906496e-18,1.569451396137295937e-18,2.647429154096418225e-20,4.492136657930035711e-18,1.548605486578152616e-18,2.612265230673009679e-20,5.123579063148721140e-18,1.766287014911343288e-18,2.979461325968425689e-20,1.668689277349734852e-15,6.627511385466401028e-16,8.713714756600407357e-16,1.646525261411708222e-15,6.539482853150170277e-16,8.597976664814113748e-16,1.930736876901965398e-15,7.668282410450073936e-16,1.008209895259438294e-15
1.866523032965822370e-18,2.742912788593390929e-19,2.655185554785375372e-18,9.546939907828317541e-20,1.402952071987337770e-20,1.358081121313113189e-19,4.607687948862913643e-19,6.771138623830289864e-20,6.554575682540470769e-19,3.168972555190909934e-06,2.333562917860749838e-06,3.778152574356847152e-07,1.941525368593546136e-06,1.429697331021183239e-06,2.314749951846435027e-07,9.370482196022411335e-06,6.900220621757623292e-06,1.117179490048763480e-06,5.869810633383815177e-22,5.567616507303291198e-23,1.792054736892959843e-22,7.031012122811523378e-21,6.669036124500699512e-22,2.146569858348670460e-21,1.735671580495354618e-21,1.646314395197499686e-22,5.299009920059556264e-22,1.387951755456182170e-14,1.579439713229489308e-13,8.979054340896651965e-14,1.662524777714042596e-13,1.891894043022078679e-12,1.075534525137375544e-12,8.503524396852286992e-15,9.676708201136284934e-14,5.501171589597633686e-14
1.103985839582219565e-04,6.849294149254888796e-05,1.915844438783914682e-04,3.528723905789879131e-05,2.189273370699105367e-05,6.123707232938566862e-05,2.735614417661222172e-05,1.697216318697979432e-05,4.747354069973126972e-05,8.824086722009282596e-13,5.015863653779832992e-13,7.133979804115259441e-13,9.625895360745945092e-13,5.471634651394205894e-13,7.782215345731742461e-13,7.462396842254646663e-13,4.241840121288317402e-13,6.033098952909649013e-13,1.426454076157769926e-06,8.229208069497355159e-06,1.836774729904945325e-05,4.868273694512591427e-06,2.808505218710857367e-05,6.268636509089207758e-05,1.206330663885084155e-06,6.959316952189959094e-06,1.553332642367176555e-05,1.099860242704955800e-04,6.336925784869948961e-04,3.094848633077169062e-05,3.753657952748950459e-04,2.162697672374896962e-03,1.056225394194984887e-04,1.199800040645090780e-04,6.912736290524732581e-04,3.376064859499135619e-05
1.016615936123651973e-22,3.128815343557917442e-23,3.309877043064573971e-23,1.893128711381551407e-26,5.826438430707598139e-27,6.163609125842065969e-27,8.757012031967102105e-26,2.695125330595584276e-26,2.851089783322335997e-26,1.728695447233057505e-62,6.790025713414543422e-63,1.300591545612506072e-62,1.686702434941968826e-63,6.625084205818969556e-64,1.268997919998457249e-63,7.802149652231496820e-63,3.064553495721564460e-63,5.869981257564911285e-63,7.226068012246987937e-12,4.642767763515314056e-12,3.677694757140198177e-12,3.786158576900141032e-09,2.432616875262835045e-09,1.926958828005438095e-09,3.261353185084957198e-12,2.095428026346797620e-12,1.659860035864753371e-12,1.208324459606121937e-21,6.253746780079119449e-21,7.864845953626760301e-21,6.331116741030164699e-19,3.276702761312024897e-18,4.120851604614613256e-18,1.178972161626116556e-22,6.101832418401614112e-22,7.673795197215736187e-22
1.352639915482259977e-03,9.824373523885290144e-04,8.041812670502843964e-04,1.418510325952567451e-03,1.030279761090568654e-03,8.433430199653224515e-04,2.561181776317520732e-03,1.860214691663914085e-03,1.522692316299706665e-03,2.521159533225744405e-04,1.875653266373285104e-04,1.848169802872948609e-04,2.973168691062644383e-04,2.211932046892449725e-04,2.179521177161959384e-04,5.368184728830863086e-04,3.993739026996049116e-04,3.935219799190928930e-04,1.575739203071384298e-04,1.549023082683765730e-05,2.315507666555605593e-05,1.771957334230916004e-04,1.741914402398818753e-05,2.603845093289365630e-05,3.355146318616765064e-04,3.298260957897476442e-05,4.930300019210088444e-05,1.512218709552165055e-09,1.660520265034704116e-10,1.202665790766742461e-09,1.700526983227426631e-09,1.867295715263113221e-10,1.352427143034792833e-09,1.783338682866711334e-09,1.958228663364067705e-10,1.418287191982945865e-09
1.186244052495496772e-15,4.625887674582830967e-15,1.972343689198010225e-15,4.219175742979507757e-16,1.645313460184606936e-15,7.015137089856599256e-16,7.681581906068117989e-16,2.995516393597589183e-15,1.277200889953341998e-15,6.027381707708603641e-65,7.056629136207740482e-64,6.466948003114877931e-65,5.665445902365734510e-65,6.632888468489143613e-64,6.078616859158231967e-65,1.031471296397993104e-64,1.207607342009729055e-63,1.106694675065998307e-64,9.879628732352146126e-13,6.146021124946907103e-13,1.851404238479585803e-12,2.610913345487188279e-12,1.624223846005764866e-12,4.892750694475792346e-12,1.690709822385583666e-12,1.051774167435045413e-12,3.168324859165533526e-12,1.199748081293193904e-42,3.405669929944894377e-42,8.368841355484629569e-43,3.170603229667392466e-42,9.000246174534692950e-42,2.211653916684962248e-42,1.127704894206492291e-42,3.201164234337440027e-42,7.866304187163237285e-43
3.566852769178212247e-04,3.331131059965417919e-04,3.689289192728937303e-04,3.957130454220581612e-04,3.695616560990336308e-04,4.092963619111783459e-04,3.928843555507991717e-04,3.669199051496858368e-04,4.063705739274982732e-04,1.943377407117203306e-06,1.022438738200192792e-05,1.112026748275507361e-06,2.818438921100532680e-06,1.482821156421187998e-05,1.612748742043770879e-06,2.798291772248323559e-06,1.472221452331110811e-05,1.601220271895309555e-06,1.075297542718300540e-06,2.092370193681492375e-07,1.649366081019615089e-06,1.405675083375694557e-06,2.735236090115910031e-07,2.156122106996824718e-06,1.548333460854106836e-06,3.012828221648372981e-07,2.374941438055062738e-06,1.433080457408473204e-06,1.527353140126966252e-06,7.478636169092242395e-07,1.873384260099128483e-06,1.996621555708836581e-06,9.776394070379856997e-07,2.078366108114893837e-06,2.215087774836595056e-06,1.084610697774184841e-06
4.927000407942065704e-06,5.963622823795428242e-05,3.780617942214961219e-06,6.744340663397237881e-06,8.163324656286552515e-05,5.175111266349497450e-06,6.074875984408244658e-06,7.353007118478345949e-05,4.661413282280905417e-06,5.783093233221982844e-06,5.223819572601685748e-06,1.373248835084232610e-06,7.060398696129882041e-06,6.377598875172583792e-06,1.676556799913246209e-06,6.359561092790611191e-06,5.744538151111036514e-06,1.510136446037561485e-06,1.259157027589489402e-03,2.762228905715214343e-04,6.490172202030444889e-04,1.123031725677104374e-03,2.463609086659423412e-04,5.788530841098618119e-04,1.384671787127769293e-03,3.037572242006041394e-04,7.137122809024523673e-04,1.020872122100708863e-04,2.939999502305163715e-04,1.806899760966446100e-04,9.105073917374660218e-05,2.622161209618424421e-04,1.611558933652917751e-04,1.246351028613707629e-04,3.589353969507602443e-04,2.205987730420392538e-04
7.282438610051225185e-06,5.159506880162234630e-06,1.486036483676011210e-06,1.435314739599248220e-07,1.016900611278684798e-07,2.928867901005777377e-08,4.599180367629016389e-06,3.258455583427440077e-06,9.384974164931672945e-07,2.837206091573554491e-08,7.646599615960723218e-09,2.958961836343150289e-08,3.272313929812223669e-10,8.819265725292264436e-11,3.412741874341004771e-10,1.048547859747709710e-08,2.825958144343499771e-09,1.093545199197006658e-08,7.989910058679504976e-29,3.849777518750950260e-28,9.352606817290219702e-28,4.675581757912134888e-29,2.252835064036633346e-28,5.473012524883653572e-28,2.952835578806560050e-29,1.422764454714800166e-28,3.456448190512868825e-28,2.011776263932596898e-10,1.129836113161405889e-10,8.727743253771555434e-12,1.177262864232847905e-10,6.611640282970698130e-11,5.107351252439405666e-12,2.320297954979052690e-12,1.303105355118020733e-12,1.006621123152234112e-13
6.672919183054984882e-05,5.240741131240557742e-05,3.501362716272829185e-04,6.517602575773530089e-05,5.118759415320539151e-05,3.419866183341000289e-04,6.928955717438636103e-05,5.441825718066076666e-05,3.635708232965300345e-04,3.970056965201960910e-04,1.506405803842760091e-03,7.008870212967299772e-04,4.837031613867529066e-04,1.835372278123038100e-03,8.539456006494011448e-04,5.142316897461504709e-04,1.951210294318947783e-03,9.078416769373201609e-04,8.225845250519614460e-04,9.516984094377574149e-04,7.596567073028417764e-04,1.026102421860224361e-03,1.187160727030355661e-03,9.476054598724314949e-04,1.065473452860106127e-03,1.232711483748208207e-03,9.839646021388133521e-04,1.445936081311422752e-03,1.738041454763168431e-04,1.450777898780017524e-03,1.803679098868303608e-03,2.168055065117228725e-04,1.809718843696248589e-03,1.761697274935521834e-03,2.117592149581180405e-04,1.767596440708065928e-03
3.240739932475944921e-13,2.401726371977113621e-13,2.086659443781703826e-13,4.222221944568435003e-13,3.129106933570878693e-13,2.718619660308539547e-13,9.425515314546913890e-13,6.985290141170411509e-13,6.068935167093783097e-13,9.526513506885354531e-10,3.628154197718510369e-09,7.517825827937312559e-10,1.028761703214928644e-09,3.918018999577959395e-09,8.118448892800214036e-10,2.296565485181474027e-09,8.746425121188763317e-09,1.812329275297635572e-09,1.304742530567043153e-14,4.325875937523341151e-15,3.674581240181685334e-15,1.081455721024154296e-14,3.585568164963682361e-15,3.045732634189102079e-15,3.145354972291718173e-14,1.042842941870896901e-14,8.858347224928942340e-15,2.405115965085058354e-31,1.429932335203110510e-31,1.269675404177580886e-32,1.993517003724371830e-31,1.185221197557468276e-31,1.052389799154281990e-32,2.597268344690856836e-31,1.544174186686906445e-31,1.371113818699538300e-32
5.997022761105409239e-06,7.865276450256760733e-05,2.964172522609578685e-05,5.784668288363015471e-06,7.586767146540264527e-05,2.859211224607063998e-05,5.986390923983666329e-06,7.851332474809650890e-05,2.958917481780732234e-05,1.518616595477073443e-04,5.958433826115217642e-04,2.999622046161059315e-04,1.626820390845043626e-04,6.382981507442261632e-04,3.213349784308224162e-04,1.683550782384149024e-04,6.605568488858184865e-04,3.325405541933202876e-04,4.056530958484838405e-04,6.160738823649001617e-05,1.131571452928526876e-04,4.505090270082724420e-04,6.841975277641835877e-05,1.256697309761387147e-04,4.497103409288914300e-04,6.829845464292675619e-05,1.254469370725476277e-04,1.501948752371849792e-04,9.113981436501987282e-05,6.663331902978528523e-04,1.668029846122669017e-04,1.012177880842201325e-04,7.400143627562203461e-04,1.608964937983707361e-04,9.763366795044665404e-05,7.138104669090869665e-04
7.783387229231816589e-04,1.086223485198937544e-03,4.548391873929579356e-04,7.715793738760577105e-04,1.076790363778396724e-03,4.508892145374988761e-04,7.508793713693766346e-04,1.047902132723942375e-03,4.387927171618951597e-04,9.742904240017292864e-04,1.840507964402155643e-04,1.971817361169830645e-04,9.676140691704223154e-04,1.827895827468976268e-04,1.958305422592388953e-04,9.416548298031125015e-04,1.778856869855993434e-04,1.905767824350394746e-04,5.013779477016595603e-04,7.870965492059485554e-04,1.794888131808189706e-03,5.023044165217528190e-04,7.885509817644307693e-04,1.798204807177137274e-03,4.845833997535031593e-04,7.607313474732756891e-04,1.734765154861531676e-03,7.218098594975665572e-04,1.469352811254267263e-03,8.595696728455350620e-04,7.231436523616641306e-04,1.472067947752758515e-03,8.611580245156467799e-04,7.168636354312884085e-04,1.459284026322543032e-03,8.536794454587398650e-04
6.450513337873957278e-04,1.923408011913987957e-03,1.911347053303090980e-03,6.160518380292269057e-04,1.836937587683981415e-03,1.825418852148607196e-03,6.125037526811417249e-04,1.826357940099358193e-03,1.814905545501967719e-03,3.144261290930252248e-05,2.071767412845793569e-05,6.926842742410328746e-06,3.155608675313597997e-05,2.079244253671415582e-05,6.951841156946628653e-06,3.137434281189576784e-05,2.067269066493754550e-05,6.911802763700234100e-06,1.266361691102441470e-03,1.621133089571508276e-03,2.396030963418524810e-04,1.330758645350984919e-03,1.703570859233549282e-03,2.517873796641812855e-04,1.263612090226295080e-03,1.617613187639260633e-03,2.390828556489621101e-04,2.616109450533348618e-03,1.458616189370293787e-03,4.683047897781477276e-04,2.749143702737010843e-03,1.532789658666645861e-03,4.921189988888666341e-04,2.625550777693319831e-03,1.463880217082080479e-03,4.699948638421267907e-04
3.916602927888121066e-12,2.856868196425176510e-12,2.548903379831925973e-12,4.544310029445110754e-12,3.314733465926812916e-12,2.957411666773802479e-12,3.805369040131668071e-12,2.775731414845051317e-12,2.476512984973300911e-12,1.721810969656995446e-06,1.085049846593139273e-05,1.302457997882325567e-05,4.854215047865680476e-06,3.059026447058834324e-05,3.671954310868915088e-05,4.064881035316352151e-06,2.561604393000243432e-05,3.074865306464311235e-05,3.573150371889926708e-06,5.239184067697355102e-05,1.915424128934721830e-04,8.682132842867342867e-06,1.273030444557618230e-04,4.654146903156701725e-04,8.435555028391046408e-06,1.236875611354543560e-04,4.521966321218843284e-04,7.509866595658015781e-06,7.205363788221828623e-06,1.875159183432415367e-07,1.824766736061770553e-05,1.750777859299534054e-05,4.556310101069660423e-07,2.117218909539710287e-05,2.031371964896969192e-05,5.286541952496946020e-07
6.174482608347670545e-09,7.314194989444716599e-09,1.536257733498835074e-09,5.897134913486945583e-09,6.985653272063927766e-09,1.467251540085669968e-09,5.949162997110005355e-09,7.047284921658618398e-09,1.480196518781859009e-09,2.771458244255905635e-05,9.844021121410761815e-06,2.482640225797498240e-05,1.224382380693040190e-05,4.348918494877590029e-06,1.096787568914775967e-05,1.235184621073128904e-05,4.387287278777019877e-06,1.106464090851169987e-05,2.438335116806739002e-05,5.248963020635617418e-05,1.323648069715130718e-05,1.127876721008386534e-05,2.427961259140577288e-05,6.122668842150417064e-06,1.086718172119116939e-05,2.339359942769541880e-05,5.899240022157437071e-06,1.709999588799351097e-05,2.583328183050389229e-05,4.503704861955136718e-05,7.909777109171524099e-06,1.194944739262582210e-05,2.083234514025209168e-05,7.554482813723193832e-06,1.141269769237989990e-05,1.989659015158622702e-05
8.037984806767497505e-06,1.398819605172344527e-05,3.129931549794289517e-05,1.616575863322841308e-05,2.813264848374088237e-05,6.294826276593706871e-05,1.284606971513178654e-05,2.235552143841820275e-05,5.002164082021627551e-05,3.863668877191461917e-05,4.046881487947418665e-05,2.429787474064650638e-04,7.013057630376404996e-05,7.345612163045684166e-05,4.410377836924995933e-04,5.572904388840339726e-05,5.837167811775010424e-05,3.504693002576152205e-04,4.177671960661157246e-10,7.789902083127567378e-11,3.789443392388493869e-11,3.770447814689649929e-10,7.030570988471381463e-11,3.420062343875398692e-11,6.025818242899617736e-10,1.123605072991011833e-10,5.465842540848089940e-11,1.148118681562683345e-08,1.253754200443816223e-08,3.298650531529605082e-08,1.036204281874081653e-08,1.131542837670104686e-08,2.977110171680955084e-08,2.083983575260160851e-08,2.275725674615894200e-08,5.987476415656234332e-08
2.150641779673552633e-74,3.234191958579180925e-74,5.874586735901153507e-75,1.899875879100245185e-74,2.857083568523090875e-74,5.189607002294438940e-75,1.751905216722408579e-75,2.634561374966209667e-75,4.785417658107471798e-76,1.451474062194857481e-30,1.042784800536740694e-30,2.700601414187089379e-31,4.019934475567130378e-32,2.888047867652684218e-32,7.479458994423698475e-33,3.706844355518407391e-33,2.663114038734422774e-33,6.896925938550133030e-34,4.110118369114928178e-29,4.048480180975369630e-29,4.525178598048618498e-30,1.288566610732141698e-30,1.269242371367287562e-30,1.418692486537991908e-31,1.049661821309270501e-31,1.033920364004549448e-31,1.155661901289789048e-32,5.519394511687187865e-01,7.587024252137075653e-01,1.974158626547416751e-01,1.730389940265847359e-02,2.378614251010994010e-02,6.189201044848772343e-03,1.528625613070631016e-02,2.101266646956814754e-02,5.467537126427014435e-03
3.202626903944126872e-07,1.020733731797290954e-07,1.248695349701573482e-07,4.359425113270711592e-07,1.389425742623834823e-07,1.699727763983201195e-07,3.662546445483764344e-07,1.167318208866444942e-07,1.428016703696994987e-07,8.570109097771667786e-05,5.502968456304073094e-04,4.461238528794721626e-04,5.491469604652034404e-05,3.526137610198002846e-04,2.858628227538987645e-04,4.613627246348222312e-05,2.962464644983416550e-04,2.401660398262314689e-04,4.349030222161485916e-05,1.012240327996134978e-05,2.784565910346833176e-05,2.047254268081258994e-05,4.765000990920023156e-06,1.310801294426933621e-05,2.341254247670334759e-05,5.449288339059432719e-06,1.499041494882364392e-05,3.402531193487196243e-05,9.053928541102507677e-05,2.283715298173545388e-04,1.601701103995600039e-05,4.262029211529028529e-05,1.075031823748649290e-04,2.180240229704152749e-05,5.801486634409776949e-05,1.463336464276713026e-04
8.406622993679879145e-04,2.186983301380780557e-03,4.659215467230295332e-04,6.261284020785549053e-04,1.628873283476014447e-03,3.470200980381541139e-04,8.075468113130003121e-04,2.100833346223067010e-03,4.475678993349314016e-04,1.849091836590472651e-03,5.283163206157813485e-04,3.257845650320951268e-03,1.352564969544339021e-03,3.864503287306024059e-04,2.383033560372822043e-03,1.744465711223494326e-03,4.984228948267788563e-04,3.073508798742369524e-03,2.861643751489415270e-04,2.617021097843499552e-04,1.697599486859397951e-04,2.810433981978096587e-04,2.570188906674675928e-04,1.667220555729569153e-04,2.699724969536957471e-04,2.468943662178716726e-04,1.601545168074145159e-04,3.242296200312782834e-03,1.613334819039915005e-03,1.209273840699098520e-03,3.184274568158527562e-03,1.584463823415593236e-03,1.187633608707944297e-03,2.371659522068964802e-03,1.180114539039433001e-03,8.845539216331476740e-04
1.833239193061498914e-11,1.751248221830161518e-12,9.414531507469695316e-13,1.649254267624457184e-11,1.575491956780483996e-12,8.469683784388976220e-13,2.053295079155584599e-11,1.961462186643971923e-12,1.054462030378064689e-12,3.978530169416995871e-08,1.485816748034841233e-08,1.516854081952720333e-07,2.702085181588453125e-08,1.009117248445852159e-08,1.030196771909112323e-07,3.364052660482877064e-08,1.256334769719509975e-08,1.282578437932295425e-07,1.248294398192939900e-06,4.168400104234223493e-07,3.588569614424796269e-06,9.423775221301744150e-07,3.146859080007065844e-07,2.709126425728441203e-06,1.055497360202798376e-06,3.524597492913091462e-07,3.034320878482308644e-06,2.346830876219572059e-09,5.680342417082643661e-10,4.063244349890006343e-09,1.771697981815788924e-09,4.288272878265283273e-10,3.067473624652874766e-09,1.593889367252528125e-09,3.857899379407374427e-10,2.759620231463435967e-09
1.745139499489731629e-04,9.460381664853769552e-05,2.073242966237097483e-04,1.762794892518134305e-04,9.556091352555253990e-05,2.094217747578640645e-04,1.721225510116988365e-04,9.330744196524413958e-05,2.044832910607616067e-04,1.335013199597705734e-04,2.930012577736945158e-04,4.918748938345063023e-04,1.286291563231779041e-04,2.823081045222428521e-04,4.739237981283700983e-04,1.255958853454654711e-04,2.756508504074071508e-04,4.627479547690446478e-04,1.628591366093922897e-04,4.732003809818469370e-04,4.912854810315812632e-04,1.553439537404477356e-04,4.513644099042025916e-04,4.686149676807398559e-04,1.532152450269293046e-04,4.451792747302868881e-04,4.621934447249519172e-04,2.509769831395352539e-04,3.683910146748700740e-04,5.588317812739555642e-06,2.393955762657323653e-04,3.513915027027672685e-04,5.330443239860995936e-06,2.418175161676532623e-04,3.549464936297804700e-04,5.384370774274637444e-06
1.372671170427252826e-04,1.856898135894438661e-04,2.030941412219120846e-05,2.429675295789287984e-04,3.286773718847474813e-04,3.594836318248239464e-05,1.962857539490552689e-04,2.655280146207103596e-04,2.904154140570377242e-05,8.022967018296505886e-07,7.315864873704148303e-07,5.145417944880599572e-07,9.713083933774454790e-07,8.857023767440158337e-07,6.229350844768421735e-07,7.846892160509985127e-07,7.155308328440378414e-07,5.032494791783875996e-07,2.096726292980367109e-03,2.162357500924229402e-04,7.792791940210132490e-04,1.434108964700956616e-03,1.478999088887197671e-04,5.330077091568840957e-04,2.050710799832775391e-03,2.114901642188854480e-04,7.621768585695111019e-04,4.044654850094812372e-05,2.137791477197412658e-04,1.204457080811112716e-04,2.766443955542310758e-05,1.462196535796871739e-04,8.238188756308664859e-05,4.896701177074057858e-05,2.588138278964908817e-04,1.458187811799245451e-04
9.704557439550424979e-07,1.212454850658229884e-06,1.994709818250526909e-06,4.941618680535203106e-06,6.173892603180667723e-06,1.015718167625212777e-05,1.106382705085963418e-06,1.382277435958990030e-06,2.274099007939702864e-06,7.362673597381603249e-05,2.028246875895090007e-03,8.278969511302373442e-04,2.238676568251759440e-04,6.167037959296398607e-03,2.517283267971377660e-03,5.012189724697028119e-05,1.380742744609179560e-03,5.635964350013684520e-04,1.100325851309863366e-12,2.096740363592492753e-12,3.179857819604895097e-13,6.570276207114702201e-13,1.252007603657516264e-12,1.898759730973013165e-13,7.490542467773022673e-13,1.427370148459823517e-12,2.164709664039598174e-13,9.109641873422784375e-06,4.800173901153784325e-04,9.785615964650928910e-05,5.439558035016149429e-06,2.866284413405288819e-04,5.843196328430336737e-05,2.769855479461866729e-05,1.459529163409911462e-03,2.975390512186378228e-04
1.888684576573849928e-04,9.464852368182097384e-04,1.562329640109305076e-04,1.414235425969719690e-04,7.087223397004919741e-04,1.169862851367816931e-04,1.421115158799010755e-04,7.121700120312470178e-04,1.175553801910089193e-04,1.957206141845646161e-06,1.778821012243649247e-05,6.904541994315144748e-06,1.993498765340340932e-06,1.811805826608135013e-05,7.032573445701602827e-06,2.003196400295043818e-06,1.820619592546058666e-05,7.066784317187598750e-06,5.450532189110058462e-04,2.933446626026624780e-04,1.698071595853913789e-04,7.414058897172661096e-04,3.990205965671926570e-04,2.309793316775635868e-04,5.578608316966241973e-04,3.002376497844448026e-04,1.737972733444489125e-04,5.674667029305850274e-04,6.623004896644216926e-05,2.361843624653915371e-04,7.718937182166573209e-04,9.008908979216682282e-05,3.212685868378476720e-04,5.779892814954645233e-04,6.745815784050672751e-05,2.405639472005016613e-04
1.241057906816692998e-05,3.486054577224069693e-06,2.061673630730030960e-06,1.309661509887334817e-05,3.678757837229002223e-06,2.175639496985699960e-06,1.280792315916483903e-05,3.597666064451860330e-06,2.127681335143921621e-06,2.316935258420749129e-05,5.540240332508558516e-05,4.604170012963240574e-05,2.213324542154710496e-05,5.292487070068038898e-05,4.398276753270307087e-05,2.164535679501637354e-05,5.175823462975272807e-05,4.301324446304693593e-05,4.781484871109187363e-06,1.516399513481850946e-05,3.136919527636208084e-05,4.328395818694647277e-06,1.372706908116359108e-05,2.839667955250148998e-05,4.466976177645810156e-06,1.416656265806773710e-05,2.930584364244222953e-05,4.667984406666072746e-05,1.258648140540497989e-05,1.790596022096920673e-05,4.225650552536037253e-05,1.139379815178521631e-05,1.620920810990179558e-05,4.459237439682180919e-05,1.202362823592450300e-05,1.710522599363892954e-05
2.992069763017661511e-04,3.320381392718708995e-05,1.768186261282550921e-04,4.010222012121095387e-04,4.450252702760684010e-05,2.369871035150570670e-04,3.382542540016344134e-04,3.753699679322434476e-05,1.998939102752925396e-04,5.400751171150172751e-09,2.087001241469820101e-07,1.135267711374163367e-07,3.286764012612421877e-09,1.270097502618255240e-07,6.908959402458114913e-08,2.772320100496375191e-09,1.071301992655123515e-07,5.827569898979144495e-08,4.972089535643870457e-06,2.058924640308230114e-06,5.535193074008107200e-07,2.257649892565274983e-06,9.348848124453431392e-07,2.513335280726032712e-07,2.552278993108588811e-06,1.056889677907188303e-06,2.841331980109162405e-07,3.898427838526600378e-07,7.473463744132051254e-07,2.742043659534636019e-07,1.770138113509115643e-07,3.393435395335307471e-07,1.245064983037559906e-07,2.372487070665559100e-07,4.548165783861829340e-07,1.668740168833064924e-07
9.358298356338581812e-25,1.032413148689430313e-24,3.010543754153364535e-24,1.562905675577841245e-24,1.724207017331305272e-24,5.027832775554523325e-24,8.552614807001251752e-25,9.435296510335520602e-25,2.751357149396449696e-24,5.034050203165366326e-09,3.538172095822643196e-08,4.711407070465375974e-08,4.746815718270673581e-10,3.336289913802813640e-09,4.442582063085948910e-09,2.597577514278215776e-10,1.825702149727571245e-09,2.431093170099288955e-09,5.753967684367542393e-11,9.444434681620393598e-12,1.181200505338161661e-10,3.248750554663282988e-12,5.332426960574411172e-13,6.669182045132915355e-12,2.969056022802171015e-12,4.873342571875934095e-13,6.095012462512153763e-12,1.633794132680186277e-08,1.076352340236325228e-07,1.327888639095795192e-07,9.224573174386515607e-10,6.077198298933862562e-09,7.497398646352869446e-09,1.540572572070940815e-09,1.014937475954960489e-08,1.252121534308408690e-08
1.836502123865106596e-04,8.174150229694859522e-04,1.952052663549855380e-03,1.933076605762971782e-04,8.603996900237604337e-04,2.054703497529245838e-03,1.920417178284035702e-04,8.547650620704331636e-04,2.041247553858859323e-03,1.902925744044049652e-03,2.271348025513328286e-03,3.867196310566586382e-04,2.127089409032945945e-03,2.538911644040197507e-03,4.322750028793058744e-04,2.113159420932842272e-03,2.522284694162818877e-03,4.294440990063847592e-04,1.210886409973928064e-03,3.081689809904010046e-03,1.491759308302228635e-03,1.285907349811777831e-03,3.272617104093975861e-03,1.584181838110869812e-03,1.344664148311991349e-03,3.422152374875146470e-03,1.656567654292107755e-03,2.168955805848986687e-03,5.448540612025687272e-04,2.817659791107039388e-03,2.303334308804565883e-03,5.786107070854522739e-04,2.992229002497165564e-03,2.424457674043165988e-03,6.090375868212250660e-04,3.149578652073261372e-03
2.891618536007631171e-04,3.766394794085349616e-04,2.651422429968319696e-04,2.850090800887643641e-04,3.712304033696869443e-04,2.613344250916756748e-04,2.940514319512815269e-04,3.830082594586489047e-04,2.696256620751836934e-04,5.385938063326110034e-04,3.699618550389864764e-04,4.249151222243932515e-04,5.111673654695368836e-04,3.511225427046857058e-04,4.032774625734831067e-04,5.273849371264536850e-04,3.622624459562195118e-04,4.160720609549691776e-04,2.734144025385322192e-04,4.028483959639322454e-04,1.607510660773522687e-04,2.632724749157755928e-04,3.879052940758230127e-04,1.547882284861331400e-04,2.677242771767090481e-04,3.944645732627082143e-04,1.574056178875922214e-04,5.332527824694325734e-04,4.704893339022860163e-04,1.584310479776006265e-04,5.134725109320675482e-04,4.530371853416647514e-04,1.525542682364168870e-04,5.060983188801581375e-04,4.465309301084456075e-04,1.503633730115258929e-04
5.809031694149680997e-124,3.898110384388032088e-124,1.390970651235572592e-124,1.427998668449000942e-124,9.582485914097167651e-125,3.419337924798135847e-125,1.127002610968500304e-125,7.562672769496404303e-126,2.698603895209961852e-126,2.143481284432027040e-59,2.138962964519271840e-59,9.322108489867088518e-60,1.348211888030990261e-62,1.345369944569880101e-62,5.863441672589041944e-63,1.064033427706212491e-63,1.061790514059538800e-63,4.627535179319644795e-64,4.511389079189578325e-45,1.056498227005508890e-44,2.109398265729744502e-45,1.154315915896095299e-47,2.703231082803304472e-47,5.397255586593897773e-48,2.239473150762042492e-49,5.244503126809813148e-49,1.047114469057140884e-49,3.053585259147575252e-19,1.784704597321705883e-18,1.391982261736136742e-18,7.813119204103186015e-22,4.566471403152514940e-21,3.561624260649468630e-21,1.920651221636316515e-22,1.122547685491110954e-21,8.755322693186956423e-22
1.145273581116621361e-11,6.763204621141530108e-11,5.018484949065679413e-11,1.135525059813185141e-11,6.705636503430811814e-11,4.975767812965113421e-11,1.248932263472341383e-11,7.375342097364565849e-11,5.472707892665727663e-11,1.762846544602974901e-03,6.130598758164680683e-04,2.876763108062911981e-03,1.034694771139109230e-03,3.598327091172610925e-04,1.688503037789352863e-03,1.138031848222147754e-03,3.957699356658330326e-04,1.857137279923282060e-03,2.440395551227778417e-03,3.275357290523753500e-03,6.733570146903390848e-04,1.444676105821931502e-03,1.938960433389052282e-03,3.986168509942197738e-04,1.575433702984250887e-03,2.114455692320130805e-03,4.346956519201616506e-04,1.023048385013245956e-04,1.560474568315094136e-06,2.709599968508697864e-04,6.056286884250277274e-05,9.237766072198487824e-07,1.604040922329565198e-04,6.004736021046679718e-05,9.159134589873374940e-07,1.590387392412575542e-04
8.538258444266076089e-05,4.574033648432393039e-05,2.751054384345182874e-05,8.630392995126496419e-05,4.623391083390546662e-05,2.780740433525909138e-05,7.659630416910003273e-05,4.103343496826434693e-05,2.467957602648472907e-05,6.309220462877902118e-05,1.464835933971005133e-04,4.717296622614441395e-04,6.551743600021660567e-05,1.521143461691395647e-04,4.898627039341115017e-04,5.814791353170100052e-05,1.350042429612953530e-04,4.347620403013297604e-04,3.601923158680742738e-04,3.109426051086598517e-06,6.050915969249126948e-04,3.700448441643077206e-04,3.194479803772974503e-06,6.216429829980663502e-04,3.319654426582879922e-04,2.865752405002003429e-06,5.576729179740759273e-04,1.404254179264741481e-07,2.519670564148122177e-07,4.336523937676352887e-08,1.442665476304674298e-07,2.588592427377287781e-07,4.455143138922441898e-08,1.458232975996654853e-07,2.616525383754036378e-07,4.503217651400938316e-08
4.572990010085274497e-03,6.788860568423373335e-03,5.171663584935313682e-03,6.909072401222281223e-02,1.025690611298000487e-01,7.813574502520412302e-02,4.824448813450608366e-03,7.162165288307949414e-03,5.456042149858454995e-03,1.568438200408670581e-11,1.629853103746032140e-11,3.104636911574104652e-11,1.402814818485214134e-09,1.457744452598333480e-09,2.776794561900831609e-09,9.795538233663076638e-11,1.017909943078330517e-10,1.938972766733288202e-10,1.390739255541186424e-23,1.395798851884277336e-23,1.634386934528426924e-23,8.233019723670914719e-23,8.262971964049914052e-23,9.675386535951627861e-23,8.685735623603282401e-23,8.717334872724309836e-23,1.020741505887903595e-22,2.067795724658974608e-11,3.830369873878065909e-12,7.131445051564479086e-12,1.224111774929011279e-10,2.267535815570360113e-11,4.221735133589672082e-11,1.849441363641978252e-09,3.425891831731356261e-10,6.378381241250722102e-10
8.525007047098659418e-04,5.544261840351960525e-04,6.847737388697071282e-04,1.008038009629765031e-03,6.555802991760235898e-04,8.097095438904961537e-04,7.872812243092821129e-04,5.120105151172915127e-04,6.323859963208645256e-04,2.373625171618524678e-05,5.754689421712412935e-06,1.868514962944338911e-05,2.312864146210684367e-05,5.607378534404762467e-06,1.820683954706009815e-05,1.806355017663040241e-05,4.379382320467430237e-06,1.421960560264659698e-05,3.689986297153202460e-04,8.784393090419500812e-04,9.058164336046199716e-05,3.040749029405026300e-04,7.238816790244657819e-04,7.464419159028692853e-05,2.808120398565514030e-04,6.685020333342661918e-04,6.893363280301064702e-05,1.694478396115508846e-06,3.070159563412503577e-06,4.036090719066705637e-06,1.396342187587829974e-06,2.529978151888386330e-06,3.325957862244921944e-06,1.651102446909002023e-06,2.991568366508642962e-06,3.932773222411435579e-06
1.298315777701278674e-04,1.356137567385457996e-04,9.964537357237733287e-06,1.474427983769324246e-04,1.540093106419935555e-04,1.131619362343336537e-05,8.903399325768830957e-05,9.299921105855615236e-05,6.833334132710615762e-06,1.110362592890273815e-04,2.599639151641248722e-06,1.188401769577606944e-04,1.255018780963755630e-04,2.938315807763223007e-06,1.343224771529965634e-04,7.578487041255245005e-05,1.774315142531091116e-06,8.111122860421054299e-05,2.584408335832540440e-03,1.215640547129273131e-03,1.330157022416234014e-03,2.572191540980684008e-03,1.209894074727073257e-03,1.323869217490709124e-03,1.763919750883972916e-03,8.297033952902656837e-04,9.078635953482860422e-04,8.682428477437264774e-11,2.159960011418063018e-10,4.530537529339708152e-10,8.641385641421726234e-11,2.149749632515532603e-10,4.509121158405913394e-10,9.813560789358397127e-11,2.441356001920209734e-10,5.120768408076538143e-10
9.628424620017886001e-04,1.731806983813289095e-03,2.823463707384970926e-03,8.641149015626340378e-04,1.554231642663597571e-03,2.533952499872301877e-03,9.315711900164798344e-04,1.675561222586379340e-03,2.731763034617882679e-03,1.820780102177665071e-04,2.127136625468445223e-03,4.324453999257058304e-04,1.591392696291591780e-04,1.859153494557752063e-03,3.779646153665587637e-04,1.715623217684362719e-04,2.004286501964606254e-03,4.074700550637648001e-04,2.873188193026426796e-05,5.326073456517237603e-05,5.045594464813655461e-06,2.798128629632068448e-05,5.186934381247903017e-05,4.913782661287139897e-06,2.707250791480658554e-05,5.018472725050557060e-05,4.754192447787064251e-06,3.271133035957443934e-05,6.944540136473480651e-04,4.137149029612314784e-04,3.185677506772214212e-05,6.763120015131117782e-04,4.029069579538771604e-04,2.859025763624512768e-05,6.069645883690213484e-04,3.615938432829193024e-04
7.389925531880362061e-05,1.120921846716791905e-04,1.287145276413775010e-05,7.393894041412135416e-05,1.121523799877737561e-04,1.287836494244887103e-05,7.418621035728323917e-05,1.125274450410423504e-04,1.292143335199736693e-05,1.315388767323576827e-05,1.475963957605310644e-04,3.594125307894370687e-05,1.317638357311298338e-05,1.478488164762729689e-04,3.600272014106335061e-05,1.322044863002283950e-05,1.483432591642784701e-04,3.612312206342107690e-05,2.995964805060882767e-05,1.564797013397512524e-04,9.875929883250040577e-06,2.999477763599241496e-05,1.566631837030863265e-04,9.887510036711453650e-06,3.011124907448786868e-05,1.572715158129826916e-04,9.925903804156226701e-06,9.928489104327384003e-05,1.519354463969785330e-04,7.088815400738909280e-05,9.940130886805311513e-05,1.521136003334993820e-04,7.097127485896521373e-05,9.945468897858493181e-05,1.521952877970917566e-04,7.100938758142024310e-05
7.425228831119564093e-04,7.314219759539054757e-04,1.043998741728730277e-03,7.546176887599891081e-04,7.433359611617239120e-04,1.061004226899879685e-03,1.045768333470091472e-03,1.030133829210738402e-03,1.470366569319466648e-03,2.194316279901778311e-05,1.239876936928735332e-05,7.076088407640444875e-06,2.446214933995440825e-05,1.382209805948009746e-05,7.888394802328534572e-06,3.390026702180454004e-05,1.915501407934806481e-05,1.093193760106653001e-05,8.628863388137471169e-06,5.434180439423742079e-06,7.516325758069658279e-06,9.465244621895329495e-06,5.960906421276271091e-06,8.244870588145732090e-06,1.333083911520845738e-05,8.395333417905372655e-06,1.161206579722565940e-05,2.083657917557752675e-12,3.755973357545717257e-13,2.429230528705699310e-12,2.285623379453012564e-12,4.120033545943693577e-13,2.664691763319089183e-12,2.322853438199788647e-12,4.187143942316556001e-13,2.708096390600317846e-12
3.471012393425015142e-06,4.724638224719543692e-06,3.443385447552205527e-06,4.374907464499768289e-06,5.954993152873916385e-06,4.340086116137765032e-06,3.782754987995349157e-06,5.148972917782075759e-06,3.752646778787738882e-06,1.309743068264962679e-04,4.436550966900727440e-05,1.518720431812217264e-04,1.519903355588052025e-04,5.148436258389640978e-05,1.762413053706309853e-04,1.314181396126733181e-04,4.451585112332506750e-05,1.523866921509377346e-04,9.381748527676285525e-09,7.657474571951696379e-10,1.121403693925766816e-08,8.637756275659969993e-09,7.050220845768619555e-10,1.032474038947059607e-08,9.413540469845271284e-09,7.683423464957493001e-10,1.125203795930228139e-08,5.248326174122004592e-06,2.859393256375052414e-06,2.358850135306285462e-06,4.832122947390628927e-06,2.632637399304807595e-06,2.171788393120557605e-06,6.090468242627027320e-06,3.318209128655672877e-06,2.737349273190471816e-06
5.458540066955732462e-07,3.601947803273110165e-06,4.318699416533542922e-06,2.288889396166309714e-06,1.510378238746601284e-05,1.810928412813905529e-05,1.056959879192752559e-06,6.974601758542009524e-06,8.362477800982537807e-06,7.067916396699592956e-13,3.751469192245984210e-13,5.586763871281481179e-13,8.602565222398849216e-13,4.566021525266729839e-13,6.799811696595984419e-13,3.972479541145028710e-13,2.108490505404381423e-13,3.140006747991131609e-13,1.802316148321908454e-04,5.644804715228589283e-05,1.406709797731354734e-04,5.231415796465595084e-05,1.638465070776026886e-05,4.083125961972093349e-05,1.012980859426597049e-04,3.172628252291655459e-05,7.906327095812109163e-05,1.319532426957169703e-10,8.454933781382684679e-09,1.473384803672530559e-09,3.830084299449657505e-11,2.454135151770048711e-09,4.276657313080981849e-10,1.606041035130224209e-10,1.029074414906372383e-08,1.793299207274563749e-09
2.007523874946514921e-10,4.709614301568711258e-11,1.882230237321567315e-10,4.267406352069699882e-11,1.001125726928058318e-11,4.001068864507383679e-11,2.434806977743028889e-11,5.712012647542419670e-12,2.282845734859102377e-11,2.049987461364378304e-09,1.405974700011466899e-09,8.540507293420010952e-10,5.375636192480046754e-10,3.686855956700656867e-10,2.239558093594014706e-10,3.067117455292339678e-10,2.103568741456846033e-10,1.277799961725913330e-10,1.539128293783449094e-17,4.839054545680028977e-18,2.079321273601803592e-17,1.898673137420289992e-17,5.969471754566362195e-18,2.565056767652245659e-17,2.302788355912995675e-18,7.240019241039080566e-19,3.111005649361484991e-18,1.689885280863108680e-20,2.094408692200769796e-20,1.404249295752846101e-20,2.084647394928703086e-20,2.583668651094694004e-20,1.732286013359726457e-20,4.431348312199430747e-21,5.492120990899098584e-21,3.682331467768842456e-21
5.379907931851672496e-20,1.912712156500009818e-20,6.334921930345155139e-21,5.665079676786938753e-20,2.014098921875429043e-20,6.670715918604621468e-21,6.117585765446815938e-20,2.174977863975117490e-20,7.203548595478988814e-21,6.654680980936861579e-15,4.494237120609506241e-15,5.165750961117695799e-15,7.554186921908972741e-15,5.101718230779346376e-15,5.863999861766514228e-15,8.157588069300672092e-15,5.509225043351503849e-15,6.332394975823411660e-15,2.625008812184020056e-11,1.653213334849447845e-11,1.967477340281199497e-11,2.829828218724651853e-11,1.782207253863074707e-11,2.120992078726308244e-11,3.217846299382906815e-11,2.026578496401191909e-11,2.411816542922812703e-11,5.083670085655397603e-06,2.731742362369776224e-06,9.646993104307582755e-07,5.480329435962868952e-06,2.944889779965286205e-06,1.039971111171186756e-06,5.770824204250796296e-06,3.100988986091605029e-06,1.095096659825860468e-06
1.786382687322988001e-06,1.207048577216334093e-06,1.190038368522755638e-07,5.649197315928226723e-06,3.817130355659684029e-06,3.763337836298031891e-07,1.876364207485286367e-06,1.267848576375768151e-06,1.249981549908826682e-07,4.236238061446919410e-04,2.754778506238334066e-03,1.794030853113152447e-03,8.092173160376126256e-04,5.262250224754561750e-03,3.427004834919578774e-03,2.687791420577770774e-04,1.747840873732779774e-03,1.138269536628063079e-03,2.179349931146574925e-10,4.124773526135953825e-11,1.479185023506388819e-10,1.316435349556947094e-10,2.491567600557500793e-11,8.935010507718547300e-11,1.382745247648286737e-10,2.617069847011347120e-11,9.385074110470680859e-11,1.013066170354757177e-03,2.365096181398627906e-04,1.563460408742496904e-03,6.119421663475791339e-04,1.428635288807092376e-04,9.444075594682229150e-04,1.935185594982765820e-03,4.517868817382999689e-04,2.986563118838370372e-03
1.639301670943203249e-05,4.097864702796661848e-05,4.276624409127372011e-05,1.888124385872184510e-05,4.719862373411392995e-05,4.925755264705870346e-05,1.457349848020773132e-05,3.643028374633626372e-05,3.801946916273010567e-05,1.084821291194329961e-04,3.576361665829195125e-05,1.805506907370583688e-05,1.347042453686291452e-04,4.440833741661108925e-05,2.241930974616485739e-05,1.039715460404067900e-04,3.427659971409026597e-05,1.730435658570841540e-05,2.267060470367563741e-04,1.919315247389445460e-04,8.874414584192599526e-05,2.444074656023449070e-04,2.069177163282003538e-04,9.567337111547536321e-05,2.172798266262857231e-04,1.839511956760252025e-04,8.505424921244033242e-05,1.313352521518315076e-05,8.281354896094451687e-06,3.413470388840298357e-05,1.415900305361934821e-05,8.927970772565475987e-06,3.679997324949363542e-05,1.630813865381807893e-05,1.028310995518960289e-05,4.238568661485880216e-05
2.551362993060130394e-68,2.621252540770366574e-67,7.956961247698426279e-68,1.661555031826466971e-58,1.707070048696229106e-57,5.181908272215003977e-58,4.375092264675261858e-60,4.494939272098521077e-59,1.364464394122602462e-59,3.539590953143158975e-110,2.390187400361815562e-110,3.173301846376202946e-110,4.823277517027503468e-105,3.257025261467066871e-105,4.324148087444036424e-105,1.270032213855259079e-106,8.576174580045288471e-107,1.138604890377328475e-106,1.595847241199013417e-11,1.321323279015534935e-11,3.949598400465596802e-11,3.339166027966467859e-16,2.764749464325269624e-16,8.264177461645113783e-16,5.726021541881870674e-08,4.741008640493941318e-08,1.417146011159339593e-07,9.608330300623131562e-27,2.334434175067223294e-27,5.119011749852961748e-28,2.010456220184079349e-31,4.884592391218914333e-32,1.071106913655938243e-32,1.309293761021071705e-21,3.181052279948854597e-22,6.975499318795666230e-23
1.292818917018070842e-11,4.739926100682063961e-11,2.674055556723459762e-11,2.207556639991151338e-09,8.093674372249147572e-09,4.566091215284713118e-09,4.177727624909423593e-09,1.531700994639133505e-08,8.641175978174516215e-09,4.458566786697285433e-49,7.944596823406825119e-49,4.659323442620436273e-49,2.144757337150501346e-49,3.821683770341429283e-49,2.241329695796703579e-49,4.058882029942723105e-49,7.232409611509394825e-49,4.241642011367488244e-49,2.024982179770334703e-13,1.040491110638988296e-13,1.809561806248568645e-15,5.704662220052739379e-16,2.931211142725289552e-16,5.097792451747594543e-18,1.843454225009481024e-13,9.472170931448855148e-14,1.647345043561346026e-15,4.464978966031844393e-09,9.253543164491707040e-10,1.013283539549882733e-09,1.257847949246686419e-11,2.606854451335969076e-12,2.854563553209700626e-12,2.147841863935196695e-09,4.451341775544864803e-10,4.874318161045848961e-10
1.205517485508506154e-21,2.758740844247986984e-21,3.625777539730060875e-21,1.354447936109569236e-21,3.099557565667919195e-21,4.073708564590671660e-21,1.570075447633959785e-21,3.593005757284126979e-21,4.722241163770050566e-21,5.379013266102055113e-08,2.293485327712153665e-07,6.002519493305999446e-08,1.774375547737561010e-07,7.565521933609788623e-07,1.980051598098837494e-07,2.056855349041216543e-07,8.769949674563210920e-07,2.295274935523160417e-07,5.034239324209934511e-06,1.327622311095557325e-06,4.883509812842678707e-06,1.478046116116003101e-05,3.897881833203666576e-06,1.433792127675475895e-05,1.925018878017837614e-05,5.076631934135760566e-06,1.867382135668106934e-05,5.148749384630604944e-05,3.265925650122799163e-04,1.112817588344385168e-04,1.511666120879591707e-04,9.588715219543535737e-04,3.267217961784380973e-04,1.698418382250560998e-04,1.077331162357621219e-03,3.670852292360004209e-04
9.132602332159029095e-05,4.318706123514851080e-04,3.943276038545735838e-04,7.816218633255316180e-05,3.696202905419884461e-04,3.374887740377928913e-04,8.542277766912482551e-05,4.039548198745253555e-04,3.688385632893821740e-04,3.948492387927921943e-04,6.490997485290636557e-07,5.822671942263182160e-04,3.331659931727814963e-04,5.476975542565891317e-07,4.913055642438316026e-04,3.641142334558597504e-04,5.985739217698747325e-07,5.369436034381440837e-04,1.298705218041677854e-03,2.502585586717125717e-03,7.817769246982617321e-04,1.280376795018047876e-03,2.467266988894476366e-03,7.707438295917459423e-04,1.197614199278033151e-03,2.307784701196753229e-03,7.209235265092354570e-04,2.171161177737569465e-04,1.351784109360120757e-03,4.077600396728912327e-04,2.140519920610673430e-04,1.332706592269419614e-03,4.020053861953866892e-04,1.831982941972250972e-04,1.140608746586672679e-03,3.440598720897711867e-04
9.440768443894260748e-05,3.171270697887145222e-05,2.302734529024448115e-05,4.284454143965713197e-04,1.439201052747671932e-04,1.045037864657347935e-04,1.576306083433177171e-04,5.295006781493383701e-05,3.844829441802931228e-05,8.592211572046644094e-11,7.368645085696299092e-11,2.016509656369796696e-11,9.126594321714552447e-11,7.826929520291914479e-11,2.141924162968835596e-11,3.357792070340447544e-11,2.879628583448692222e-11,7.880415975733012641e-12,6.658935993245583811e-04,2.989193277375367373e-04,2.064839558192590086e-04,1.558549037296161008e-04,6.996319396178519870e-05,4.832834718424068896e-05,2.602277921992402626e-04,1.168161351629191068e-04,8.069286745196914813e-05,1.173280299627798501e-09,2.285099964674120087e-08,1.579758687459688891e-08,2.746106710318722272e-10,5.348362491666608516e-09,3.697484679231006268e-09,1.246251122958786937e-09,2.427219137619221535e-08,1.678009968185006162e-08
