9.986222029011696533e-01,4.562571977647067434e-04,4.562571977647067434e-04,4.562571977647067434e-04,9.986222029011696533e-01,4.562571977647067434e-04,4.562571977647067434e-04,4.562571977647067434e-04,9.986222029011696533e-01,9.984991217425593923e-01,3.725228923258693588e-04,3.702598765075181572e-04,3.725228923258693588e-04,9.985766557587330006e-01,4.013050987804941136e-04,3.702598765075181572e-04,4.013050987804941136e-04,9.985737245529894279e-01,9.986222029011696533e-01,4.562571977647067434e-04,4.562571977647067434e-04,4.562571977647067434e-04,9.986222029011696533e-01,4.562571977647067434e-04,4.562571977647067434e-04,4.562571977647067434e-04,9.986222029011696533e-01,9.986222029011696533e-01,4.562571977647067434e-04,4.562571977647067434e-04,4.562571977647067434e-04,9.986222029011696533e-01,4.562571977647067434e-04,4.562571977647067434e-04,4.562571977647067434e-04,9.986222029011696533e-01
9.938101256315782228e-01,-9.263327491814785531e-04,-1.382726816573389989e-03,-9.263327491814785531e-04,9.937052957963317112e-01,-1.514818069677272222e-03,-1.382726816573389989e-03,-1.514818069677272222e-03,9.919277344910769623e-01,9.930023402522605291e-01,-8.710839978111634824e-04,-2.364805257643038620e-03,-8.710839978111634824e-04,9.941665576160239048e-01,-9.982049985773106156e-04,-2.364805257643038620e-03,-9.982049985773106156e-04,9.916606793978339773e-01,9.937390599393638446e-01,-1.134940984784355488e-03,-1.231954026244361233e-03,-1.134940984784355488e-03,9.931340991344378422e-01,-1.679457877572940400e-03,-1.231954026244361233e-03,-1.679457877572940400e-03,9.927766408268859921e-01,9.931168711680415928e-01,-1.263506376269068598e-03,-4.482911764439771914e-03,-1.263506376269068598e-03,9.949796722141118765e-01,-1.853423370154672631e-03,-4.482911764439771914e-03,-1.853423370154672631e-03,9.879100977222579072e-01
9.976336410412308675e-01,8.750132523198865346e-05,8.750095606901516128e-05,8.750132523198865346e-05,9.976336416685737118e-01,8.750135571578059003e-05,8.750095606901516128e-05,8.750135571578059003e-05,9.976336411793714776e-01,9.975163241061200115e-01,-8.235212163642098787e-05,7.079988734017816638e-05,-8.235212163642098787e-05,9.974398916936753068e-01,6.662455468533534685e-05,7.079988734017816638e-05,6.662455468533534685e-05,9.976501549666449975e-01,9.976336417679422253e-01,8.750164379239595456e-05,8.750164374233348845e-05,8.750164379239595456e-05,9.976336417680677915e-01,8.750164380574087055e-05,8.750164374233348845e-05,8.750164380574087055e-05,9.976336417679697588e-01,9.976336418979544485e-01,8.750161013613944831e-05,8.750160324376830725e-05,8.750161013613944831e-05,9.976336396324686495e-01,8.749893810471308679e-05,8.750160324376830725e-05,8.749893810471308679e-05,9.976336386637399967e-01
1.155810766334895101e+00,-1.186989873547568755e-02,-1.025193900251593487e-01,-1.186989873547568755e-02,1.218250335303509679e+00,-1.805850689190608566e-02,-1.025193900251593487e-01,-1.805850689190608566e-02,1.060084072612712536e+00,1.227354520284673622e+00,-6.488395941429503377e-02,-3.688761054859421296e-02,-6.488395941429503377e-02,1.183898716571480048e+00,-5.108857804068686614e-02,-3.688761054859421296e-02,-5.108857804068686614e-02,1.244959730371484108e+00,1.216412702227835041e+00,-6.114296712699361647e-02,-3.632311174132649839e-02,-6.114296712699361647e-02,1.120559334251806316e+00,-7.426264513930241895e-02,-3.632311174132649839e-02,-7.426264513930241895e-02,1.202412023282849018e+00,1.308884214103251065e+00,-5.507502540964531040e-03,-1.401633606497970468e-02,-5.507502540964531040e-03,1.300509370139928178e+00,-3.141215559665697099e-02,-1.401633606497970468e-02,-3.141215559665697099e-02,1.221209049016472425e+00
9.991472312521070265e-01,3.986250474215306231e-04,3.986231896639238570e-04,3.986250474215306231e-04,9.991472364399980322e-01,3.986256843231950607e-04,3.986231896639238570e-04,3.986256843231950607e-04,9.991472347280728750e-01,9.991472367197274940e-01,3.986267410617870370e-04,3.986267410617870370e-04,3.986267410617870370e-04,9.991472367197274940e-01,3.986267410617870370e-04,3.986267410617870370e-04,3.986267410617870370e-04,9.991472367197274940e-01,9.991472367197270499e-01,3.986267410616376882e-04,3.986267410617076192e-04,3.986267410616376882e-04,9.991472367197274940e-01,3.986267410617636182e-04,3.986267410617076192e-04,3.986267410617636182e-04,9.991472367197274940e-01,9.991472367197274940e-01,3.986267410617870370e-04,3.986267410617870370e-04,3.986267410617870370e-04,9.991472367197274940e-01,3.986267410617870370e-04,3.986267410617870370e-04,3.986267410617870370e-04,9.991472367197274940e-01
9.951935738443177248e-01,-1.988625933387465003e-02,-5.094528078570999957e-02,-1.988625933387465003e-02,1.089261221259658408e+00,-9.658159508389144512e-03,-5.094528078570999957e-02,-9.658159508389144512e-03,1.065660068895485146e+00,9.997304576537849874e-01,9.513931418690743528e-04,-4.017987002882936719e-03,9.513931418690743528e-04,9.992176959225014254e-01,-5.428675119000390265e-03,-4.017987002882936719e-03,-5.428675119000390265e-03,9.626732751530716614e-01,9.884902334490810460e-01,-2.189062832131943512e-03,-8.274047676660298625e-03,-2.189062832131943512e-03,9.956143115508767627e-01,-2.788127395096361930e-03,-8.274047676660298625e-03,-2.788127395096361930e-03,9.858013714184996612e-01,1.053317068745752483e+00,-3.544371658475180958e-02,-7.414541305663125206e-03,-3.544371658475180958e-02,1.111799272609538258e+00,-2.507812698040459091e-03,-7.414541305663125206e-03,-2.507812698040459091e-03,1.129020371112507970e+00
9.914612814647809635e-01,-9.869480786264817740e-06,-7.561167792771650775e-04,-9.869480786264817740e-06,9.869735057833797232e-01,-5.557358137389207739e-03,-7.561167792771650775e-04,-5.557358137389207739e-03,9.816268274341124478e-01,9.905654517492668010e-01,1.711047740538580806e-03,1.712090061433888021e-03,1.711047740538580806e-03,9.905169858063246346e-01,1.691982793918352362e-03,1.712090061433888021e-03,1.691982793918352362e-03,9.905565249605913225e-01,9.958206032595050550e-01,-7.690695215983196602e-03,1.553575286971782239e-03,-7.690695215983196602e-03,9.451627249034841860e-01,8.260831028605049699e-04,1.553575286971782239e-03,8.260831028605049699e-04,9.974948267287279124e-01,8.442118750855457376e-01,-1.022498027853323971e-02,-3.136200598073957818e-02,-1.022498027853323971e-02,1.086463838971589935e+00,8.693012847989594846e-05,-3.136200598073957818e-02,8.693012847989594846e-05,1.082545867884888713e+00
9.995697830040241039e-01,1.061077001759687753e-06,-4.607942228071203961e-06,1.061077001759687753e-06,9.995846477729403157e-01,3.012586803181437265e-06,-4.607942228071203961e-06,3.012586803181437265e-06,9.995784317669739183e-01,9.995865779975429133e-01,7.802598565261489484e-06,7.802598565261489484e-06,7.802598565261489484e-06,9.995865779975429133e-01,7.802598565261489484e-06,7.802598565261489484e-06,7.802598565261489484e-06,9.995865779975429133e-01,9.995865779975429133e-01,7.802598565261489484e-06,7.802598565261489484e-06,7.802598565261489484e-06,9.995865779975429133e-01,7.802598565261489484e-06,7.802598565261489484e-06,7.802598565261489484e-06,9.995865779975429133e-01,9.996849628346954342e-01,-1.350749709896976103e-03,-6.923976069173290882e-04,-1.350749709896976103e-03,9.920551042315393087e-01,-4.045595096442813725e-03,-6.923976069173290882e-04,-4.045595096442813725e-03,9.978305164488119328e-01
9.909834295625503664e-01,-1.591383405642016972e-03,-1.586147170908176057e-03,-1.591383405642016972e-03,9.909806701353334191e-01,-1.586239173472738483e-03,-1.586147170908176057e-03,-1.586239173472738483e-03,9.909877602175379829e-01,1.110081035125832338e+00,-3.133638105020718906e-02,-4.004078836746182563e-02,-3.133638105020718906e-02,1.079344406213120333e+00,-6.473330649132995329e-02,-4.004078836746182563e-02,-6.473330649132995329e-02,1.046575102268991753e+00,9.838059057017344289e-01,-2.125524229525544134e-03,-1.748406093697751559e-02,-2.125524229525544134e-03,9.951682191997092142e-01,-2.339283981193078770e-03,-1.748406093697751559e-02,-2.339283981193078770e-03,9.729988046931264956e-01,9.880901412778855253e-01,-4.470234704969524610e-03,-2.266717828335245138e-03,-4.470234704969524610e-03,9.890280879154779159e-01,-2.164952181192944698e-03,-2.266717828335245138e-03,-2.164952181192944698e-03,9.913446971758607118e-01
1.258281084138324513e+00,-4.967955581547461863e-02,-5.292061341241702938e-02,-4.967955581547461863e-02,1.156403782211578246e+00,-1.297893304159160877e-01,-5.292061341241702938e-02,-1.297893304159160877e-01,1.140112113807183247e+00,1.335047813094380142e+00,-1.781081064595265231e-02,-4.365579152314023187e-02,-1.781081064595265231e-02,1.400111469391165819e+00,-1.104530207062598586e-02,-4.365579152314023187e-02,-1.104530207062598586e-02,1.376916595079761496e+00,1.192419455202074152e+00,-1.879297890202723254e-02,-1.314970677411764211e-01,-1.879297890202723254e-02,1.284422570019137844e+00,-2.612936545411792891e-02,-1.314970677411764211e-01,-2.612936545411792891e-02,1.106351646677054879e+00,1.367190359410272116e+00,-4.064921786491209471e-02,-1.794545743095830523e-02,-4.064921786491209471e-02,1.280436037142013594e+00,-4.584821803345187630e-02,-1.794545743095830523e-02,-4.584821803345187630e-02,1.362770377038801772e+00
9.842349672098260616e-01,1.564663059906932271e-03,1.677187161290212211e-03,1.564663059906932271e-03,9.925204204912170258e-01,2.742949525726604779e-03,1.677187161290212211e-03,2.742949525726604779e-03,9.925555687474533206e-01,9.343177472870405342e-01,-5.437361032209789974e-02,-4.784579911293608545e-02,-5.437361032209789974e-02,1.001848768999215045e+00,-2.608245483129885064e-02,-4.784579911293608545e-02,-2.608245483129885064e-02,1.008885888557676802e+00,1.004816266182311901e+00,-1.444840270750285920e-02,-9.077910033307269588e-02,-1.444840270750285920e-02,1.069906316715466765e+00,-2.053124035483653784e-02,-9.077910033307269588e-02,-2.053124035483653784e-02,9.477664629453181888e-01,9.924719145284486288e-01,2.425648313707591455e-03,2.790535125747177232e-03,2.425648313707591455e-03,9.864361580946807706e-01,1.099368205905398507e-03,2.790535125747177232e-03,1.099368205905398507e-03,9.919538457568053413e-01
9.971409638282819898e-01,-5.044147884727089026e-04,-5.415232319663728939e-04,-5.044147884727089026e-04,9.971647901952814808e-01,-5.069593998596655295e-04,-5.415232319663728939e-04,-5.069593998596655295e-04,9.970969088988484996e-01,9.971617390988397611e-01,-5.039190725637520156e-04,-5.014292055554455622e-04,-5.039190725637520156e-04,9.971387942822131922e-01,-5.062561753832147456e-04,-5.014292055554455622e-04,-5.062561753832147456e-04,9.971608515417820229e-01,9.880293926333274523e-01,-1.010268064511132824e-02,-1.286199124078020450e-02,-1.010268064511132824e-02,9.935216510188268346e-01,-9.822314329303508465e-03,-1.286199124078020450e-02,-9.822314329303508465e-03,9.887621172021834326e-01,9.665180203110037560e-01,-3.990178270233303570e-02,-1.735791743807978821e-02,-3.990178270233303570e-02,9.767041339353880192e-01,-1.531916530735160514e-02,-1.735791743807978821e-02,-1.531916530735160514e-02,1.005000105925565546e+00
9.903193948942402569e-01,-7.604399848265964816e-03,-1.966749214969301315e-03,-7.604399848265964816e-03,9.745891785813718400e-01,-2.665580042143796558e-03,-1.966749214969301315e-03,-2.665580042143796558e-03,9.922802707277953438e-01,9.901454875989527116e-01,-1.625216143460783908e-03,-1.974599831756709140e-03,-1.625216143460783908e-03,9.904365928939341535e-01,-1.628839584357156828e-03,-1.974599831756709140e-03,-1.628839584357156828e-03,9.899832473720791004e-01,9.921191376687700236e-01,-1.981773799615972869e-03,-1.966259434359394521e-03,-1.981773799615972869e-03,9.827338710345363548e-01,-1.061762835036463709e-02,-1.966259434359394521e-03,-1.061762835036463709e-02,9.835031820765183230e-01,9.903853512977605078e-01,-1.817408148645551337e-03,-1.850089071130560066e-03,-1.817408148645551337e-03,9.899698163490443514e-01,-2.190657046121985939e-03,-1.850089071130560066e-03,-2.190657046121985939e-03,9.897990128012452704e-01
9.962033409136347162e-01,-1.002079989208745853e-03,-1.002079989208745853e-03,-1.002079989208745853e-03,9.962033409136347162e-01,-1.002079989208745853e-03,-1.002079989208745853e-03,-1.002079989208745853e-03,9.962033409136347162e-01,9.961945323546552711e-01,-1.004049449885460396e-03,-1.004444000242696875e-03,-1.004049449885460396e-03,9.962032829487053043e-01,-1.002587523580859754e-03,-1.004444000242696875e-03,-1.002587523580859754e-03,9.962030965653810854e-01,9.961769927464416696e-01,-1.040226448264189871e-03,-1.051317531322759407e-03,-1.040226448264189871e-03,9.961661577457574523e-01,-1.058804232906999454e-03,-1.051317531322759407e-03,-1.058804232906999454e-03,9.961368876595053656e-01,9.962033394177624013e-01,-1.002080525555021839e-03,-1.002081698969778910e-03,-1.002080525555021839e-03,9.962033408118997624e-01,-1.002080570855982088e-03,-1.002081698969778910e-03,-1.002080570855982088e-03,9.962033391401894367e-01
9.960869196124247926e-01,1.738752481930291340e-03,1.737852865783379684e-03,1.738752481930291340e-03,9.960865710785806737e-01,1.737581311741415429e-03,1.737852865783379684e-03,1.737581311741415429e-03,9.960841111595697406e-01,1.000454496863110609e+00,-3.256977234578646747e-03,-7.740264881376314118e-03,-3.256977234578646747e-03,1.003584545551891027e+00,-5.225278434849722937e-03,-7.740264881376314118e-03,-5.225278434849722937e-03,9.940415020761974585e-01,9.960882348729748204e-01,1.740595672578228951e-03,1.740595672614343292e-03,1.740595672578228951e-03,9.960882348728939961e-01,1.740595672586199572e-03,1.740595672614343292e-03,1.740595672586199572e-03,9.960882348729843683e-01,9.946447904273376661e-01,1.699663827413456889e-03,1.011112930998668124e-03,1.699663827413456889e-03,9.962799126867804000e-01,1.722346036055769731e-03,1.011112930998668124e-03,1.722346036055769731e-03,9.959556937173980051e-01
9.892480116398136847e-01,-2.761643749558589066e-03,-2.021134413181534077e-03,-2.761643749558589066e-03,9.896977552134054168e-01,-1.884081209603577457e-03,-2.021134413181534077e-03,-1.884081209603577457e-03,9.907908100978038979e-01,9.909679108190240227e-01,-6.878767316271916900e-04,-6.805528681482451991e-04,-6.878767316271916900e-04,9.909276908672719486e-01,-6.806074784017816879e-04,-6.805528681482451991e-04,-6.806074784017816879e-04,9.909692068558247913e-01,9.909669341873246218e-01,-6.805526583919365227e-04,-6.805466845042734388e-04,-6.805526583919365227e-04,9.909670014454072806e-01,-6.805420693265075514e-04,-6.805466845042734388e-04,-6.805420693265075514e-04,9.909670029175826622e-01,1.014460366758568766e+00,-7.202256174514324412e-04,-7.898195920014811078e-03,-7.202256174514324412e-04,1.020672835716180060e+00,-7.266447366749050280e-04,-7.898195920014811078e-03,-7.266447366749050280e-04,1.012287950346355547e+00
9.951585915118807968e-01,1.396960522913002871e-03,1.396960518118128955e-03,1.396960522913002871e-03,9.951585915149974149e-01,1.396960522381050784e-03,1.396960518118128955e-03,1.396960522381050784e-03,9.951585915057783449e-01,9.951585912865594796e-01,1.396951193115127630e-03,1.396942007133724359e-03,1.396951193115127630e-03,9.951585732763675862e-01,1.396916919351411188e-03,1.396942007133724359e-03,1.396916919351411188e-03,9.951585087158170140e-01,9.951585818333786859e-01,1.396958071631050711e-03,1.396954937643007022e-03,1.396958071631050711e-03,9.951585913125025051e-01,1.396959164269319419e-03,1.396954937643007022e-03,1.396959164269319419e-03,9.951585888123373191e-01,9.951585877093468424e-01,1.396946488546500168e-03,1.396949131374132036e-03,1.396946488546500168e-03,9.951585593359888460e-01,1.396932809996826374e-03,1.396949131374132036e-03,1.396932809996826374e-03,9.951585709836148208e-01
9.964813343230696230e-01,2.775768731173003834e-04,-1.876411993532708499e-03,2.775768731173003834e-04,9.977593909527863181e-01,2.741401151786709367e-04,-1.876411993532708499e-03,2.741401151786709367e-04,9.941123866616347060e-01,9.974064505916789836e-01,2.825631837476279512e-04,2.825631854315066279e-04,2.825631837476279512e-04,9.974064505924251645e-01,2.825631854561097773e-04,2.825631854315066279e-04,2.825631854561097773e-04,9.974064505938993186e-01,9.974064505826560900e-01,2.825631824225911370e-04,2.825631827610761279e-04,2.825631824225911370e-04,9.974064505932100921e-01,2.825631847933197504e-04,2.825631827610761279e-04,2.825631847933197504e-04,9.974064505933862845e-01,9.973659434939314838e-01,2.611559708168832120e-04,2.677828641699806834e-04,2.611559708168832120e-04,9.973982430158663259e-01,2.751990085687383895e-04,2.677828641699806834e-04,2.751990085687383895e-04,9.974038244932708075e-01
9.967455956606762202e-01,-4.430259095190437757e-03,-5.923507258969868718e-03,-4.430259095190437757e-03,9.944092017799038841e-01,-7.969190900171322159e-03,-5.923507258969868718e-03,-7.969190900171322159e-03,9.890541910720448415e-01,9.972914559356869102e-01,-1.328570983725822427e-03,-1.331423854745216427e-03,-1.328570983725822427e-03,9.972921093064748277e-01,-1.328749772998709909e-03,-1.331423854745216427e-03,-1.328749772998709909e-03,9.972792775166710033e-01,9.788986382870230596e-01,-3.504222448816596280e-03,-6.964079066088910142e-03,-3.504222448816596280e-03,9.994053875843628143e-01,-1.919851419126904603e-03,-6.964079066088910142e-03,-1.919851419126904603e-03,9.981019973030181847e-01,9.036616326815034572e-01,-3.591763636789645914e-02,-6.603044452483106119e-02,-3.591763636789645914e-02,1.068554329708474304e+00,-1.435106544908567802e-02,-6.603044452483106119e-02,-1.435106544908567802e-02,1.051156280027390144e+00
1.017422595013365738e+00,-1.998258020501475496e-02,-4.221708201523338699e-02,-1.998258020501475496e-02,9.927974748979430109e-01,-7.841095363346288483e-02,-4.221708201523338699e-02,-7.841095363346288483e-02,8.556722675684248491e-01,8.837849605145025045e-01,-3.193952618533201643e-02,-1.560496785469535630e-01,-3.193952618533201643e-02,1.047277784450164617e+00,-2.931980173031372219e-02,-1.560496785469535630e-01,-2.931980173031372219e-02,9.121082399089665005e-01,9.613647119873509617e-01,-2.429728305781682016e-02,-1.080093177339610799e-01,-2.429728305781682016e-02,1.024603763800927103e+00,-3.556972539354232021e-02,-1.080093177339610799e-01,-3.556972539354232021e-02,8.719408768884273631e-01,1.076943485835060166e+00,-1.598557531594577141e-01,-1.585975312384369784e-01,-1.598557531594577141e-01,9.405005705322925236e-01,-2.402807181125522495e-01,-1.585975312384369784e-01,-2.402807181125522495e-01,9.443150946167049309e-01
9.648323636139511938e-01,-1.587174413347215429e-01,-5.042969327696067428e-02,-1.587174413347215429e-01,1.100743761514431762e+00,-3.293942292376257630e-02,-5.042969327696067428e-02,-3.293942292376257630e-02,1.195556723785561104e+00,9.923480758487690512e-01,1.126483979762847847e-03,1.133798490966685373e-03,1.126483979762847847e-03,9.918585347522087536e-01,7.697105991005215265e-04,1.133798490966685373e-03,7.697105991005215265e-04,9.919098803145212084e-01,1.126774197734267347e+00,-1.269181016665913916e-02,1.335986790038255680e-04,-1.269181016665913916e-02,7.800910327130848865e-01,-2.707819370337764819e-02,1.335986790038255680e-04,-2.707819370337764819e-02,1.125020969313479391e+00,9.923693462633897955e-01,1.232085551321071646e-03,1.250610404721481678e-03,1.232085551321071646e-03,9.917808897303610483e-01,9.446141987699683456e-04,1.250610404721481678e-03,9.446141987699683456e-04,9.921889837226379738e-01
9.769859666493773132e-01,-3.201827266118878641e-04,-1.125323901788438641e-04,-3.201827266118878641e-04,9.928164453203180972e-01,2.388962556319576026e-03,-1.125323901788438641e-04,2.388962556319576026e-03,9.928979785353443388e-01,9.756605454556100954e-01,-3.554312144272969015e-02,1.546169301658691098e-03,-3.554312144272969015e-02,9.685351101877656133e-01,1.403305527609815086e-03,1.546169301658691098e-03,1.403305527609815086e-03,1.010767587263208478e+00,9.914094888501340241e-01,3.024539025619984566e-03,3.024554174088762981e-03,3.024539025619984566e-03,9.914094249888119048e-01,3.024526758051446738e-03,3.024554174088762981e-03,3.024526758051446738e-03,9.914094748218217346e-01,9.914062054989748463e-01,3.019961734586052403e-03,3.020065545263328575e-03,3.019961734586052403e-03,9.914045837264363614e-01,3.019203842308941163e-03,3.020065545263328575e-03,3.019203842308941163e-03,9.914048281863441225e-01
9.998891171696595581e-01,2.414132700916264265e-05,2.414132700916264603e-05,2.414132700916264265e-05,9.998891171696595581e-01,2.414132700916264603e-05,2.414132700916264603e-05,2.414132700916264603e-05,9.998891171696595581e-01,9.998891171696595581e-01,2.414132700916264603e-05,2.414132700916264603e-05,2.414132700916264603e-05,9.998891171696595581e-01,2.414132700916264603e-05,2.414132700916264603e-05,2.414132700916264603e-05,9.998891171696595581e-01,9.998891171696595581e-01,2.414132700916264603e-05,2.414132700916264603e-05,2.414132700916264603e-05,9.998891171696595581e-01,2.414132700916264603e-05,2.414132700916264603e-05,2.414132700916264603e-05,9.998891171696595581e-01,9.998891171696595581e-01,2.414132700916264603e-05,2.414132700916264603e-05,2.414132700916264603e-05,9.998891171696595581e-01,2.414132700916264603e-05,2.414132700916264603e-05,2.414132700916264603e-05,9.998891171696595581e-01
1.117347989414839482e+00,-7.346338109739452768e-04,1.894732784810779398e-04,-7.346338109739452768e-04,1.109061714174944591e+00,-3.068664959598814065e-03,1.894732784810779398e-04,-3.068664959598814065e-03,1.115770483124594259e+00,1.112275656051634476e+00,-9.179685749993071915e-04,-3.817868605291160813e-03,-9.179685749993071915e-04,1.117311933951399050e+00,-6.260812880372030416e-04,-3.817868605291160813e-03,-6.260812880372030416e-04,1.113862854055733154e+00,1.106829406349232103e+00,4.363030408390950181e-05,-7.681060691651269215e-03,4.363030408390950181e-05,1.110372083578128333e+00,-1.217703881671887943e-03,-7.681060691651269215e-03,-1.217703881671887943e-03,1.090670146230867443e+00,1.101422598702527900e+00,-3.358861196195197119e-03,5.798876176817442532e-04,-3.358861196195197119e-03,1.064385015739376605e+00,-2.745882100787032203e-03,5.798876176817442532e-04,-2.745882100787032203e-03,1.101555524557508381e+00
9.960125961495083224e-01,7.807821515550366883e-04,8.800217594737014129e-04,7.807821515550366883e-04,9.951638705306286026e-01,4.275608482926091230e-04,8.800217594737014129e-04,4.275608482926091230e-04,9.956199244979097029e-01,9.860803814263778833e-01,-6.283921368411391276e-03,-7.287328478704859641e-03,-6.283921368411391276e-03,9.952067306640297595e-01,-3.570518525024519909e-03,-7.287328478704859641e-03,-3.570518525024519909e-03,9.940077488698132457e-01,1.003016944334506055e+00,8.625829135278989188e-04,-4.292726622390441666e-05,8.625829135278989188e-04,1.001014023893105787e+00,-7.237102238821310415e-03,-4.292726622390441666e-05,-7.237102238821310415e-03,9.686178643971444790e-01,9.957950585251336140e-01,6.518388702967096602e-04,7.924778182342867312e-04,6.518388702967096602e-04,9.953930636307802837e-01,6.198656076419543741e-04,7.924778182342867312e-04,6.198656076419543741e-04,9.957503888637830869e-01
9.999387889192439260e-01,1.757565990232555642e-06,1.757565990232555642e-06,1.757565990232555642e-06,9.999387889192439260e-01,1.757565990232555642e-06,1.757565990232555642e-06,1.757565990232555642e-06,9.999387889192439260e-01,9.999387889192439260e-01,1.757565990232555642e-06,1.757565990232555642e-06,1.757565990232555642e-06,9.999387889192439260e-01,1.757565990232555642e-06,1.757565990232555642e-06,1.757565990232555642e-06,9.999387889192439260e-01,9.999387889192439260e-01,1.757565990232555642e-06,1.757565990232555642e-06,1.757565990232555642e-06,9.999387889192439260e-01,1.757565990232555642e-06,1.757565990232555642e-06,1.757565990232555642e-06,9.999387889192439260e-01,9.999387889192439260e-01,1.757565990232555642e-06,1.757565990232555642e-06,1.757565990232555642e-06,9.999387889192439260e-01,1.757565990232555642e-06,1.757565990232555642e-06,1.757565990232555642e-06,9.999387889192439260e-01
9.907508045605579738e-01,-4.336848895287652959e-03,-2.199160102082506427e-03,-4.336848895287652959e-03,9.881442508797090296e-01,-2.618670457464202829e-03,-2.199160102082506427e-03,-2.618670457464202829e-03,9.923194624391651342e-01,1.034047811630449676e+00,-1.640861222421998973e-03,-1.504914969902910798e-03,-1.640861222421998973e-03,1.004837013630626164e+00,-1.201511709690647987e-02,-1.504914969902910798e-03,-1.201511709690647987e-02,1.030212129333095250e+00,9.755252729806789258e-01,-1.352517193120928753e-02,-1.357349198204304240e-02,-1.352517193120928753e-02,9.982509048734511392e-01,-6.682833668312411490e-03,-1.357349198204304240e-02,-6.682833668312411490e-03,9.982090076910861143e-01,9.918983159136876004e-01,-1.482336975210848604e-03,-1.744462659455252350e-03,-1.482336975210848604e-03,9.919302412912147648e-01,-1.665222556137301415e-03,-1.744462659455252350e-03,-1.665222556137301415e-03,9.905951808574857687e-01
1.058186134985215965e+00,-3.550761025507935542e-02,-2.267187391085539322e-02,-3.550761025507935542e-02,9.650589671495257704e-01,-6.715484663242837771e-02,-2.267187391085539322e-02,-6.715484663242837771e-02,1.027247083054300569e+00,9.792140153338266817e-01,-6.210190250928458722e-02,-2.716169512197060681e-02,-6.210190250928458722e-02,1.059424702184291078e+00,-1.476775660127797006e-02,-2.716169512197060681e-02,-1.476775660127797006e-02,1.086806803176277647e+00,1.005893675528497955e+00,-3.911668844734500494e-02,-5.691013576778847921e-02,-3.911668844734500494e-02,1.016991967202183877e+00,-4.941001258929385298e-02,-5.691013576778847921e-02,-4.941001258929385298e-02,9.790737174947674593e-01,1.001547724450275956e+00,-5.586802369289923381e-02,-8.841570482207933290e-03,-5.586802369289923381e-02,9.297384020353763878e-01,-1.624303798175580002e-02,-8.841570482207933290e-03,-1.624303798175580002e-02,1.029516170900201200e+00
9.933512926752467997e-01,1.639496047535551069e-03,1.639454704109443101e-03,1.639496047535551069e-03,9.933514212918778119e-01,1.639517706541220336e-03,1.639454704109443101e-03,1.639517706541220336e-03,9.933513721978231015e-01,9.929824938044350402e-01,1.615829598027128952e-03,1.405212869029229521e-03,1.615829598027128952e-03,9.933870958940211882e-01,1.625867071518269629e-03,1.405212869029229521e-03,1.625867071518269629e-03,9.932531987340392776e-01,9.933514430989799360e-01,1.639503061850860208e-03,1.639505989835756197e-03,1.639503061850860208e-03,9.933512283679393207e-01,1.639347420715654789e-03,1.639505989835756197e-03,1.639347420715654789e-03,9.933512476320941476e-01,1.000525444482825543e+00,-2.191223905583619333e-03,-8.771290076595435886e-03,-2.191223905583619333e-03,1.000793121705121358e+00,-8.413912142588091461e-03,-8.771290076595435886e-03,-8.413912142588091461e-03,9.771703070641934996e-01
9.888192792919827667e-01,2.325538749055415175e-03,2.345108845761958126e-03,2.325538749055415175e-03,9.916129410768855790e-01,3.017864240493945381e-03,2.345108845761958126e-03,3.017864240493945381e-03,9.916255567490913636e-01,9.563111102379184825e-01,-5.609613401978472136e-02,-6.213089642552738906e-02,-5.609613401978472136e-02,9.751438234644043135e-01,-5.257501731317325289e-02,-6.213089642552738906e-02,-5.257501731317325289e-02,9.643125730671985307e-01,9.916403499304079494e-01,3.143903436315594740e-03,3.233627280043520260e-03,3.143903436315594740e-03,9.912836651654792774e-01,3.098422814639760145e-03,3.233627280043520260e-03,3.098422814639760145e-03,9.915951400949793992e-01,9.867186849917799485e-01,-1.248592552973698490e-03,1.387326109210380897e-03,-1.248592552973698490e-03,9.888321239247832573e-01,1.786215672510610203e-03,1.387326109210380897e-03,1.786215672510610203e-03,9.918237583974828242e-01
9.990686862147558633e-01,2.001670122895388626e-04,2.001670156444010135e-04,2.001670122895388626e-04,9.990686862127624579e-01,2.001670151927924279e-04,2.001670156444010135e-04,2.001670151927924279e-04,9.990686862184110506e-01,9.990686862193971507e-01,2.001670180448826553e-04,2.001670180455587637e-04,2.001670180448826553e-04,9.990686862193945972e-01,2.001670180445479349e-04,2.001670180455587637e-04,2.001670180445479349e-04,9.990686862193968176e-01,9.990686862193978168e-01,2.001670180464964631e-04,2.001670180465214539e-04,2.001670180464964631e-04,9.990686862193979279e-01,2.001670180465448727e-04,2.001670180465214539e-04,2.001670180465448727e-04,9.990686862193979279e-01,9.990686862193799422e-01,2.001670180319649285e-04,2.001670180464593563e-04,2.001670180319649285e-04,9.990686862193867146e-01,2.001670180464834256e-04,2.001670180464593563e-04,2.001670180464834256e-04,9.990686862193983719e-01
1.002638528586341504e+00,-4.430045335279844329e-03,-4.758163987651932610e-03,-4.430045335279844329e-03,9.754738959375934826e-01,-3.470596139291311222e-02,-4.758163987651932610e-03,-3.470596139291311222e-02,9.649426767760954649e-01,9.050613484754322924e-01,-7.020323879113241593e-03,-2.705045815571860413e-02,-7.020323879113241593e-03,1.029149356181920938e+00,-3.453597049017965125e-03,-2.705045815571860413e-02,-3.453597049017965125e-03,1.024488187352605717e+00,9.740200129860937528e-01,-2.551583183772679342e-02,-1.043226666262864026e-02,-2.551583183772679342e-02,9.779634918670794264e-01,-9.786121350765331767e-03,-1.043226666262864026e-02,-9.786121350765331767e-03,9.965456477324039497e-01,1.051080416286054531e+00,-2.708137807317695985e-03,-3.782305694571294619e-02,-2.708137807317695985e-03,1.059540941190352248e+00,-3.117484973440790442e-03,-3.782305694571294619e-02,-3.117484973440790442e-03,9.127591174212809078e-01
9.987724830373190255e-01,5.872862771438679824e-04,5.872862771438679824e-04,5.872862771438679824e-04,9.987724830373190255e-01,5.872862771438679824e-04,5.872862771438679824e-04,5.872862771438679824e-04,9.987724830373190255e-01,9.987724619815665505e-01,5.871752192543181533e-04,5.872559961504957102e-04,5.871752192543181533e-04,9.987720641988112602e-01,5.871699363891716211e-04,5.872559961504957102e-04,5.871699363891716211e-04,9.987724591661268914e-01,9.987724830373190255e-01,5.872862771438679824e-04,5.872862771438679824e-04,5.872862771438679824e-04,9.987724830373190255e-01,5.872862771438679824e-04,5.872862771438679824e-04,5.872862771438679824e-04,9.987724830373190255e-01,9.987724830373190255e-01,5.872862771438679824e-04,5.872862771438679824e-04,5.872862771438679824e-04,9.987724830373190255e-01,5.872862771438679824e-04,5.872862771438679824e-04,5.872862771438679824e-04,9.987724830373190255e-01
9.980737678068116736e-01,-7.147320783030508247e-04,1.857862916162682015e-03,-7.147320783030508247e-04,9.582042501224090625e-01,-9.244452848433070552e-03,1.857862916162682015e-03,-9.244452848433070552e-03,9.946959904582856060e-01,9.936730469926355891e-01,2.961246329236753155e-03,2.961981878868919730e-03,2.961246329236753155e-03,9.935965266103553573e-01,2.903063876526865410e-03,2.961981878868919730e-03,2.903063876526865410e-03,9.936022497547049026e-01,9.936707538692359787e-01,2.981636054167114552e-03,2.981847802087467334e-03,2.981636054167114552e-03,9.936706226103499962e-01,2.981838001601951321e-03,2.981847802087467334e-03,2.981838001601951321e-03,9.936709352987860289e-01,9.936709233019016541e-01,2.981878500212032258e-03,2.981870624623949098e-03,2.981878500212032258e-03,9.936709263124996472e-01,2.981876158779186471e-03,2.981870624623949098e-03,2.981876158779186471e-03,9.936709027134564831e-01
9.960440201007115801e-01,-1.929317635616267573e-03,-1.837385791362131180e-03,-1.929317635616267573e-03,9.949224936583273005e-01,-1.985244236517703150e-03,-1.837385791362131180e-03,-1.985244236517703150e-03,9.960306375048588734e-01,9.899661766454064260e-01,-5.737154734541392506e-03,-1.007502889551732846e-02,-5.737154734541392506e-03,9.963083321104360124e-01,-5.758000178657898468e-03,-1.007502889551732846e-02,-5.758000178657898468e-03,9.898785276686028478e-01,9.952600824655933875e-01,-2.168721248275285503e-03,-2.510097774224737035e-03,-2.168721248275285503e-03,9.959362015451633798e-01,-2.112131826129924183e-03,-2.510097774224737035e-03,-2.112131826129924183e-03,9.955065476418548664e-01,1.072891016428093369e+00,-5.566372760292469593e-03,-5.325029097601559000e-03,-5.566372760292469593e-03,1.032928099319875059e+00,-3.953447801881644630e-02,-5.325029097601559000e-03,-3.953447801881644630e-02,1.037956930555697266e+00
9.925068496595047529e-01,1.228241608851999558e-03,1.167545742314580332e-03,1.228241608851999558e-03,9.925176139249520801e-01,1.217506868779812774e-03,1.167545742314580332e-03,1.217506868779812774e-03,9.921649145813610238e-01,9.867685923324706065e-01,-6.361966565568735223e-03,-1.956174313644029605e-02,-6.361966565568735223e-03,1.007257006939746402e+00,-5.634589149398830724e-03,-1.956174313644029605e-02,-5.634589149398830724e-03,9.909635160070081605e-01,9.917319343905223183e-01,9.101290520763388736e-04,-3.208730082189412093e-04,9.101290520763388736e-04,9.927237950667533450e-01,7.729508565270163094e-04,-3.208730082189412093e-04,7.729508565270163094e-04,9.906027138777673269e-01,9.881419051092874550e-01,-8.248325755611052388e-04,-5.047822322000679145e-03,-8.248325755611052388e-04,9.936737694819228750e-01,-8.468163574480900256e-04,-5.047822322000679145e-03,-8.468163574480900256e-04,9.880083134237676035e-01
9.747410113050328784e-01,-1.768812157719972661e-02,-2.272912575111938824e-02,-1.768812157719972661e-02,9.945907028360777558e-01,-1.337233869072462604e-02,-2.272912575111938824e-02,-1.337233869072462604e-02,9.880291203356262875e-01,1.016034166603519973e+00,-3.018354315580704453e-02,-3.957827687453517422e-03,-3.018354315580704453e-02,1.056342087354786186e+00,-2.666166246870687283e-03,-3.957827687453517422e-03,-2.666166246870687283e-03,1.071312955794362143e+00,9.934741981852560633e-01,-1.183054483645116194e-02,-8.068952148297319632e-03,-1.183054483645116194e-02,9.762293204172526329e-01,-1.560219326785277152e-02,-8.068952148297319632e-03,-1.560219326785277152e-02,9.892528523261158169e-01,9.918551301531745024e-01,-6.788368031039890629e-03,-1.238062686039331957e-02,-6.788368031039890629e-03,9.922782773673286538e-01,-1.196335047509360788e-02,-1.238062686039331957e-02,-1.196335047509360788e-02,9.760732596562557983e-01
9.966220939501375664e-01,-1.833526922239128417e-03,-1.378454033479763327e-03,-1.833526922239128417e-03,9.811000240069708278e-01,-1.862703587158737271e-03,-1.378454033479763327e-03,-1.862703587158737271e-03,9.966202731714794982e-01,9.953067613090369470e-01,-1.363341504960436865e-03,-1.363341504960831081e-03,-1.363341504960436865e-03,9.953067613090362808e-01,-1.363341504961287313e-03,-1.363341504960831081e-03,-1.363341504961287313e-03,9.953067613090352816e-01,9.953067612101628159e-01,-1.363341917924171471e-03,-1.363342861298777551e-03,-1.363341917924171471e-03,9.953067608628597407e-01,-1.363343546672775124e-03,-1.363342861298777551e-03,-1.363343546672775124e-03,9.953067547787195490e-01,9.814428237033779867e-01,-3.394383391466650884e-02,-4.752031559658340815e-02,-3.394383391466650884e-02,9.847040429125547556e-01,-4.526799382538788941e-02,-4.752031559658340815e-02,-4.526799382538788941e-02,9.534947274518389415e-01
9.950233876216225681e-01,-1.040127033060079479e-03,-1.040127033060079479e-03,-1.040127033060079479e-03,9.950233876216225681e-01,-1.040127033060079479e-03,-1.040127033060079479e-03,-1.040127033060079479e-03,9.950233876216225681e-01,9.950233643047148302e-01,-1.040142320024126750e-03,-1.040147820465991751e-03,-1.040142320024126750e-03,9.950233798957879294e-01,-1.040139766819075723e-03,-1.040147820465991751e-03,-1.040139766819075723e-03,9.950233719446109903e-01,9.950233876216225681e-01,-1.040127033060105283e-03,-1.040127033060087068e-03,-1.040127033060105283e-03,9.950233876216224571e-01,-1.040127033060090972e-03,-1.040127033060087068e-03,-1.040127033060090972e-03,9.950233876216225681e-01,9.950233874744086604e-01,-1.040127221998092717e-03,-1.040127119551435657e-03,-1.040127221998092717e-03,9.950233874061185091e-01,-1.040127136583309615e-03,-1.040127119551435657e-03,-1.040127136583309615e-03,9.950233875848717435e-01
9.993836734051078086e-01,-5.487536324416564248e-03,-4.004536046393804109e-03,-5.487536324416564248e-03,9.858481316282067253e-01,-1.080573588242135855e-02,-4.004536046393804109e-03,-1.080573588242135855e-02,9.944434641730764968e-01,1.011969286206350072e+00,-3.849825442947540054e-03,-4.350886913268268291e-03,-3.849825442947540054e-03,9.976022502908781231e-01,-1.903143172679870598e-02,-4.350886913268268291e-03,-1.903143172679870598e-02,9.911880132067691918e-01,1.003124270419313291e+00,-3.286796348919991673e-03,-1.838989542900527213e-02,-3.286796348919991673e-03,1.014850408917532087e+00,-4.112345065887972051e-03,-1.838989542900527213e-02,-4.112345065887972051e-03,9.909643432669450469e-01,9.959741925647941363e-01,-1.344525086091122789e-03,-1.314832325954268070e-03,-1.344525086091122789e-03,9.960370140279770634e-01,-1.311640811604459838e-03,-1.314832325954268070e-03,-1.311640811604459838e-03,9.960525767978651857e-01
9.994374221098049071e-01,2.317122110730965214e-04,2.317122058411477496e-04,2.317122110730965214e-04,9.994374220411331722e-01,2.317120790392854181e-04,2.317122058411477496e-04,2.317120790392854181e-04,9.994374218371951946e-01,9.994374221027624294e-01,2.317122162931902743e-04,2.317122163522474442e-04,2.317122162931902743e-04,9.994374221025593696e-01,2.317122163194916366e-04,2.317122163522474442e-04,2.317122163194916366e-04,9.994374221027767513e-01,9.994368966267960230e-01,2.227974549083253390e-04,2.267024792203646024e-04,2.227974549083253390e-04,9.994085991170849059e-01,2.143635073173991840e-04,2.267024792203646024e-04,2.143635073173991840e-04,9.994297216407408424e-01,9.994374221027828575e-01,2.317122163682960488e-04,2.317122163676370436e-04,2.317122163682960488e-04,9.994374221027828575e-01,2.317122163678740773e-04,2.317122163676370436e-04,2.317122163678740773e-04,9.994374221027784166e-01
1.385832899580439648e+00,-5.169374668085686617e-03,-2.149276894428356777e-03,-5.169374668085686617e-03,1.339438192245286707e+00,-2.656429632120372794e-02,-2.149276894428356777e-03,-2.656429632120372794e-02,1.369238586335867591e+00,9.955116066009228604e-01,-6.857588921621082800e-03,-1.214814730918662008e-03,-6.857588921621082800e-03,9.561773389754886221e-01,-1.416939043121897765e-02,-1.214814730918662008e-03,-1.416939043121897765e-02,9.908838538688723441e-01,9.923468249213961423e-01,-7.331502496091147486e-04,-1.693918382921423289e-03,-7.331502496091147486e-04,9.862453784546441060e-01,-7.137720087937302581e-03,-1.693918382921423289e-03,-7.137720087937302581e-03,9.812755081205994934e-01,9.900732989444412935e-01,2.136936399254857778e-03,1.394006930627507499e-03,2.136936399254857778e-03,9.918875285570317724e-01,2.313715718834872745e-03,1.394006930627507499e-03,2.313715718834872745e-03,9.912319119436368009e-01
9.985110543149076090e-01,6.437474680466899078e-04,6.437443796559623975e-04,6.437474680466899078e-04,9.985117701109784694e-01,6.439085982197083639e-04,6.437443796559623975e-04,6.439085982197083639e-04,9.985117682914340653e-01,9.985118043492547946e-01,6.439765253064761493e-04,6.439765253064761493e-04,6.439765253064761493e-04,9.985118043492547946e-01,6.439765253064761493e-04,6.439765253064761493e-04,6.439765253064761493e-04,9.985118043492547946e-01,9.985118043492547946e-01,6.439765253064761493e-04,6.439765253064761493e-04,6.439765253064761493e-04,9.985118043492547946e-01,6.439765253064761493e-04,6.439765253064761493e-04,6.439765253064761493e-04,9.985118043492547946e-01,9.985118043492547946e-01,6.439765253064761493e-04,6.439765253064761493e-04,6.439765253064761493e-04,9.985118043492547946e-01,6.439765253064761493e-04,6.439765253064761493e-04,6.439765253064761493e-04,9.985118043492547946e-01
9.607666197628766946e-01,-6.621451561941298601e-03,-1.132776139895632674e-02,-6.621451561941298601e-03,9.980008886167925919e-01,-2.672728501024952078e-03,-1.132776139895632674e-02,-2.672728501024952078e-03,9.960863907159893671e-01,1.051386568614409933e+00,-4.750115856504377038e-03,-2.949458140488590493e-02,-4.750115856504377038e-03,1.056554762913558321e+00,-1.551209606893618788e-02,-2.949458140488590493e-02,-1.551209606893618788e-02,9.433044836590709359e-01,1.001867808553936978e+00,-3.591493037576967001e-03,-2.634497514260690509e-02,-3.591493037576967001e-03,1.010078779600343424e+00,-7.909090937964663101e-03,-2.634497514260690509e-02,-7.909090937964663101e-03,9.393894621711303961e-01,1.037944845490978540e+00,-1.065079642488988426e-02,-8.558635927918434999e-03,-1.065079642488988426e-02,9.655523047473986153e-01,-5.846824898081701138e-02,-8.558635927918434999e-03,-5.846824898081701138e-02,9.946550979210770915e-01
1.016891761748081935e+00,-2.338355062806011381e-02,4.816529172341504515e-04,-2.338355062806011381e-02,9.003141129025371558e-01,-1.341968648854835553e-03,4.816529172341504515e-04,-1.341968648854835553e-03,1.021719763357529009e+00,9.921811793839607763e-01,9.164183090045179437e-04,8.446283979386596088e-04,9.164183090045179437e-04,9.924546806248327746e-01,9.308608962274767147e-04,8.446283979386596088e-04,9.308608962274767147e-04,9.924245346105460275e-01,9.951265167590851446e-01,-6.687341092719477353e-02,-3.895197653159377521e-02,-6.687341092719477353e-02,9.623371264938234138e-01,-4.974543817282409824e-02,-3.895197653159377521e-02,-4.974543817282409824e-02,1.018682508007873633e+00,9.899943964761149795e-01,1.853128878293228133e-04,-3.951131346171418007e-03,1.853128878293228133e-04,9.932147045352432979e-01,-1.484929437655273308e-04,-3.951131346171418007e-03,-1.484929437655273308e-04,9.863251382359158326e-01
9.973614318218347874e-01,-5.637675078059675715e-02,-9.029372932871411114e-03,-5.637675078059675715e-02,9.088957311125329674e-01,-1.884178032979895098e-02,-9.029372932871411114e-03,-1.884178032979895098e-02,1.021882820196457820e+00,9.978390184556239495e-01,-8.256099688532426983e-02,-8.909190689038143374e-02,-8.256099688532426983e-02,1.009399077394845134e+00,-8.307361410987323946e-02,-8.909190689038143374e-02,-8.307361410987323946e-02,9.967364069375610480e-01,1.310448879952641921e+00,2.939382178396481656e-04,-6.394653396411003774e-04,2.939382178396481656e-04,1.310293437458262655e+00,-3.911790025168243416e-03,-6.394653396411003774e-04,-3.911790025168243416e-03,1.200689864981704602e+00,1.043747230749669797e+00,2.590539211744163971e-04,-1.537389930431869341e-02,2.590539211744163971e-04,1.045001836348808055e+00,-5.720639871603025450e-04,-1.537389930431869341e-02,-5.720639871603025450e-04,8.490541464226410984e-01
9.988516648025034250e-01,-6.310786984803992564e-04,-4.537673794887057098e-03,-6.310786984803992564e-04,9.980650321472733788e-01,-6.798735291095522881e-03,-4.537673794887057098e-03,-6.798735291095522881e-03,9.647488401843810069e-01,9.963659801217173984e-01,3.851948436512749778e-04,3.851948368231708692e-04,3.851948436512749778e-04,9.963659801192876753e-01,3.851948306287440076e-04,3.851948368231708692e-04,3.851948306287440076e-04,9.963659800610674688e-01,9.969237918199413961e-01,-1.266323828186916153e-03,-7.364384177033411662e-04,-1.266323828186916153e-03,9.888958152967801674e-01,-5.288752501523278499e-03,-7.364384177033411662e-04,-5.288752501523278499e-03,9.933967898646185457e-01,1.100218764227686608e+00,-1.108540861112608938e-01,-1.194022791364766634e-01,-1.108540861112608938e-01,8.917397052846209871e-01,-2.760263268197842845e-01,-1.194022791364766634e-01,-2.760263268197842845e-01,8.507737430525184052e-01
9.984349064616308000e-01,9.954282842877164392e-05,9.951002709956559386e-05,9.954282842877164392e-05,9.984348796918800506e-01,9.948585341709715018e-05,9.951002709956559386e-05,9.948585341709715018e-05,9.984347702364931854e-01,9.984349404531530636e-01,9.959668232155021253e-05,9.959668232152356826e-05,9.959668232155021253e-05,9.984349404531530636e-01,9.959668232147140458e-05,9.959668232152356826e-05,9.959668232147140458e-05,9.984349404531527306e-01,9.984349404529613281e-01,9.959668216081675257e-05,9.959668204513850650e-05,9.959668216081675257e-05,9.984349404530371563e-01,9.959668210269759367e-05,9.959668204513850650e-05,9.959668210269759367e-05,9.984349404527880223e-01,9.984658646182541508e-01,-2.152726022119111869e-03,-6.455607898005165379e-04,-2.152726022119111869e-03,9.915698367959785431e-01,-2.403694079446328912e-03,-6.455607898005165379e-04,-2.403694079446328912e-03,9.983081285009348660e-01
9.969985174220864499e-01,1.464094176413603763e-03,1.464094175997692317e-03,1.464094176413603763e-03,9.969985174224562652e-01,1.464094176378717390e-03,1.464094175997692317e-03,1.464094176378717390e-03,9.969985174217942392e-01,9.969985174224547109e-01,1.464094176496417510e-03,1.464094176504636413e-03,1.464094176496417510e-03,9.969985174224281765e-01,1.464094176493160567e-03,1.464094176504636413e-03,1.464094176493160567e-03,9.969985174224503810e-01,9.969985174224708091e-01,1.464094176524221658e-03,1.464094176524194987e-03,1.464094176524221658e-03,9.969985174224711422e-01,1.464094176524249414e-03,1.464094176524194987e-03,1.464094176524249414e-03,9.969985174224711422e-01,9.969985174224711422e-01,1.464094176524254835e-03,1.464094176524254835e-03,1.464094176524254835e-03,9.969985174224711422e-01,1.464094176524254835e-03,1.464094176524254835e-03,1.464094176524254835e-03,9.969985174224711422e-01
9.938342386303318232e-01,-3.321494327831068204e-03,-3.131691590503759420e-03,-3.321494327831068204e-03,9.880382611934919179e-01,-6.369716164944816579e-03,-3.131691590503759420e-03,-6.369716164944816579e-03,9.917404375480458611e-01,1.003405370996093504e+00,-4.618630981571870270e-02,-2.408218427502028386e-02,-4.618630981571870270e-02,9.284007460600354200e-01,-4.930659209460915016e-02,-2.408218427502028386e-02,-4.930659209460915016e-02,1.000449922407165237e+00,9.570361584519404552e-01,-3.798495462463374189e-02,-6.411916714321662381e-02,-3.798495462463374189e-02,1.005630812606196356e+00,-3.497273709020337629e-02,-6.411916714321662381e-02,-3.497273709020337629e-02,9.680330005795020343e-01,1.044791553011574115e+00,-8.140418573707192823e-03,-6.208885083703644635e-03,-8.140418573707192823e-03,9.162478782734353455e-01,-8.466821584713646320e-02,-6.208885083703644635e-03,-8.466821584713646320e-02,9.930095362024489170e-01
9.547635499312459029e-01,-2.456127462707258582e-02,-2.343445985267631360e-03,-2.456127462707258582e-02,9.951969019481088363e-01,-1.788450278764400474e-03,-2.343445985267631360e-03,-1.788450278764400474e-03,1.005760428675225748e+00,9.966400572691187509e-01,-1.324217704129271962e-03,-1.324217797184825242e-03,-1.324217704129271962e-03,9.966400572016599346e-01,-1.324218158649399010e-03,-1.324217797184825242e-03,-1.324218158649399010e-03,9.966400541610020980e-01,9.966400572005659209e-01,-1.324217687528564174e-03,-1.324217687528491750e-03,-1.324217687528564174e-03,9.966400572005654768e-01,-1.324217687528602338e-03,-1.324217687528491750e-03,-1.324217687528602338e-03,9.966400572005659209e-01,9.966380388525555301e-01,-1.349298140668845356e-03,-1.354901988154275354e-03,-1.349298140668845356e-03,9.965853507948791989e-01,-1.400948590724769615e-03,-1.354901988154275354e-03,-1.400948590724769615e-03,9.965541931374323203e-01
9.968626889818056336e-01,-5.721742394650185075e-04,-5.721905829932939216e-04,-5.721742394650185075e-04,9.968627809195487188e-01,-5.721545430841955184e-04,-5.721905829932939216e-04,-5.721545430841955184e-04,9.968627654381082559e-01,1.030991249389855202e+00,-1.692053582599689632e-02,-2.725614658828594966e-02,-1.692053582599689632e-02,1.061006964311774770e+00,-1.229893589515715542e-02,-2.725614658828594966e-02,-1.229893589515715542e-02,1.049050987731604101e+00,9.968627937883138834e-01,-5.721306279418513071e-04,-5.721306279418513071e-04,-5.721306279418513071e-04,9.968627937883138834e-01,-5.721306279418513071e-04,-5.721306279418513071e-04,-5.721306279418513071e-04,9.968627937883138834e-01,9.968026440539672350e-01,-5.941570477016764815e-04,-6.602950466719988186e-04,-5.941570477016764815e-04,9.968657489878854916e-01,-5.998598032500624972e-04,-6.602950466719988186e-04,-5.998598032500624972e-04,9.967616860141227386e-01
9.964266976010593968e-01,-1.064641249241905611e-03,-1.072965026761801268e-03,-1.064641249241905611e-03,9.963843192651596903e-01,-1.105799857552890435e-03,-1.072965026761801268e-03,-1.105799857552890435e-03,9.963524144143945938e-01,9.964362343735979621e-01,-1.482236762091869702e-03,-1.077829387740546685e-03,-1.482236762091869702e-03,9.947552742775059853e-01,-1.226141452399524562e-03,-1.077829387740546685e-03,-1.226141452399524562e-03,9.965293813220591490e-01,9.933257014128488160e-01,-1.363018441613795791e-03,-4.223859804338357150e-03,-1.363018441613795791e-03,9.968469167562723499e-01,-1.329349776266085551e-03,-4.223859804338357150e-03,-1.329349776266085551e-03,9.940030857927273367e-01,9.964212398465034370e-01,-1.033725860968192018e-03,-1.028054657376298829e-03,-1.033725860968192018e-03,9.964390985899537201e-01,-1.027712236808823922e-03,-1.028054657376298829e-03,-1.027712236808823922e-03,9.964410097026215052e-01
9.996730411984026121e-01,9.313133172209915730e-05,9.313133172209915730e-05,9.313133172209915730e-05,9.996730411984026121e-01,9.313133172209915730e-05,9.313133172209915730e-05,9.313133172209915730e-05,9.996730411984026121e-01,9.996730411984026121e-01,9.313133172209887270e-05,9.313133172209913020e-05,9.313133172209887270e-05,9.996730411984026121e-01,9.313133172209903533e-05,9.313133172209913020e-05,9.313133172209903533e-05,9.996730411984026121e-01,9.996730411983311138e-01,9.313133158312326325e-05,9.313133157349485678e-05,9.313133158312326325e-05,9.996730411981665787e-01,9.313133146142783066e-05,9.313133157349485678e-05,9.313133146142783066e-05,9.996730411981316067e-01,9.996730411984026121e-01,9.313133172209915730e-05,9.313133172209915730e-05,9.313133172209915730e-05,9.996730411984026121e-01,9.313133172209915730e-05,9.313133172209915730e-05,9.313133172209915730e-05,9.996730411984026121e-01
1.022971031682417209e+00,-5.048041958351848213e-02,-1.714693502485781229e-02,-5.048041958351848213e-02,9.680380551102679698e-01,-2.838920371772737580e-02,-1.714693502485781229e-02,-2.838920371772737580e-02,1.043142191864794954e+00,9.970600416267278998e-01,-1.099292252821856093e-03,-1.105352844636339153e-03,-1.099292252821856093e-03,9.970556884787433738e-01,-1.116310294608218378e-03,-1.105352844636339153e-03,-1.116310294608218378e-03,9.969912591845603300e-01,9.996492868448104696e-01,-4.863006343027730799e-03,-1.761736836342037800e-03,-4.863006343027730799e-03,9.764209490755703102e-01,-5.302242347756502827e-03,-1.761736836342037800e-03,-5.302242347756502827e-03,9.995023201209065622e-01,9.969155674484317942e-01,-1.132949098962401924e-03,-1.564897196848881152e-03,-1.132949098962401924e-03,9.971321860499596790e-01,-1.172658223686125645e-03,-1.564897196848881152e-03,-1.172658223686125645e-03,9.961536574195247740e-01
9.979769353149459121e-01,-7.840089840951992026e-04,-7.840089840951992026e-04,-7.840089840951992026e-04,9.979769353149459121e-01,-7.840089840951992026e-04,-7.840089840951992026e-04,-7.840089840951992026e-04,9.979769353149459121e-01,9.979769353149358091e-01,-7.840089840974811229e-04,-7.840089841017303281e-04,-7.840089840974811229e-04,9.979769353149455791e-01,-7.840089840966485641e-04,-7.840089841017303281e-04,-7.840089840966485641e-04,9.979769353149419153e-01,9.979769353149459121e-01,-7.840089840951992026e-04,-7.840089840951992026e-04,-7.840089840951992026e-04,9.979769353149459121e-01,-7.840089840951992026e-04,-7.840089840951992026e-04,-7.840089840951992026e-04,9.979769353149459121e-01,9.978330858735726672e-01,-1.157067646236766044e-03,-1.388127905828637860e-03,-1.157067646236766044e-03,9.976216332684904042e-01,-1.583129844631486456e-03,-1.388127905828637860e-03,-1.583129844631486456e-03,9.968210405172797106e-01
9.934542118056028936e-01,-1.176490471272676136e-03,-1.176452283817087593e-03,-1.176490471272676136e-03,9.934476643048997246e-01,-1.181558635535902204e-03,-1.176452283817087593e-03,-1.181558635535902204e-03,9.934479608650869098e-01,9.940176795407070776e-01,-1.585581026170467022e-03,-4.010634254076977240e-03,-1.585581026170467022e-03,9.947287521324692516e-01,-2.470995904646486763e-03,-4.010634254076977240e-03,-2.470995904646486763e-03,9.859693450591275887e-01,9.934794477628092757e-01,-1.363249684068022468e-03,-1.411151103813733680e-03,-1.363249684068022468e-03,9.931008662555556032e-01,-1.747135333352066791e-03,-1.411151103813733680e-03,-1.747135333352066791e-03,9.928394659487753682e-01,1.002720310361817857e+00,-5.079801878363716071e-03,-1.349790055199113353e-02,-5.079801878363716071e-03,1.006148732934801782e+00,-9.223439263293687143e-03,-1.349790055199113353e-02,-9.223439263293687143e-03,9.833001467630396730e-01
9.963541433543451342e-01,-5.765345154057379545e-03,-3.347678438718675736e-03,-5.765345154057379545e-03,9.669034698595051491e-01,-8.722258897777489597e-03,-3.347678438718675736e-03,-8.722258897777489597e-03,9.954589689659493201e-01,9.854852901020868527e-01,-4.253393737651910318e-03,-4.287071929985057650e-03,-4.253393737651910318e-03,9.922510241642572559e-01,-3.069863576824364247e-03,-4.287071929985057650e-03,-3.069863576824364247e-03,9.922364780431571774e-01,1.002895510297302284e+00,-4.889381262922553456e-03,-7.005253373128621230e-03,-4.889381262922553456e-03,9.925772825080929618e-01,-2.406485654253099141e-02,-7.005253373128621230e-03,-2.406485654253099141e-02,9.610139346170317731e-01,9.829493698877538321e-01,-3.529346052916867982e-03,-7.130937287564879414e-03,-3.529346052916867982e-03,9.931099826755337423e-01,-3.078726861306224204e-03,-7.130937287564879414e-03,-3.078726861306224204e-03,9.912842136989221675e-01
9.941391332517377499e-01,-2.059855855401607379e-03,-2.059855855401607379e-03,-2.059855855401607379e-03,9.941391332517377499e-01,-2.059855855401607379e-03,-2.059855855401607379e-03,-2.059855855401607379e-03,9.941391332517377499e-01,9.941391331301215883e-01,-2.059856143200959437e-03,-2.059856278636587861e-03,-2.059856143200959437e-03,9.941391327829272040e-01,-2.059856604960135472e-03,-2.059856278636587861e-03,-2.059856604960135472e-03,9.941391321903326750e-01,9.945688698055676902e-01,-2.372942071771655306e-03,-3.133265342280742039e-03,-2.372942071771655306e-03,9.943164764636286401e-01,-3.649845084945483459e-03,-3.133265342280742039e-03,-3.649845084945483459e-03,9.893289913122766954e-01,9.941385302371346100e-01,-2.060655590220957390e-03,-2.059899813637430018e-03,-2.060655590220957390e-03,9.941382228100159590e-01,-2.059909067270298665e-03,-2.059899813637430018e-03,-2.059909067270298665e-03,9.941391879718883828e-01
1.044007718503922488e+00,-4.111677608850886761e-02,-2.670789345252679373e-02,-4.111677608850886761e-02,9.474084722779576584e-01,-7.243929682105944290e-02,-2.670789345252679373e-02,-7.243929682105944290e-02,1.012309242983288060e+00,1.104567706110262115e+00,-3.061066252861575909e-02,-4.231462477160444213e-02,-3.061066252861575909e-02,1.074206858932101438e+00,-6.835473093349478391e-02,-4.231462477160444213e-02,-6.835473093349478391e-02,1.028931284226866971e+00,9.614412520157038511e-01,-1.546104415740072284e-02,-2.033471599646570049e-03,-1.546104415740072284e-02,9.973057375055343066e-01,-9.709167493775389167e-04,-2.033471599646570049e-03,-9.709167493775389167e-04,1.002749368560019283e+00,1.073549486658884833e+00,-3.391000275813319670e-02,-2.718072585042453915e-02,-3.391000275813319670e-02,9.813662252301990074e-01,-8.278135169406181104e-02,-2.718072585042453915e-02,-8.278135169406181104e-02,1.018577433374012076e+00
9.978366508638372157e-01,-3.927541143998955768e-04,-3.927541112835057809e-04,-3.927541143998955768e-04,9.978366508634251009e-01,-3.927541113620799181e-04,-3.927541112835057809e-04,-3.927541113620799181e-04,9.978366508678867541e-01,9.978366508684121117e-01,-3.927541094248507324e-04,-3.927541094248507324e-04,-3.927541094248507324e-04,9.978366508684121117e-01,-3.927541094248507324e-04,-3.927541094248507324e-04,-3.927541094248507324e-04,9.978366508684121117e-01,9.978366508684121117e-01,-3.927541094248507866e-04,-3.927541094248507866e-04,-3.927541094248507866e-04,9.978366508684121117e-01,-3.927541094248507866e-04,-3.927541094248507866e-04,-3.927541094248507866e-04,9.978366508684121117e-01,9.953911475355080585e-01,-9.596382384360337484e-03,-2.528639562775225787e-03,-9.596382384360337484e-03,9.854695357937606204e-01,-3.970402933866560083e-03,-2.528639562775225787e-03,-3.970402933866560083e-03,1.000055523744852515e+00
1.032766943318436992e+00,-6.322054051407005951e-03,-3.914419905350795779e-03,-6.322054051407005951e-03,1.010194625579787342e+00,-1.460380368361413432e-02,-3.914419905350795779e-03,-1.460380368361413432e-02,1.025865367198459444e+00,9.845381754097181082e-01,-2.614063675815703116e-03,-1.601034250821873348e-03,-2.614063675815703116e-03,9.978926745284774080e-01,-6.405615216279376706e-04,-1.601034250821873348e-03,-6.405615216279376706e-04,9.981362453494274645e-01,9.968679631198363866e-01,-1.524762673039201273e-02,-1.593561018317073402e-03,-1.524762673039201273e-02,9.794378520942993438e-01,-2.442883366253197769e-03,-1.593561018317073402e-03,-2.442883366253197769e-03,1.005164658209903639e+00,1.030705491267345009e+00,-2.319948432772285084e-03,-7.312026228287162727e-03,-2.319948432772285084e-03,1.029843000416288401e+00,-9.083600023982160709e-03,-7.312026228287162727e-03,-9.083600023982160709e-03,1.000400667944363109e+00
1.113919999714484188e+00,-5.028878945022300295e-04,-1.885701900131480507e-02,-5.028878945022300295e-04,1.120734351862673117e+00,-3.386140792947147770e-03,-1.885701900131480507e-02,-3.386140792947147770e-03,1.065536290649089946e+00,1.111274161303180241e+00,-1.393447203026615617e-03,-2.312020520738811494e-02,-1.393447203026615617e-03,1.125339018324148732e+00,-3.077999777854651016e-03,-2.312020520738811494e-02,-3.077999777854651016e-03,1.085263036691842764e+00,1.076555788371429179e+00,-1.038013652151907086e-03,-1.204153112901747147e-02,-1.038013652151907086e-03,1.075311589774436971e+00,-1.638106271717958140e-02,-1.204153112901747147e-02,-1.638106271717958140e-02,9.712637642612520494e-01,1.104713409495588161e+00,-8.779216188378284602e-03,-2.141473280339163329e-02,-8.779216188378284602e-03,1.104271731284454994e+00,-2.192320567985708499e-02,-2.141473280339163329e-02,-2.192320567985708499e-02,1.061929996956736177e+00
1.042381246250619675e+00,-4.213589964581913871e-02,-5.894978586112165249e-03,-4.213589964581913871e-02,8.461929704328030599e-01,-2.422633382569363766e-02,-5.894978586112165249e-03,-2.422633382569363766e-02,1.047966312560635105e+00,9.735019370840483077e-01,-5.232857050365408158e-02,-1.056446409908069206e-01,-5.232857050365408158e-02,1.035735700175733909e+00,-5.988285833588637835e-02,-1.056446409908069206e-01,-5.988285833588637835e-02,9.445944732856249582e-01,9.708782146066622376e-01,-1.069794266903855984e-01,-6.931092333481894685e-02,-1.069794266903855984e-01,9.706585940586976990e-01,-6.938162223729125999e-02,-6.931092333481894685e-02,-6.938162223729125999e-02,1.032630902761787262e+00,9.827696708124894487e-01,-8.779113954515492535e-03,-2.523298350471196976e-03,-8.779113954515492535e-03,9.939682876307928128e-01,-1.921052684549101998e-03,-2.523298350471196976e-03,-1.921052684549101998e-03,9.975992432574842805e-01
9.984796431170105402e-01,-6.321633502168789737e-04,-6.321822092070478573e-04,-6.321633502168789737e-04,9.984799240011411614e-01,-6.320834492367291687e-04,-6.321822092070478573e-04,-6.320834492367291687e-04,9.984799056271952411e-01,9.984730459045213502e-01,-6.377265065864223597e-04,-6.376398504511997635e-04,-6.377265065864223597e-04,9.984762583690469651e-01,-6.362755454094146286e-04,-6.376398504511997635e-04,-6.362755454094146286e-04,9.984763887691072703e-01,9.975326914071432904e-01,-6.475372411215790875e-04,-1.479479474975703424e-03,-6.475372411215790875e-04,9.985879276417919392e-01,-6.444753706288560953e-04,-1.479479474975703424e-03,-6.444753706288560953e-04,9.979076761981856558e-01,1.176825751417509114e+00,-4.875195408039193629e-02,-5.290275448745265438e-03,-4.875195408039193629e-02,1.109400044415993936e+00,-9.583343710146073266e-03,-5.290275448745265438e-03,-9.583343710146073266e-03,1.201000818428641592e+00
9.901965024191751175e-01,-1.401507251538129488e-03,-1.259768523997951669e-03,-1.401507251538129488e-03,9.932412987933573190e-01,-7.206294475091396369e-04,-1.259768523997951669e-03,-7.206294475091396369e-04,9.933110555459272462e-01,9.931654384037582606e-01,-5.401306358665487533e-04,-5.313494691639264293e-04,-5.401306358665487533e-04,9.931850730380824555e-01,-5.279986076167575903e-04,-5.313494691639264293e-04,-5.279986076167575903e-04,9.931924300412601214e-01,9.970416490784385077e-01,-1.664749269139893795e-02,-1.921966473546899215e-02,-1.664749269139893795e-02,9.799469161519154259e-01,-3.159502205874064468e-02,-1.921966473546899215e-02,-3.159502205874064468e-02,9.707154897291301321e-01,9.931869684941835308e-01,-5.315796158724122190e-04,-5.310907663588587636e-04,-5.315796158724122190e-04,9.931842856134595054e-01,-5.324550601350286133e-04,-5.310907663588587636e-04,-5.324550601350286133e-04,9.931854052130296706e-01
1.077926615524481102e+00,-8.854024608867620827e-02,-1.015068435792061546e-01,-8.854024608867620827e-02,1.176756558935525110e+00,-5.977431002739847649e-02,-1.015068435792061546e-01,-5.977431002739847649e-02,1.160579872280797398e+00,9.941513641221086939e-01,-5.231410366900846216e-03,-3.895197003682995297e-03,-5.231410366900846216e-03,9.894155923444792888e-01,-5.714543479538848614e-03,-3.895197003682995297e-03,-5.714543479538848614e-03,9.936317230852607096e-01,9.949162778462117274e-01,-2.079483591515201429e-03,-2.079483404811832518e-03,-2.079483591515201429e-03,9.949162774845653479e-01,-2.079483475262835623e-03,-2.079483404811832518e-03,-2.079483475262835623e-03,9.949162779423792458e-01,9.949197876424958897e-01,-2.081616726813442005e-03,-2.088451368019249473e-03,-2.081616726813442005e-03,9.949153667840993087e-01,-2.101688882147471817e-03,-2.088451368019249473e-03,-2.101688882147471817e-03,9.948273051687519519e-01
9.992071312223561597e-01,-1.732917398599612244e-04,-1.732917398599612244e-04,-1.732917398599612244e-04,9.992071312223561597e-01,-1.732917398599612244e-04,-1.732917398599612244e-04,-1.732917398599612244e-04,9.992071312223561597e-01,9.992071312223561597e-01,-1.732917398599612244e-04,-1.732917398599612244e-04,-1.732917398599612244e-04,9.992071312223561597e-01,-1.732917398599612244e-04,-1.732917398599612244e-04,-1.732917398599612244e-04,9.992071312223561597e-01,9.992071312223554935e-01,-1.732917398619511419e-04,-1.732917398602201319e-04,-1.732917398619511419e-04,9.992071312223501645e-01,-1.732917398607414163e-04,-1.732917398602201319e-04,-1.732917398607414163e-04,9.992071312223560486e-01,9.992071312223561597e-01,-1.732917398599612244e-04,-1.732917398599612244e-04,-1.732917398599612244e-04,9.992071312223561597e-01,-1.732917398599612244e-04,-1.732917398599612244e-04,-1.732917398599612244e-04,9.992071312223561597e-01
9.901932972566084290e-01,4.362642676837863442e-03,4.358867188469828062e-03,4.362642676837863442e-03,9.902395195177087217e-01,4.373301799753787078e-03,4.358867188469828062e-03,4.373301799753787078e-03,9.902366070879604631e-01,9.828341509629843209e-01,-1.534727238722313411e-02,-1.596832521960542782e-03,-1.534727238722313411e-02,9.874464838049085147e-01,-9.387435665379428818e-04,-1.596832521960542782e-03,-9.387435665379428818e-04,1.003391031695878066e+00,9.896351294015269806e-01,2.533716957131708618e-03,3.739389045709836604e-03,2.533716957131708618e-03,9.876096956041797714e-01,3.297525664273700217e-03,3.739389045709836604e-03,3.297525664273700217e-03,9.903527710263914097e-01,9.940655976592410736e-01,3.887440655137031249e-03,2.522908774763791238e-03,3.887440655137031249e-03,9.928528081532155269e-01,-8.449099746668865037e-04,2.522908774763791238e-03,-8.449099746668865037e-04,9.745690266721054318e-01
1.157755220987630285e+00,-6.187116356524362433e-03,-2.954304282473792925e-02,-6.187116356524362433e-03,1.159125118172898095e+00,-2.342453322089707579e-02,-2.954304282473792925e-02,-2.342453322089707579e-02,9.573396768874474771e-01,1.110043830042568791e+00,-3.598053955658245956e-02,-5.527839316363184624e-02,-3.598053955658245956e-02,1.069443407550092928e+00,-9.705132425311502331e-02,-5.527839316363184624e-02,-9.705132425311502331e-02,9.787376376380202414e-01,1.043692778548430899e+00,-1.105138993289545186e-02,-5.757773779799078492e-03,-1.105138993289545186e-02,8.674225035800153805e-01,-5.344753282288911000e-02,-5.757773779799078492e-03,-5.344753282288911000e-02,1.029973930847979613e+00,1.048417369961971657e+00,-4.467985824768092723e-02,-1.315126093506117921e-02,-4.467985824768092723e-02,8.711300553573811944e-01,-4.671819094650004472e-02,-1.315126093506117921e-02,-4.671819094650004472e-02,1.047497952806615285e+00
9.948187316128139779e-01,1.613345843487466475e-03,1.613345820158043446e-03,1.613345843487466475e-03,9.948187316640324518e-01,1.613345845133455593e-03,1.613345820158043446e-03,1.613345845133455593e-03,9.948187316503426247e-01,9.948188162024970138e-01,1.613055617002844824e-03,1.613167938540848107e-03,1.613055617002844824e-03,9.948167889934175223e-01,1.612078216694070969e-03,1.613167938540848107e-03,1.612078216694070969e-03,9.948180798893171417e-01,1.000335087172557147e+00,-4.023928539695989797e-04,4.882388535471259331e-04,-4.023928539695989797e-04,9.938054535985477722e-01,-2.350587671669677678e-03,4.882388535471259331e-04,-2.350587671669677678e-03,9.986947127452091566e-01,9.948186441042434769e-01,1.613097751507797150e-03,1.610379483431728133e-03,1.613097751507797150e-03,9.948192932337883709e-01,1.612341958952920535e-03,1.610379483431728133e-03,1.612341958952920535e-03,9.948073741653546964e-01
1.028256554344154639e+00,-4.516678230436416142e-03,-5.508062149618225128e-03,-4.516678230436416142e-03,1.003617417720178651e+00,-3.211777987874173124e-02,-5.508062149618225128e-03,-3.211777987874173124e-02,9.894256891469509485e-01,1.011593808823077811e+00,-2.446079378861962944e-03,-1.996662983280031358e-03,-2.446079378861962944e-03,9.742576632816528637e-01,-2.912325706454805402e-02,-1.996662983280031358e-03,-2.912325706454805402e-02,9.898740324981936123e-01,1.016156513713599940e+00,-1.846101501832169084e-03,-6.448097954626220811e-03,-1.846101501832169084e-03,1.013858428494006869e+00,-1.364150985646525246e-02,-6.448097954626220811e-03,-1.364150985646525246e-02,9.572790508001457477e-01,1.035373786548476227e+00,-1.964748999071491697e-02,-9.992568728562343551e-04,-1.964748999071491697e-02,9.921426575160627870e-01,-1.742721021643579100e-03,-9.992568728562343551e-04,-1.742721021643579100e-03,1.042575715404654435e+00
9.895114297121543334e-01,-6.165384154286633264e-03,-1.149681963377186238e-03,-6.165384154286633264e-03,9.831289714280001535e-01,-1.559788978967812084e-03,-1.149681963377186238e-03,-1.559788978967812084e-03,9.926512973638459414e-01,9.813255063049556304e-01,-1.228322655911643670e-02,-3.370564586193620059e-03,-1.228322655911643670e-02,9.838983898379370929e-01,-3.080857957858597340e-03,-3.370564586193620059e-03,-3.080857957858597340e-03,9.937876635560836114e-01,9.984636310686104688e-01,-1.823312446198890012e-03,-4.604445332406738832e-03,-1.823312446198890012e-03,9.949057617007757148e-01,-1.338118591312963644e-02,-4.604445332406738832e-03,-1.338118591312963644e-02,9.573611083773496677e-01,9.845484700672747502e-01,-7.820693547454296828e-04,-4.111364462325722141e-03,-7.820693547454296828e-04,9.922977470055850402e-01,-6.735000614097585167e-04,-4.111364462325722141e-03,-6.735000614097585167e-04,9.906972681386413404e-01
9.674748734921252424e-01,-5.420435778577360059e-02,-2.415087381289881749e-02,-5.420435778577360059e-02,9.416121334320664005e-01,-3.046149653474734473e-02,-2.415087381289881749e-02,-3.046149653474734473e-02,9.964926786019548954e-01,7.541591298206886673e-01,-1.302220638936232300e-01,-9.128021006690719211e-03,-1.302220638936232300e-01,1.011605525675438599e+00,-4.336718890212375860e-03,-9.128021006690719211e-03,-4.336718890212375860e-03,1.065110669933352794e+00,9.944746595547947488e-01,-9.324502880627377581e-04,-9.322822880453029851e-04,-9.324502880627377581e-04,9.944749021563227265e-01,-9.321764023450220460e-04,-9.322822880453029851e-04,-9.321764023450220460e-04,9.944752006849002512e-01,9.944763843157885530e-01,-9.306993526117619472e-04,-9.306974961548798459e-04,-9.306993526117619472e-04,9.944762216214189099e-01,-9.307130370641768192e-04,-9.306974961548798459e-04,-9.307130370641768192e-04,9.944763828192673127e-01
9.950600991809630536e-01,1.239446735119421016e-03,1.888292092307039798e-03,1.239446735119421016e-03,9.854136223317074839e-01,7.864352983537938610e-04,1.888292092307039798e-03,7.864352983537938610e-04,9.949698697250694002e-01,9.897487538053821865e-01,-1.520696146179428658e-02,-1.758829570670096543e-02,-1.520696146179428658e-02,9.892073232113884895e-01,-1.789894896727185422e-02,-1.758829570670096543e-02,-1.789894896727185422e-02,9.840338446798374550e-01,1.049663676966391845e+00,-1.122480000609668051e-02,2.532790420951977419e-04,-1.122480000609668051e-02,9.691634654858538589e-01,-8.819165974373646341e-03,2.532790420951977419e-04,-8.819165974373646341e-03,1.050362631255135293e+00,1.065303937013660329e+00,-1.524097261253286491e-02,-1.293560196445285061e-02,-1.524097261253286491e-02,1.040988616502198871e+00,-2.680824881990812730e-02,-1.293560196445285061e-02,-2.680824881990812730e-02,1.049292217304910402e+00
9.950620669318638312e-01,-1.051408886394381275e-03,-1.208301420307589030e-03,-1.051408886394381275e-03,9.954102394783009844e-01,-1.015826610953830117e-03,-1.208301420307589030e-03,-1.015826610953830117e-03,9.952365664624204245e-01,9.963227237339322695e-01,-1.685434988012105700e-03,-2.606179463660220595e-03,-1.685434988012105700e-03,9.962383679098359979e-01,-2.700878694125851721e-03,-2.606179463660220595e-03,-2.700878694125851721e-03,9.931412851232367389e-01,1.001444169716775967e+00,-1.668476581613480367e-03,-2.070083974031624793e-03,-1.668476581613480367e-03,1.002024927194147041e+00,-1.708125222529503079e-03,-2.070083974031624793e-03,-1.708125222529503079e-03,1.001325946488045071e+00,9.995687807470780006e-01,-2.351831133010119385e-03,-1.898500852203845700e-03,-2.351831133010119385e-03,9.966571431304949158e-01,-3.313079112571931835e-03,-1.898500852203845700e-03,-3.313079112571931835e-03,9.985139215344347452e-01
9.927047183814410314e-01,9.127822113689489309e-04,9.508800456335279655e-04,9.127822113689489309e-04,9.926243995672104914e-01,9.453982787029495708e-04,9.508800456335279655e-04,9.453982787029495708e-04,9.927218883268079663e-01,9.941952137052079141e-01,2.773607841341085975e-04,3.715521412182257893e-04,2.773607841341085975e-04,9.865099482905935746e-01,-5.713067831537081004e-03,3.715521412182257893e-04,-5.713067831537081004e-03,9.885133013133063917e-01,9.927170320012856930e-01,9.545689910531199264e-04,9.545583173882047929e-04,9.545689910531199264e-04,9.927156767407305793e-01,9.534809707599130324e-04,9.545583173882047929e-04,9.534809707599130324e-04,9.927156020403773429e-01,1.007461221855130207e+00,-1.428342709865546099e-03,-1.209394565567964994e-03,-1.428342709865546099e-03,9.742218766556304255e-01,-2.938518110436973141e-02,-1.209394565567964994e-03,-2.938518110436973141e-02,9.800782993785862596e-01
9.971438796580816000e-01,1.093185197118452627e-03,1.093185189391783713e-03,1.093185197118452627e-03,9.971438796541697291e-01,1.093185185635088671e-03,1.093185189391783713e-03,1.093185185635088671e-03,9.971438796284357586e-01,9.971395811488178440e-01,1.086220630592580260e-03,1.092380985566025709e-03,1.086220630592580260e-03,9.971341892277646446e-01,1.092011523169923986e-03,1.092380985566025709e-03,1.092011523169923986e-03,9.971442178272119650e-01,9.971438796655275327e-01,1.093185207358244931e-03,1.093185207358244931e-03,1.093185207358244931e-03,9.971438796655275327e-01,1.093185207358244931e-03,1.093185207358244931e-03,1.093185207358244931e-03,9.971438796655275327e-01,9.973307539426764512e-01,1.033402122639551831e-03,5.606213481578544051e-04,1.033402122639551831e-03,9.973324374863472563e-01,5.680672888541751786e-04,5.606213481578544051e-04,5.680672888541751786e-04,9.927134925332846693e-01
1.212893845410703442e+00,-3.753593437730459725e-02,-1.282708772403169661e-02,-3.753593437730459725e-02,9.384290356293550905e-01,-1.049344193733448005e-01,-1.282708772403169661e-02,-1.049344193733448005e-01,1.177397784550626048e+00,1.133568504613045036e+00,-3.570157873766663381e-02,-1.316966676160695182e-01,-3.570157873766663381e-02,1.266396637439805906e+00,-3.334599608098285511e-02,-1.316966676160695182e-01,-3.334599608098285511e-02,1.150645282848276496e+00,8.018492175783398235e-01,-5.782664021904111717e-02,-2.655637765640929057e-02,-5.782664021904111717e-02,1.084339962747490782e+00,-3.410260514487466546e-03,-2.655637765640929057e-02,-3.410260514487466546e-03,1.093829882128067865e+00,1.012170258680689106e+00,-1.162539835355656803e-01,-1.138279805995430632e-01,-1.162539835355656803e-01,1.025401326925342360e+00,-1.075278281842547701e-01,-1.138279805995430632e-01,-1.075278281842547701e-01,1.029943809749545025e+00
1.000565678045088447e+00,-1.224862217523600867e-02,-2.039833417043977921e-03,-1.224862217523600867e-02,1.021876663483390679e+00,2.027620058166476678e-04,-2.039833417043977921e-03,2.027620058166476678e-04,1.028732550553465908e+00,9.856059869544169239e-01,-8.093543673514081230e-03,-1.716983881284720251e-02,-8.093543673514081230e-03,1.004369884043547989e+00,-6.354897331703673186e-03,-1.716983881284720251e-02,-6.354897331703673186e-03,9.926738992533458150e-01,1.002379652823158329e+00,-3.259852990070152747e-03,-1.811389091952856495e-02,-3.259852990070152747e-03,1.020373632178028123e+00,-3.543691929686787045e-03,-1.811389091952856495e-02,-3.543691929686787045e-03,1.000409868155277993e+00,1.017767040627173492e+00,-7.678573417988612641e-03,-5.752831512932350157e-03,-7.678573417988612641e-03,1.031441775678060946e+00,-1.884785539536402684e-03,-5.752831512932350157e-03,-1.884785539536402684e-03,1.033307358036384960e+00
9.989639396313577668e-01,-4.484714651425990620e-04,-4.484714651425990620e-04,-4.484714651425990620e-04,9.989639396313577668e-01,-4.484714651425990620e-04,-4.484714651425990620e-04,-4.484714651425990620e-04,9.989639396313577668e-01,9.989639396313577668e-01,-4.484714651425990620e-04,-4.484714651425990620e-04,-4.484714651425990620e-04,9.989639396313577668e-01,-4.484714651425990620e-04,-4.484714651425990620e-04,-4.484714651425990620e-04,9.989639396313577668e-01,9.989639396313577668e-01,-4.484714651425990620e-04,-4.484714651425990620e-04,-4.484714651425990620e-04,9.989639396313577668e-01,-4.484714651425990620e-04,-4.484714651425990620e-04,-4.484714651425990620e-04,9.989639396313577668e-01,9.989639396313577668e-01,-4.484714651425990620e-04,-4.484714651425990620e-04,-4.484714651425990620e-04,9.989639396313577668e-01,-4.484714651425990620e-04,-4.484714651425990620e-04,-4.484714651425990620e-04,9.989639396313577668e-01
1.070709044163085766e+00,-7.212866811654462806e-02,-5.821645250279112310e-02,-7.212866811654462806e-02,1.248430921495870205e+00,-1.932472829767105382e-02,-5.821645250279112310e-02,-1.932472829767105382e-02,1.257696165903597896e+00,9.902709095728111643e-01,3.208383191811195381e-03,3.208954689350691520e-03,3.208383191811195381e-03,9.902775244523140952e-01,3.210042872665665615e-03,3.208954689350691520e-03,3.210042872665665615e-03,9.902778124734111787e-01,9.866802631432647352e-01,2.250914282858619466e-03,3.193550867425352761e-03,2.250914282858619466e-03,9.903215756949129700e-01,3.206299794301912132e-03,3.193550867425352761e-03,3.206299794301912132e-03,9.905588969474145022e-01,9.907831045586186214e-01,4.292179209820768098e-04,-3.141664715810887302e-03,4.292179209820768098e-04,9.889635879514224737e-01,-5.550655506191184280e-03,-3.141664715810887302e-03,-5.550655506191184280e-03,9.727900277575843857e-01
9.725281003161433402e-01,-7.102627652570407679e-03,-1.122948872085867585e-02,-7.102627652570407679e-03,9.953904035918683668e-01,-3.926314905174175390e-03,-1.122948872085867585e-02,-3.926314905174175390e-03,9.928927632992714525e-01,9.910576404284846541e-01,-4.570165206466924451e-03,-5.563492327565704339e-03,-4.570165206466924451e-03,9.896358276549263033e-01,-6.667629729754209755e-03,-5.563492327565704339e-03,-6.667629729754209755e-03,9.865668049203917267e-01,9.916820373919689180e-01,-1.923584515823087470e-03,-2.028659857836573842e-03,-1.923584515823087470e-03,9.916930680667364051e-01,-1.994417543707416828e-03,-2.028659857836573842e-03,-1.994417543707416828e-03,9.910572453439352447e-01,1.061954723140906554e+00,-1.974844947206124638e-03,-1.191896943243569637e-02,-1.974844947206124638e-03,1.065111322993760767e+00,-2.121568268302887177e-03,-1.191896943243569637e-02,-2.121568268302887177e-03,1.033373290961645319e+00
9.961006187228151898e-01,1.181511718201254217e-03,1.181511443319111995e-03,1.181511718201254217e-03,9.961006182487333049e-01,1.181510650998505736e-03,1.181511443319111995e-03,1.181510650998505736e-03,9.961006158563123769e-01,9.961006187298279135e-01,1.181511928624081383e-03,1.181511928618673383e-03,1.181511928624081383e-03,9.961006187297283265e-01,1.181511928528971699e-03,1.181511928618673383e-03,1.181511928528971699e-03,9.961006187296886916e-01,9.961004533353766677e-01,1.178877315212840038e-03,1.180958915264132894e-03,1.178877315212840038e-03,9.960889954727815132e-01,1.178985823042506343e-03,1.180958915264132894e-03,1.178985823042506343e-03,9.961004998659641618e-01,9.961005929831885375e-01,1.181450504782717049e-03,1.181488011163663596e-03,1.181450504782717049e-03,9.961004972856770667e-01,1.181462979098833570e-03,1.181488011163663596e-03,1.181462979098833570e-03,9.961006039356307129e-01
9.696854812528111767e-01,-5.048719017122382802e-02,-1.499595940079493338e-02,-5.048719017122382802e-02,1.035103800260954943e+00,-8.139779360715661966e-03,-1.499595940079493338e-02,-8.139779360715661966e-03,1.060148735520378915e+00,1.000371862236531628e+00,-1.022090014649471544e-02,-6.088880654066268668e-03,-1.022090014649471544e-02,9.763015642442443021e-01,-1.659289494708057755e-02,-6.088880654066268668e-03,-1.659289494708057755e-02,9.942203854207690705e-01,9.983510965682311777e-01,-4.317405336644319046e-03,-1.258002141564023950e-02,-4.317405336644319046e-03,1.000083587558769027e+00,-1.031669969523078302e-02,-1.258002141564023950e-02,-1.031669969523078302e-02,9.736515547268616011e-01,9.978803197317752671e-01,-8.963139172368699893e-06,-3.532722721001008620e-05,-8.963139172368699893e-06,9.979123701093730592e-01,-1.421307271268153079e-05,-3.532722721001008620e-05,-1.421307271268153079e-05,9.978644115013879379e-01
8.876912634717614159e-01,-2.865856733597178622e-03,-1.866173868810581948e-02,-2.865856733597178622e-03,1.030735779851379652e+00,5.521097834715605051e-05,-1.866173868810581948e-02,5.521097834715605051e-05,1.028247991819066787e+00,9.926864256766807504e-01,-6.232601408564435695e-03,-2.569632823455502216e-03,-6.232601408564435695e-03,9.922703677392578081e-01,-2.666062300754651511e-03,-2.569632823455502216e-03,-2.666062300754651511e-03,9.977726826388654269e-01,1.007868684564909634e+00,-3.851277151949646397e-04,-3.687012402326318456e-03,-3.851277151949646397e-04,1.005107289459284736e+00,-1.371253873036282905e-02,-3.687012402326318456e-03,-1.371253873036282905e-02,9.412800258765712247e-01,9.978411927924417668e-01,5.069184549094458070e-04,5.066880898186984158e-04,5.069184549094458070e-04,9.978412862746891543e-01,5.069005766626931983e-04,5.066880898186984158e-04,5.069005766626931983e-04,9.978406709613586445e-01
1.051219639702733577e+00,-2.753646862765242107e-02,-4.404675454990411923e-03,-2.753646862765242107e-02,8.878013860905836774e-01,-2.745570019559397459e-02,-4.404675454990411923e-03,-2.745570019559397459e-02,1.051246218783107311e+00,1.162021327090680511e+00,-3.916740383125086322e-02,-1.069600910500546724e-02,-3.916740383125086322e-02,1.192364967145326249e+00,-7.291957104847622724e-03,-1.069600910500546724e-02,-7.291957104847622724e-03,1.217279712873456043e+00,1.001067646906199204e+00,-8.531269641016216848e-03,-1.089046554115369846e-02,-8.531269641016216848e-03,9.887522809525567391e-01,-2.122028103692978965e-02,-1.089046554115369846e-02,-2.122028103692978965e-02,9.783740501512203647e-01,1.000524596182309267e+00,-5.108734368475158563e-04,-1.242811137876846629e-04,-5.108734368475158563e-04,9.873081868053027454e-01,-5.272823834943594565e-03,-1.242811137876846629e-04,-5.272823834943594565e-03,9.983429615869408025e-01
1.019264595029814036e+00,-6.477069043828551261e-04,5.620451449987943875e-04,-6.477069043828551261e-04,1.017271389261410031e+00,4.720943551831782757e-04,5.620451449987943875e-04,4.720943551831782757e-04,1.019891826153723757e+00,1.018572589088334590e+00,1.672144956096553140e-04,-7.493817111148004268e-04,1.672144956096553140e-04,1.019895594746762280e+00,1.937013967701129748e-04,-7.493817111148004268e-04,1.937013967701129748e-04,1.018730721495451297e+00,1.019928649005434451e+00,6.031679668684278165e-04,4.047359574696836500e-04,6.031679668684278165e-04,1.019837926267233685e+00,6.679055210225638478e-05,4.047359574696836500e-04,6.679055210225638478e-05,1.016866242390802144e+00,1.019662601538032343e+00,4.014182309430874731e-04,5.322430481313808861e-04,4.014182309430874731e-04,1.016712913608165181e+00,-7.540900840484779334e-04,5.322430481313808861e-04,-7.540900840484779334e-04,1.019020143221965213e+00
9.928464874045028754e-01,-1.054109596094339289e-02,-1.303611215729579172e-02,-1.054109596094339289e-02,9.853970460437198042e-01,-1.908140188506109516e-02,-1.303611215729579172e-02,-1.908140188506109516e-02,9.761858973122201633e-01,9.937209956851861259e-01,-2.800094191723131662e-03,-2.834697336164989680e-03,-2.800094191723131662e-03,9.937226611636579277e-01,-2.831172118380211305e-03,-2.834697336164989680e-03,-2.831172118380211305e-03,9.935500711759664982e-01,9.893204116584611851e-01,-1.570275816666966487e-02,-6.654097238344518911e-03,-1.570275816666966487e-02,9.746846158389395054e-01,-9.421350240642941548e-03,-6.654097238344518911e-03,-9.421350240642941548e-03,9.948603159338207380e-01,9.937226848015445757e-01,-2.789966917819739108e-03,-2.789982267195866873e-03,-2.789966917819739108e-03,9.937226945134935985e-01,-2.789971801127134280e-03,-2.789982267195866873e-03,-2.789971801127134280e-03,9.937226607509528353e-01
9.972215189947472025e-01,-1.126956700504778237e-03,-1.157167935636294531e-03,-1.126956700504778237e-03,9.972375573400866777e-01,-1.132648017604539342e-03,-1.157167935636294531e-03,-1.132648017604539342e-03,9.971672429630160650e-01,9.972251979244650677e-01,-1.130382036144666341e-03,-1.134848014554786779e-03,-1.130382036144666341e-03,9.972294062602089504e-01,-1.132066080964860182e-03,-1.134848014554786779e-03,-1.132066080964860182e-03,9.972205625055388101e-01,9.971913433514987268e-01,-1.218939652384135909e-03,-1.172344939378169078e-03,-1.218939652384135909e-03,9.970832923692198868e-01,-1.207873567079374710e-03,-1.172344939378169078e-03,-1.207873567079374710e-03,9.972036500088481414e-01,9.648384677328815107e-01,-7.662087089350494602e-03,-3.567180243054756533e-02,-7.662087089350494602e-03,1.008266598596975205e+00,-6.212044303477992635e-03,-3.567180243054756533e-02,-6.212044303477992635e-03,9.823394639460223399e-01
9.968603232277752912e-01,-2.790340242504554835e-04,2.444007429398166323e-04,-2.790340242504554835e-04,9.867707641365147664e-01,-5.193682352979800583e-03,2.444007429398166323e-04,-5.193682352979800583e-03,9.932241186306631775e-01,9.955603858405535078e-01,1.012687696523311429e-03,1.059817906482550705e-03,1.012687696523311429e-03,9.955050000376829411e-01,1.059081994213075060e-03,1.059817906482550705e-03,1.059081994213075060e-03,9.955881931470006441e-01,9.955829168519089167e-01,1.060824832267000034e-03,1.060820655865220936e-03,1.060824832267000034e-03,9.955829183664379745e-01,1.060822327194899757e-03,1.060820655865220936e-03,1.060822327194899757e-03,9.955829071166339972e-01,9.955745541779553731e-01,1.059696714645066594e-03,1.059214710361456235e-03,1.059696714645066594e-03,9.955831204665058776e-01,1.060618193483273391e-03,1.059214710361456235e-03,1.060618193483273391e-03,9.955829686919350774e-01
9.965585267590204577e-01,-7.903380064525875092e-04,-7.903380064697879430e-04,-7.903380064525875092e-04,9.965585267590298946e-01,-7.903380064601810443e-04,-7.903380064697879430e-04,-7.903380064601810443e-04,9.965585267589895935e-01,9.965585277686355159e-01,-7.903418443208684975e-04,-7.903506651522970586e-04,-7.903418443208684975e-04,9.965585234517304603e-01,-7.903596491633307561e-04,-7.903506651522970586e-04,-7.903596491633307561e-04,9.965584586278853907e-01,9.965585267590357788e-01,-7.903380064415979275e-04,-7.903380064416264420e-04,-7.903380064415979275e-04,9.965585267590357788e-01,-7.903380064416656902e-04,-7.903380064416264420e-04,-7.903380064416656902e-04,9.965585267590356677e-01,9.965585238370101573e-01,-7.903393089662011850e-04,-7.903416572980651120e-04,-7.903393089662011850e-04,9.965585265036306373e-01,-7.903394937586341682e-04,-7.903416572980651120e-04,-7.903394937586341682e-04,9.965585228654515459e-01
9.983904815278947797e-01,-4.663185211115880883e-04,-4.663185211115880883e-04,-4.663185211115880883e-04,9.983904815278947797e-01,-4.663185211115880883e-04,-4.663185211115880883e-04,-4.663185211115880883e-04,9.983904815278947797e-01,9.983904646889349976e-01,-4.663441228673987022e-04,-4.663373934319757367e-04,-4.663441228673987022e-04,9.983904493239383893e-01,-4.663438879596338042e-04,-4.663373934319757367e-04,-4.663438879596338042e-04,9.983904650368627953e-01,9.983905066877433176e-01,-4.682787827439871173e-04,-4.670300110600259479e-04,-4.682787827439871173e-04,9.983822671371778146e-01,-4.694697614425032074e-04,-4.670300110600259479e-04,-4.694697614425032074e-04,9.983898055138640260e-01,9.983904461850796608e-01,-4.663381363793084604e-04,-4.663225132267946930e-04,-4.663381363793084604e-04,9.983904724838680300e-01,-4.663206510675487718e-04,-4.663225132267946930e-04,-4.663206510675487718e-04,9.983904825159214402e-01
9.983215941956006256e-01,8.744729568414454578e-05,8.285136243850050035e-05,8.744729568414454578e-05,9.983286614460500363e-01,8.759646431548431486e-05,8.285136243850050035e-05,8.759646431548431486e-05,9.983222745313938828e-01,9.416689780297842205e-01,-2.818946818492850878e-02,-3.367743913400872424e-02,-2.818946818492850878e-02,9.982360211613160450e-01,-1.389523701696371294e-02,-3.367743913400872424e-02,-1.389523701696371294e-02,9.932488744719039087e-01,9.983311072000075059e-01,8.921925766849171440e-05,9.106449898409542420e-05,8.921925766849171440e-05,9.982897359448483776e-01,8.888511670228477191e-05,9.106449898409542420e-05,8.888511670228477191e-05,9.983310730304033598e-01,1.078883088487535336e+00,-1.934118929962377539e-02,-3.734693488097735187e-02,-1.934118929962377539e-02,1.004964897655971967e+00,-1.515608369439493675e-01,-3.734693488097735187e-02,-1.515608369439493675e-01,7.915097558417649726e-01
1.011111656225844202e+00,-1.478751659445187022e-02,-6.959778117066256660e-03,-1.478751659445187022e-02,1.011589966291923215e+00,-6.845258244324948192e-03,-6.959778117066256660e-03,-6.845258244324948192e-03,1.023013899537677407e+00,9.761569691827745032e-01,-4.537016926879810369e-03,-1.353137043711918376e-02,-4.537016926879810369e-03,9.997374239122597261e-01,-2.414761419374969291e-03,-1.353137043711918376e-02,-2.414761419374969291e-03,9.928662804607034653e-01,9.765488095321335216e-01,-1.030200246460675866e-02,-7.469960336173787907e-03,-1.030200246460675866e-02,9.944785198150911665e-01,-3.291574284318372033e-03,-7.469960336173787907e-03,-3.291574284318372033e-03,9.967630889070077105e-01,9.908789148631736987e-01,-1.073391324778595574e-04,-1.267314509171675813e-03,-1.073391324778595574e-04,9.920335689655487288e-01,-2.109077670656182770e-04,-1.267314509171675813e-03,-2.109077670656182770e-04,9.902078697367990845e-01
9.993172290874645647e-01,-2.915272317208368841e-04,-2.915272317208368841e-04,-2.915272317208368841e-04,9.993172290874645647e-01,-2.915272317208368841e-04,-2.915272317208368841e-04,-2.915272317208368841e-04,9.993172290874645647e-01,9.993172290874645647e-01,-2.915272317208368841e-04,-2.915272317208368841e-04,-2.915272317208368841e-04,9.993172290874645647e-01,-2.915272317208368841e-04,-2.915272317208368841e-04,-2.915272317208368841e-04,9.993172290874645647e-01,9.993160963771279270e-01,-2.918809412689251119e-04,-2.920985291098416280e-04,-2.918809412689251119e-04,9.993171795533802859e-01,-2.916972629570463785e-04,-2.920985291098416280e-04,-2.916972629570463785e-04,9.993170101978815500e-01,9.993172290874645647e-01,-2.915272317208368841e-04,-2.915272317208368841e-04,-2.915272317208368841e-04,9.993172290874645647e-01,-2.915272317208368841e-04,-2.915272317208368841e-04,-2.915272317208368841e-04,9.993172290874645647e-01
9.986974448198452370e-01,2.365068571376863639e-04,2.365068571376863639e-04,2.365068571376863639e-04,9.986974448198452370e-01,2.365068571376863639e-04,2.365068571376863639e-04,2.365068571376863639e-04,9.986974448198452370e-01,9.986974448198452370e-01,2.365068571376862825e-04,2.365068571376863367e-04,2.365068571376862825e-04,9.986974448198452370e-01,2.365068571376862825e-04,2.365068571376863367e-04,2.365068571376862825e-04,9.986974448198452370e-01,9.986974447859580106e-01,2.365067538195837554e-04,2.365068394194136327e-04,2.365067538195837554e-04,9.986974445631676689e-01,2.365068119789686698e-04,2.365068394194136327e-04,2.365068119789686698e-04,9.986974448187510012e-01,9.986974447958895107e-01,2.365068446880854976e-04,2.365068525877412806e-04,2.365068446880854976e-04,9.986974448141380245e-01,2.365068548312432956e-04,2.365068525877412806e-04,2.365068548312432956e-04,9.986974448196059839e-01
9.947588435219655301e-01,5.832199492968515768e-04,5.836105614015671926e-04,5.832199492968515768e-04,9.947577584763039882e-01,5.832134347622809330e-04,5.836105614015671926e-04,5.832134347622809330e-04,9.947588360572593436e-01,9.947582829471292021e-01,5.839331938323029858e-04,5.840900958977063339e-04,5.839331938323029858e-04,9.947592687379919196e-01,5.841291470542349634e-04,5.840900958977063339e-04,5.841291470542349634e-04,9.947593076302241322e-01,9.947592751998527438e-01,5.841389294229499488e-04,5.841389295319772109e-04,5.841389294229499488e-04,9.947592752006829686e-01,5.841389296736004691e-04,5.841389295319772109e-04,5.841389296736004691e-04,9.947592752007455852e-01,9.977762487076630160e-01,-3.963212579734445157e-02,-3.396199328937280632e-02,-3.963212579734445157e-02,1.031318373784878339e+00,-2.243906594661788240e-02,-3.396199328937280632e-02,-2.243906594661788240e-02,1.038343288260287878e+00
1.217510470578951454e+00,-1.066095682028100422e-03,-3.383101494805215714e-02,-1.066095682028100422e-03,1.255871144805698947e+00,-1.034983794982848385e-03,-3.383101494805215714e-02,-1.034983794982848385e-03,1.227507348927332265e+00,9.733507989366015911e-01,-2.744460403880806185e-02,-4.882956366510910959e-03,-2.744460403880806185e-02,9.683699993810023221e-01,-5.278749654281599500e-03,-4.882956366510910959e-03,-5.278749654281599500e-03,9.969039351282313888e-01,9.712300337782344695e-01,-1.076389542049408996e-02,-3.493066353179050121e-02,-1.076389542049408996e-02,9.979328412732434428e-01,-1.212096983264176857e-02,-3.493066353179050121e-02,-1.212096983264176857e-02,9.624648382642140287e-01,9.429708327854310346e-01,-8.431698668923727491e-02,-4.574375514550747812e-02,-8.431698668923727491e-02,9.844883940300807046e-01,-3.594531064452754360e-02,-4.574375514550747812e-02,-3.594531064452754360e-02,1.030864261985648955e+00
9.968605445254948849e-01,6.146042740576219054e-04,6.653669004314105573e-04,6.146042740576219054e-04,9.967946525440346539e-01,6.589230546825627921e-04,6.653669004314105573e-04,6.589230546825627921e-04,9.968936973195818840e-01,1.032648933444423323e+00,-8.224460292440893827e-02,-1.609529042425655171e-02,-8.224460292440893827e-02,9.788922110805284849e-01,-2.239034625946234591e-02,-1.609529042425655171e-02,-2.239034625946234591e-02,1.088272639141777409e+00,9.968926418622425789e-01,6.697686857287453270e-04,6.640809651567743241e-04,6.697686857287453270e-04,9.968768254277785568e-01,6.377162195194856827e-04,6.640809651567743241e-04,6.377162195194856827e-04,9.968146200936010004e-01,9.968888371379686086e-01,6.745432697485152958e-04,6.741134909291613114e-04,6.745432697485152958e-04,9.968897652477047844e-01,6.746105423247344577e-04,6.741134909291613114e-04,6.746105423247344577e-04,9.968894074916714310e-01
