V1,V2,V3,V4,V5,V6,V7,V8,V9,V10,V11,V12,N1,N2,N3,N4,f,a0,eta,r0,d
5.329784013793496,-0.5931590364575247,0.003065266110602126,1.4142725417015534,-6.458123583994073,-5.885632609089171,-2.528755653251302,3.829011030662475,2.4626105043146236,-1.4573472003825683,0.2766054054960563,1.7269913684320404,22.21151147667808,11.17479597392811,5.394283944888386,8.710957472427175,0.13723452530327365,0.10426133248854692,0.06399739985126018,0.34346258139327,-0.11870459268694607
-1.514916526406465,-1.024847213480549,5.413095738360941,-4.548135587073835,1.5428645494993354,3.5313217652956244,-2.909588040767374,3.75681840329257,5.04899075660206,-0.04448551983445479,1.6394330527677048,-1.6387491462587267,22.647228534047162,23.676038874779287,12.138769923209264,6.976989452524927,0.6000632633401323,0.1978387871568073,0.1035294126710032,0.2798266393735278,-0.1584958149073612
-9.96935316677954,0.930724338749726,2.855754967471338,8.144095602884166,3.6402624585012133,-6.211157220880958,-0.68670960270597,8.468436598314913,-3.7785318746397882,-4.3690003052273045,-0.8482912379142074,-2.2223160194153957,5.553024624305475,7.945592629308296,6.3535010228381825,12.419295822307385,0.537799163903221,0.2026852440491664,-0.08876335395511656,0.3033461372764011,-0.15974166858784292
3.821274165528953,-3.7322194625863645,-2.680384567635969,-1.5866524168118157,-9.755769814435633,-10.15465830307602,-1.9396957535174626,-3.0911787420098573,2.9784328676978244,0.12117574795139038,2.3159904015191404,5.051232204810332,3.5054264135680873,13.342533843579423,4.6625933164592785,12.662998964593246,0.12331207727989828,0.11731487851078332,-0.08224034571839406,0.13666401011870455,0.10383725628981769
3.2918256094875242,0.7082882308476566,-5.281580049071789,6.224787522862626,-0.27164082569323245,-7.773860526112295,-0.4301979828035685,-0.6764351655010549,-0.8869295918132025,9.013111985682487,-1.686493925715089,-3.0541781377007817,10.62653529503835,8.327620265458382,4.234533084788664,4.251174294608578,0.5600437370275458,0.05496734797624444,0.04630178966800994,0.254523137184551,-0.12520075334891742
5.585005719740396,2.9323156447263665,0.27304655999648864,3.991289766699138,-1.6082549859238702,2.5316844120687296,-0.2989933481749971,11.890317553766895,4.069220165358812,4.8429412176285584,-5.0955597450616725,5.223481529226964,10.654732029692878,7.708350065362841,9.528929164763248,8.600056682447171,0.2675586956285882,0.061076670169773646,-0.28089999398675464,0.2995197550393026,0.3734694082662182
-1.4690266452724972,0.17081753086276247,-5.435659729953873,7.676548118733728,-10.288617748794488,-0.34600297115949313,-2.5120660678401863,-5.089996875338962,-4.305406806267069,2.66185733621156,2.4889722424957332,1.5702245943075768,6.19281804171625,9.10992896593374,30.66663151496992,13.37814574700565,0.3132977435905496,0.24565821947128488,-0.09111216543889943,0.11708831941137958,-0.18254376206400663
0.3492202982790005,-2.1628229801756547,1.3562580068308123,6.156529817912254,-6.12123039823256,6.017657941334265,1.8238586195922073,-11.04174159740314,-3.4800110835686087,-1.4894710824047697,2.7103656398022684,-2.033822416103399,10.190385446172186,13.21328724436314,8.180895287919572,7.119587670882701,0.23867026702369376,0.10427709062858823,0.05620290587768148,0.2894577504790594,-0.08373558123723174
-3.615939334372692,6.492971586897685,-1.5334393253034735,2.666634837935727,-2.202505468089953,-0.06219214767469141,3.1293933680445534,3.6117403545229116,-4.984829475927756,0.9250908609445718,5.1133448515411235,3.271299464138544,15.570607621093687,19.184735580026878,5.011246012149845,3.04157970418396,0.10639801325778653,0.18500522533489588,0.14894211215858014,0.25656989690604864,-0.3495997505664121
3.665149775744827,-2.7963388436254206,5.641376096914681,-5.730717546867931,-5.401162530033837,2.477530067296328,-2.248108048067245,1.9286113551724096,1.71727296316347,6.794056196519175,4.0747770959566685,3.804801093569945,8.263320883275103,5.506095899362207,8.170713288388367,16.003410245401817,0.23559262705257358,0.10331920915918563,0.1598431110240978,0.2035358881264952,-0.0034522496158449923
3.5495923120894006,-3.5853992750486086,5.7943571800861315,1.499606826111267,3.993036120078503,-1.693277707268891,-0.9184774790322768,2.2907250331975257,8.245631722101388,8.592164699320184,2.296122099285813,-3.7234195271970845,11.47462124036927,12.992041903261207,28.443991279531396,13.019383335281564,0.23000863318274525,0.09042344823191986,0.08296884154593942,0.21417141234116147,0.1425128875411436
5.1306970709955415,-3.9048167396015945,0.8552719575073008,0.6599729044063818,2.4566985573818227,2.6385087332352692,0.5973906675646184,-4.138357408866385,-0.34366968481427496,1.341761516896668,-3.3816943618680946,-1.1344653439118715,6.613083723455193,9.296655401291478,9.943791034697817,4.379598289760204,0.2721620358749707,0.07104164472364609,-0.04327901888721575,0.35889764597361595,0.031523961469591626
-1.897348523338009,-6.124161551809064,-1.5593869902379658,6.119426186351216,-5.328651702191168,-1.071246666333122,3.92017726220993,-4.897680175518407,-7.923812696565925,0.8726489904305053,-0.1350338742549589,6.578675919465514,18.674217243678257,7.824078178627983,11.724832402018988,6.437536680698323,0.2918664710575565,0.0812630607356348,0.06387161795400151,0.2320466085068277,-0.08544500992502568
2.866008640769388,-1.1610928586537308,-3.611443072918799,5.287972074621017,-6.505608474030339,-1.5828841368137025,-2.1311573159484123,5.068141120483082,0.26982935576457595,-0.013593559552078447,-10.212672421820983,-0.06800583545004359,11.155498996858828,27.67796025448486,8.52893031695038,4.246550419945316,0.09472899302773963,0.048324539978450355,-0.1466743889142156,0.3607037590662578,-0.026441079122969575
4.191939753166075,0.4226194356148089,1.3538380225103543,1.6684297669747572,-4.6285255714877245,-4.505276715623449,-9.446493950630083,-3.958657968047578,-8.297626287233618,-4.916237377246734,8.53089802343412,5.540516440377235,11.1239229784246,8.13149393715893,15.091248606020258,5.8159094831651315,0.08923052341456758,0.34141667863088226,-0.030423724508069162,0.22128058443135137,0.20455939641419738
5.8122491468824355,0.011332668704443405,-7.781765317555083,-5.000699834165103,-5.25829792207322,0.11826500723355954,0.7378691537436206,-4.075523163304085,-1.5776729885296426,7.983723815438034,2.738528037754894,0.1000186487442034,11.623278001170863,5.874919203516307,3.883511270293434,5.993148391618117,0.17356929570729207,0.06022135279933134,0.16405612876058645,0.17926797219261217,-0.041483374444393775
-5.282217590836057,-0.5425765376540674,-0.16900344130610537,-0.027986885489556093,-0.5841327156545189,11.730106047435385,0.006338200070959209,0.21744897737784083,1.5950747710832938,2.975349224762882,5.909341329415962,-6.093364420777466,14.727320254918764,20.91013218173635,4.343303156903944,11.197409736029881,0.08827380501568337,0.06339897426122247,-0.003681988787382005,0.16992696919423175,0.08057615117506413
-1.4308624273823625,-2.987648706674415,-5.994505416967311,2.0740077078296344,-6.474599802537764,-6.029627704271682,3.7422258657070766,-12.095039745734207,4.821151769720377,1.998070877915946,-3.7643038627812837,1.952572189608686,8.692647148315704,14.116887068279532,36.84923969318109,19.14931441253539,0.3398011255815721,0.060990970601359884,-0.05882573820676998,0.3611319361979591,-0.13969961813450157
-0.8608903672101762,3.1527067866355662,1.9937964872892155,1.2209870283627096,-3.437955052555248,-0.3109416947671083,2.48717652354346,2.7316190090660815,-9.449435238714742,0.8431360060262384,3.4494405327955264,-2.4363810949897537,4.219026449090358,19.06398975082978,14.108833372057585,13.895503566857414,0.2819240823739813,0.15972430724420206,-0.09970934452910052,0.199263960911514,-0.43334106782917736
8.267291407975698,11.388102638412487,5.210743860028924,-2.359038666101639,1.505818801172093,-0.5131545468777968,12.017461009067755,4.95007746941085,-1.8100814023651486,-4.589318709280838,2.856868165779045,-5.466550823676099,9.79736965929752,3.8678787893205313,10.243753332988657,9.047074263561033,0.12131117305081454,0.08895569590736217,-0.03183682325954166,0.23260954526050837,-0.19663134637004667
-1.865107461280632,-5.547190441323266,-4.607460029963165,3.154373283913468,0.2160673596439801,-1.908409032646137,2.1308147467037934,-3.2724403669697333,3.543433282190554,6.369524505496323,2.9936859328074377,-4.562949592072234,11.95796818887338,9.953559155820026,30.87191299908474,5.100512640080534,0.2788986169403476,0.10399460813068599,0.15392739992742357,0.2714997979684119,-0.3913127333770169
-7.649766557743826,-7.758855830273152,-2.5612723282604426,7.761008030719286,-2.9693115701188457,0.9186023548023794,-7.0432463185692695,3.3914278982654933,-3.501357356877702,-6.675988688112373,-2.3130233194300116,1.1295455962828063,8.253546237416261,10.590176648400004,8.474091876970027,6.939241393448419,0.43423843901924924,0.09515478147352663,-0.1395245468018027,0.27986801231000596,0.12302252747356023
-2.0878190926421167,6.88926725212959,-1.2581461567185583,5.950667242169682,4.880903077913895,-3.2007429350713994,3.610441881644638,3.498694520209159,-1.3861690505524034,0.8492071930940719,4.539345375625395,6.604371452369242,10.771218177081348,10.427805005463442,4.912802753997918,11.16958403575697,0.14814544666468754,0.08051189112709421,0.12565377279162612,0.22265425096075073,0.08123594846231272
1.6615470630316058,5.87955884969388,-0.20227226915268448,-3.393495515567255,-4.308674059904337,6.979273242314403,-8.838809951672873,2.8254562690834573,3.163843367466786,-11.907647839344854,-2.9322272940869762,-9.097485721390765,6.802290432715407,4.776033517490421,4.309392703924831,8.005814588250026,0.3331394673512606,0.05339774556308601,0.08201767525740127,0.2399245387936436,0.1670698150298889
0.23612908913889624,-10.077745956676246,1.7099409672899923,-2.446607577009331,4.534936237366114,2.3525394468419263,-4.586929506619624,11.189116797846792,-10.041521922172524,1.674421942210046,-0.08397168236294814,-1.3304246179892665,8.234595959041233,7.262555001643579,4.397148476918815,8.132204280036913,0.11317469987523496,0.298782207238974,0.20464012677926152,0.37896385781191777,0.017486524007686008
0.43406115350359054,-2.84612872843815,3.2529185906615248,-4.14826035382962,7.844627249749937,-0.9490144655291949,-4.95824492838901,1.1747428843730636,-9.746566777253355,-2.3684546840718372,1.9980481761500757,-6.002476029007111,14.900185189468468,10.176902746486993,5.923757143071949,17.370932102164847,0.3800750147005778,0.08595452013433809,-0.009481819813686846,0.23836585068706137,0.42737767230165763
2.7595852133776786,0.42104715794263037,3.725476826281958,2.962658181826274,-10.212426525285315,-5.512499113253981,-0.936965735838794,-8.894758228428906,3.765877119806671,-5.850914461902372,-1.0542019973813836,-2.427490382327188,7.15058057231675,8.185090550530889,5.308692346742529,10.13098440204995,0.14754628886062682,0.17522290199738735,-0.12821578007713572,0.3837165983002012,0.10027237874318728
-0.6340367962381138,0.06864020442311324,-2.813553019724689,2.3562969798513187,-0.5927492325186422,7.074495710684944,3.5969648888320975,5.463341148291082,-3.706073156982987,2.8894818192401224,-0.07317715383589495,-0.8553639350789571,28.254129727802134,3.249690935083871,9.399440421018273,17.499565573774134,0.09195570703625008,0.08004697842777152,0.012866613169727467,0.17282912379114546,0.06749383065209162
6.236411283575492,-3.781939159781543,-0.08892874154509217,0.5330176245258289,6.910030413260357,-5.08945901336164,3.467982844843636,11.477749090805109,2.2099248723831537,-3.899915171206187,-4.417412892941102,9.167552778443191,11.338272959329888,23.499570826387288,7.4260287065320405,5.958587045240219,0.34044514991101493,0.24958625924336644,0.04281854172206561,0.43495635322443926,-0.29015822053067336
-1.5638990770735826,2.9353168134180105,-4.501228658513393,-0.33528907353914367,4.617855358619561,2.9015138175455215,-10.034793050068416,3.0573816292788303,-5.162992721832693,-3.45587929220109,-0.27140329791878354,7.311930160610398,5.258962845163163,9.542963037799929,38.96140260453635,8.66317016659997,0.25709020947218975,0.09575866259164337,0.23272871157267527,0.30924518293718384,0.2207655676911232
14.878080806883116,-2.630177863320589,0.24495607682931692,4.678476343478318,2.629026253789423,0.45180201675789705,-4.163623578461615,-1.544260768201031,-0.13909599149595342,8.987578737092065,7.035820143176313,2.0567512228048086,15.972846982644098,3.906800659836472,4.09778278076619,5.5560648313931775,0.17811568910624187,0.03511298644349743,0.08533680529781272,0.24786942943367435,0.02829926801053493
6.255532060540682,13.477809815321288,3.281548893944877,-7.827695962602499,1.1867684861357655,10.120146093657898,7.207939155961638,-1.4705326453872403,-0.34087076727797483,7.237812558913474,3.0263337272557065,0.7059312886220276,16.95817750902341,7.232226344435,7.669757906780279,13.94788838763809,0.057759229478572656,0.09867414817856564,-0.13284591907560836,0.1773838120450775,-0.2845546746766919
-4.344009159195529,-5.558391327089475,8.902525896269836,-6.043608667121225,2.744208224895537,9.439675591296917,3.4750345245017056,4.058391382310599,8.321214678265559,-1.8877413296930583,-9.28524483147924,-1.7962666849676336,10.87323418400487,11.002049794394257,17.166847954787507,8.939545184079448,0.20999669098052912,0.10959870548827402,0.06949810179691367,0.3278632248491891,-0.08062387997824885
2.298018178734385,-1.8533606909176934,-5.835802514962233,-1.1480190189147539,0.5251622255442021,-2.6479345266439447,2.375605694101675,0.8254405068882964,-9.650604180869278,1.4115165258131097,0.9793469483859516,5.445718507640052,14.308400574976549,12.611044075235451,14.452611444708044,9.46746771872795,0.18831884170351473,0.04646925257157839,-0.15805796468255215,0.17812242228193886,-0.1642877897761954
-1.7004186195910076,1.8095556346345565,2.167592621650145,-5.562113492258989,-0.27364059759146675,-2.013830028383981,-1.3851710272238125,0.8232340207174038,4.856007344850991,10.21171389138278,2.174122444921196,0.5272966871942746,12.342672206104343,8.556382735021224,5.16661794790437,16.072485471698613,0.2213249441311838,0.11094646173450189,-0.20277047996175002,0.26655442725310685,-0.44765411656658566
7.323102321526046,-4.065309033336686,0.870113228400105,5.419959743434912,-5.369633205165215,-4.329711782201409,2.293690020043883,-2.5386594977419357,-2.8053052615692904,-9.796015805492006,5.084255517218388,-4.401596131632248,17.720474827635364,11.659647298769706,11.442844937966111,11.964531864379016,0.3695122085732896,0.0632533229260664,0.17937526006664273,0.21129698998527544,0.1447162693272199
-6.676966468754778,0.5670015337146427,3.577996550085892,2.7787323108564004,-3.458268136753575,-4.7098319668839554,-1.537052935122079,-0.4144820568817422,-6.9971059199796954,-1.095324211787981,-7.286665211927329,4.774217736680669,10.455532191642705,9.368791675995913,12.049692501299706,14.172474530817672,0.36158200218719955,0.10359777487802577,-0.038408028950402594,0.2641257392794661,-0.0889466482852877
4.142892567706219,-4.264808956213847,-4.427941431498954,2.3789514590307004,-5.237044505172354,10.567566920088211,-12.18790394684815,-7.7525727041713965,-6.541252422417222,-2.796230369288524,5.76336691037806,-3.0645093859193837,8.744318346278005,18.14677823009519,6.472605838451759,6.347375297100855,0.2572890172216853,0.0638745360555967,0.03333563974344406,0.21822369270914801,0.027732735005747768
-5.127578951355868,-1.9677441252386227,0.2562160340032987,-1.220717956856777,3.6674468648071175,12.06080139635203,-3.211623608399201,-0.2538245889429156,-4.848076756042136,0.5017205303527787,-3.059034162269554,1.8378694067515402,5.709796114959852,20.42973962394105,3.2992788437286755,8.4330306494026,0.15918445414096094,0.22380910962069955,0.09762801073880108,0.1813377583135823,0.15438755159233206
-13.465225798420168,-8.943838457529832,4.877003836580619,-0.44471973784929886,3.4592956698557886,-0.6899735688738075,-6.631524677518908,0.5407979102595826,0.7198782244935643,-4.905033991751101,1.562444573025115,0.4102865776610387,5.4208690462118385,11.816982850454972,8.9112741143172,8.325832673194075,0.17148628849584954,0.0860844904584997,0.13663438324649693,0.18909290479337693,0.1254959864950452
1.5998111219560796,8.636276321510328,-2.068559605974695,0.050122474217632024,0.757998951825714,0.5358158516045564,-5.1680860441392715,2.1008556370652105,-1.737661917293154,6.805968752524062,0.13097699565459528,-4.302633834529407,6.086631086611853,4.5391426144606575,10.29217652425798,5.580857421583701,0.6776113136164159,0.06874867789190978,0.10061367440220391,0.25599207002985314,-0.31198831815340433
-0.7277617681634425,-1.1289541455626257,1.825005883856461,-3.4748021978101984,7.669804388741216,-1.3335410986618421,-5.316733565914788,-7.959246271214062,1.63038938142916,2.7307651260516863,0.49500878822191363,2.2764638305608944,7.059858342516113,7.685456393916139,23.27974631982102,11.249545413414134,0.15198675560913502,0.11033552358686703,0.05924523316293981,0.2991058369363893,0.03791216886450233
-1.4705542216475675,2.9564484904539428,2.7473270091178086,-5.3995272645402785,7.240865420959846,-3.4539691486986612,2.0617250614566274,1.5524095175516803,1.9267791331383697,3.1119221289874064,1.1802870755884358,-5.374773636599813,7.364782383566284,9.94735673991522,13.055016104436058,18.64226937018244,0.04920818324952758,0.09803899457730426,0.08360034058449943,0.2630999438304935,0.1497141602623634
-7.198866531892929,-1.631987755222928,-2.3984503250190987,-6.221735825639567,1.4244130710981247,9.438203462271646,5.322656604323574,0.8418107064623688,-11.669501683725782,6.179581342392706,3.1531539763054557,0.3178080183356979,17.314142388634632,18.850217668945696,11.842019303983749,29.59976394446317,0.3438153251133664,0.17939765753731904,0.058938297243140425,0.24871280505563223,-0.023905483255388688
1.7350252543351972,-2.500556170791288,-0.3885746428382111,-5.695936616198231,3.942727534146369,3.08313848311286,10.245476974215999,-7.791563563023029,-4.98144872282727,-0.8570126690486041,3.6225984470231865,-1.3154806205945582,11.222752015820497,19.924207623242527,8.216272188199502,7.620870470268373,0.15045983233226173,0.09185169748109058,-0.011904280796410408,0.23793129307805788,0.1895167826022607
0.409997648389091,3.4609011162418453,3.520156609365921,0.9621910013753816,-6.294222344831379,1.62655589018615,6.366154709342636,8.779260386086525,-8.90075706393269,1.5445740022430197,-2.2545856930097132,-5.661071825477151,10.255165428914056,15.314645253048482,14.196982862224148,3.2714568227483842,0.1357575342973483,0.15240633889666982,-0.053159540497021124,0.1688284611100333,0.00763561881775613
2.08775040934075,9.182138082292614,4.194941042667896,7.049639554741112,-8.414145653185027,1.6642850089793768,2.1818587667901608,10.228189041919249,-9.278747881341296,-0.47216893689124656,2.82912112975155,8.81486324988505,7.539007457571431,12.282563125085803,10.078899979296654,28.04052747159919,0.18348647366165374,0.055466114803819785,-0.1655840367046547,0.2431373076443799,-0.34760013873942386
6.287268379427786,5.341194663262156,2.852452957492939,2.3501196722643107,6.87260919363856,11.94645000097989,0.6588373732013663,-0.5792176495310299,-7.810075892356086,0.8856738663830936,5.203567189412527,0.2546347367432875,18.512800266219493,13.965377384792284,10.950743894221656,9.554048018844716,0.3743059090941754,0.20701366499749788,0.05972521213179849,0.19848803588322614,0.08319772053875106
-2.874291112524083,-5.162324420821923,-3.016801304390908,-4.088269309401959,1.562869840341889,-1.6979276949514446,4.389825293788175,-2.0379360672550213,-7.22603578726864,-4.630181860301732,0.3652096409908905,-8.81005709036246,18.12445814875171,9.22631149242732,3.2835751140564926,12.820260867412228,0.27868048346325774,0.11929138876960327,0.052382120623514584,0.26077447278706123,-0.08126322791252549
1.574173309930419,-1.6195627427773593,0.9148179430231791,1.8058438505079013,-3.363293685275605,2.807487524817705,-3.732477948581829,4.6924627966335075,1.880924386460368,2.8841693283583787,5.358840754116646,-0.1652362017034903,10.027347659678732,11.571002468660627,3.876216159743082,12.623224425094447,0.1563175566307482,0.07894053117147921,0.0516545661557428,0.40579459671259843,0.0537761378084657
-12.147380083114355,-7.708051634907821,5.1976079976006435,-12.0514006265638,-7.312618559364051,4.433173042729926,-5.9602520825621665,0.31613913264095067,1.8174890008187252,0.2404272076795178,-0.9390654314450897,-0.8997507769595343,10.068085631368845,11.097188639121656,10.308811990213256,9.492392972194136,0.18038773628839894,0.07879705110009973,-0.11321442812514754,0.3341435286591693,-0.22309167133237368
-8.304383894412407,9.843926774421073,-1.009189543665642,-2.2070301096742355,3.9373349431848292,-6.329510189012116,11.142883052217362,-3.6910007155539666,-1.3420316959845415,2.2197479200552865,-0.32908195902014725,3.3067691701761097,8.138803736028937,11.313936489286704,16.000486483291485,12.505606143779291,0.09269519437391784,0.09095897192782965,-0.04132666387789898,0.24331733894252322,-0.04962900411215321
0.8617683058125571,-3.0161135985485075,3.6830729544734138,-0.5033869036913801,1.6325584312005745,-4.165656945089461,-1.2779362319770984,0.14720368243624793,2.049544933762712,-0.9922367490505939,2.6035162136658636,-1.3811538640651988,12.04557331385393,7.833196805147774,7.014313499472452,7.6826980734502825,0.1602053784226666,0.12041101400433779,-0.08043401407365025,0.23097670054231037,0.24469185341174782
3.365606154734821,5.999584230445334,-1.2337879514166636,-0.6044276350282245,9.452906169888825,1.422905915169135,2.4338905084308204,1.7574932493854698,-5.185937422594712,-3.9176369508828968,-3.9588506849850598,0.5371445146854344,11.677171661961843,9.803398290239851,18.708550639655446,14.304280022985438,0.1385127887889677,0.06675594175571034,-0.02185154221663161,0.3668291445127773,-0.39358431030061614
-7.336556077067334,-0.9114530328344027,11.57695709293039,4.566291878751793,-0.7125057706583209,-2.0552346803022017,2.6950845107523143,-3.1699738686364243,3.823860244651338,-3.85729061581642,-8.915333623089174,6.270921624757774,16.6732656038749,13.983277060462852,5.5348936748031115,5.8780224682367335,0.07018086409097349,0.11547354699101282,-0.14968907652492014,0.2812416809599282,0.17126900749836638
7.232055564673313,0.4214657499315143,2.070521768438393,3.575354406823041,0.2820056789610839,-3.9530879504133134,-1.9134376312490107,-2.371079627977895,-9.862479137431885,3.4617264744728837,1.3814198194898932,-2.1465980029535356,6.0617614883995365,20.854978426681633,8.550936002718684,17.012378126583005,0.2815188969079976,0.08196307161511972,-0.07796622499999066,0.3282494233043018,0.1382340668445498
4.976563339351237,0.6476928729404251,-1.809528265891494,2.447077775358938,-0.07610582831386524,1.3954527372338017,11.783236741899168,0.4367507641614996,-2.0966104106658703,12.03931471295363,4.140241649450945,3.906853094430815,3.1371242400763126,5.1593590053655625,3.3852065552799573,5.652517903052531,0.4060284137115599,0.05535833882711192,-0.018952294717535664,0.2505166857731998,-0.27052225078143505
1.5079327130624258,-4.233175653645503,-6.469209681398841,-0.4750506427190799,1.2143624595739675,-6.719001606664543,-4.027790892618782,-8.093675623046774,0.2845684055421256,6.689425488523001,-2.7933225407993003,-5.577096376145042,13.339460839520973,10.162547975803664,29.667689286460526,11.528019570868707,0.4712742591437443,0.06350538267638688,0.150816756721677,0.28336151267401655,-0.10825215695907123
-1.7672516648585879,3.3515964204101283,-10.517421407615618,-5.268473924889083,4.4046049691380755,-1.184446863637778,8.887150259299567,8.247415994089284,2.3316261982734914,-1.355694489282234,-1.9336537702721934,9.841123264867518,5.79694171570662,13.998196080203865,11.355836276354873,9.398276151209993,0.2714452619190234,0.11732607971474637,-0.10430974957172534,0.23912282188347456,0.126708177089275
5.988529655185005,2.87353644703606,4.24074787437868,1.6277196107565075,0.8764638473426177,-7.432381696797886,0.8508872452526199,-16.50376532754009,8.92054009863111,1.7401670411295165,2.592506197558346,0.09197570125949302,9.178181024996148,36.27426550246867,26.058201580479828,5.9737329449527055,0.14121547079470315,0.14619183196583563,-0.08935925522599475,0.27194044022069797,0.14726666491701054
0.06434828453141285,-4.176157876734317,2.3244265021968995,6.675595568476825,-6.591216066443097,8.653680967836987,6.6349308012807615,0.8966931787698728,9.682690634407548,4.390018343809798,4.605773354173804,-1.6685626346946312,4.0420015372122355,17.39780217921879,4.666689273569769,3.3215898969344035,0.10712770701710173,0.08262698835556141,0.127542797778576,0.2836878346035067,0.016243430857530022
-2.911160097233101,-9.957206792192357,-1.9363770657180204,-3.491446454763535,3.709011172704613,2.3448936394574953,5.5255601059571005,-10.215944263622232,-7.522296501553969,-7.916766816989008,3.513424251272727,-3.4353939373837585,14.355886987177268,15.280425975262478,10.505938242869394,7.669834824379894,0.1372479927787281,0.14305774869524263,-0.037673869387696235,0.1868106122605814,-0.2778821096075063
-4.8142361805496705,5.8535126888599915,0.29496945081238396,5.229826671227232,4.43152430524038,11.775050934569176,-5.721555922564986,-14.106710306292612,0.7058625610378801,6.137150010831989,-5.701691391611472,3.778904801769667,8.42977235411391,10.917896515045223,21.803666187089537,12.742182711227688,0.26474990952968935,0.12657942706081313,-0.020350250045068748,0.20858599604182518,-0.2738562365309138
-1.3944714509577647,0.09422718013530354,9.159076251935542,3.4295819331473054,-4.919623897340236,-1.967418503762859,5.4839497734740785,-9.892313144193977,-2.0468894921578884,-2.2146281788724793,-3.3973002482907857,-3.829437410127211,10.689581659935408,10.356557116058632,12.16511534004277,6.179309479761935,0.49980538326118795,0.0634488707015005,0.09164020680418597,0.2819708727991721,-0.07511464159396673
5.728052959674457,-6.41451316623383,-7.895847017396868,-1.5362567315181388,8.069786554607871,3.077454257625063,2.8897253588300416,2.3588638973107785,1.466632598859523,2.7887605523344092,-1.5432480132106812,1.1476550747655403,4.940779346990128,11.02091002578758,6.582190522281112,6.247215853025153,0.3508895106955061,0.08133192147951104,-0.039028748937488894,0.24189259064392607,0.16180490156334815
-2.735899927824921,1.961485253395673,0.9712056015685767,8.422299913059803,2.1091727489609498,-0.3154109570289029,-0.035561887727936795,4.8214169662984645,-3.468494623850278,3.068283778257949,3.5542227640153863,-3.767894932489817,5.919559683956927,11.029193911584477,20.455604190365378,4.393337225496729,0.4688337093426561,0.10330669735672665,-0.08901885062352491,0.1913469953404754,-0.04739002761857631
3.064600525851357,-0.5824646359922246,2.417610979774932,-5.681758771265045,-9.301537892512306,2.3968565795195524,2.377298728641391,-4.256404887619714,1.427242689238536,-5.519338578871677,13.725969005974832,-0.7710415408364903,35.151990397364926,15.961037025114674,8.087672625534385,3.6576948985516995,0.27468874663352594,0.1201275670373717,0.0069511411273135764,0.28605313713737,-0.29223912896455895
-2.3652193557629624,7.824364262282333,3.2436099433876113,-4.03143016533879,-4.884203816493432,1.0773209999326017,7.722894872893825,-0.509716176634657,-11.737055933220002,0.1341217208905829,5.315392302344594,6.0473935909953935,9.301609634034223,23.735332183288914,20.702185591139152,6.354302031678764,0.11582670903241742,0.033526396926864425,0.06173123456750315,0.21101416178942006,0.0014689422457459262
9.942033505395022,2.984146944176187,-1.6740335363794856,1.212874917335641,4.374832965535738,2.78000330357909,-1.1804978772143409,-4.734049381764363,-2.6625394301972434,0.2784765097121498,2.4243535510023344,1.3448395803213955,8.404070129264404,26.194566527574327,9.28226082449901,5.17449527998527,0.10720748239638074,0.06310014475808098,-0.018829914428672462,0.19102207080817293,-0.30267716277697815
5.245684211230161,2.9864493530596485,2.3650280804635844,1.9641763246886454,-5.65223702380942,-8.342438308447752,-5.98999203031498,-0.6279798892870653,10.244789423237684,4.019493375972579,-4.146663482391533,-0.4630065327714725,5.096820969985471,11.029471813413666,7.382716643530229,10.598085298353594,0.2275864593846203,0.11351242856824195,0.04397096029770532,0.2905723116994682,-0.10777479606174355
2.078935086790152,-0.8450987027750547,-2.925031239868652,3.7750731574342176,3.257912825280812,-1.6348916099134978,-0.11719921330910027,-4.371390248844719,-0.8804740911070186,-7.072952028876108,-3.913661064932625,-3.2549779014223694,10.341227435863892,7.703861244741188,15.78654534338754,11.883031439309615,0.15406983583847267,0.07824698526828723,0.16598719070949453,0.3142289269139198,-0.17385989600242563
6.5731793667370635,-12.824257160819482,7.220526682708412,3.1536874121145586,4.383504654510501,-2.9345874984331797,-0.9698978371653005,-0.07968571722906971,-10.215460539505463,-6.237668194041179,-1.6911098989662685,-9.392786542684988,16.29296514631995,17.099681971324188,7.839466925968062,6.306185883232961,0.16985833183165255,0.14278352642832848,-0.09960185825030933,0.2112157252102461,-0.06121646191588227
1.0829776363669588,0.39934287441608374,-3.2413974814951536,2.890420883960311,0.7174113886637444,-6.1491536850134345,8.112667666837087,-3.3797089960134166,-1.8657166651925317,0.1264935233448789,8.691753195405763,5.870608613443156,7.718678979098133,5.20631276110321,5.085846631333191,16.828216697448198,0.3394937973724363,0.12671512038934604,0.12275980188479961,0.281749140888177,-0.019900021055790185
2.0360858012169887,2.594104341869268,2.0976705836242746,4.734531944186195,-7.294533290668841,10.470781004236311,-1.1705016479031114,6.846885135136564,-8.642545046751978,-9.731158404498245,-0.8844624167392687,-5.811881573509002,14.339667359881412,4.6337520177850795,7.321679639462214,2.5142884232436495,0.3050779761910949,0.10732289486352095,0.15140492145511092,0.22662352672177435,0.06862887608516623
-3.0459841793277995,-1.3762444031674903,2.266879824284476,-2.2928157881510853,-4.472226722812235,1.7213640603965503,7.575406680823097,5.952130065904353,5.726602183084072,12.3977309987068,-3.808036253705653,9.101026352576424,7.752312341947719,11.118998164467644,29.03258851219139,9.048363894140653,0.24372290404869376,0.07448627583711936,0.05583647207747255,0.11136327752172114,0.04554206005968396
-4.854354089588007,-3.5514785517306944,-2.494331783199146,-3.129398651186846,4.812313899786549,-2.7051641893099463,-1.3507698933757462,-1.6357883285401211,1.400543007311227,0.9238563394812317,-7.285002950270288,4.800330263183197,18.930733876447643,11.346646379641328,10.118162135256107,15.465102939857752,0.3804008722764352,0.06391905176724018,0.04722005808486783,0.22406507476000373,-0.012037063564073478
3.472301476896749,-2.793850005379817,-9.749708144632832,-1.3650414347003568,0.4304748963143701,8.097084641707946,-1.8897998895197696,5.040693105391355,0.871281147398233,-1.582538198926766,6.741884920548849,-5.580454838390479,6.40044790212875,7.469861700805874,7.619681738381271,16.927070059274943,0.137318510652644,0.14108647487728582,0.07485207122469711,0.31062448694684935,-0.33113375209595897
3.2543867466858774,-2.9909843697354384,1.643330570701726,-3.7845788252837806,-1.2628363994181169,4.3021126173625275,8.831334607796913,-4.684405289167205,6.044202520549577,-1.680211885010423,-2.9907207361194077,-4.11007691060196,8.51236316826115,8.11291468619789,17.895848535655947,15.71420125542253,0.1040193588552201,0.20858357220628215,-0.06735468511274206,0.3721290405472458,-0.19417746696155147
2.982292157211403,-1.5124600439725542,7.1524792848851515,-2.7777451674316334,-6.658161086979733,-5.549523649926186,16.327086021338665,1.1968854558043083,6.28996271438155,-4.2589410260631695,-2.3484480027361934,2.399439475832184,12.275622950472266,15.083981351385347,9.315523434424861,12.747172849816163,0.1820997988907493,0.07411154479765335,-0.014182532591530336,0.23981233790226342,-0.06795573503444406
2.05174110111443,-1.9847729297484349,-2.721644956319071,0.8824104109255262,-7.214826375648392,3.364596306602495,4.975447005615766,-4.7773881536558696,5.009161730415304,-5.288182559940671,-3.5101761623021615,-2.2573631504318974,9.674589348941643,23.608422847091393,14.118324666365613,5.608103781879309,0.16853712370130108,0.18506670303894918,-0.023441030508782525,0.21984498570337488,0.10100224347601833
-8.571203081504459,-5.475992925568308,8.1318808162127,-2.995140954593021,-4.286287568228497,-8.526037616646407,-6.032149101122213,-2.9085079350663907,1.3173669253120006,-8.045841156961988,7.825963599455261,-1.141448137940027,19.104092987487434,3.3303112777092583,8.950069364833395,8.38435546810223,0.1904412270843929,0.0853765931468336,-0.13297424640410901,0.30853018474508226,0.15620670022893907
-2.68652736448072,-3.1326474178182218,0.49764078864403083,0.8898271490380633,-5.084336793504427,-0.5610292970118103,-0.9556840618227371,7.779820993338424,5.49663970122322,14.080924918634528,2.6653027591252436,-0.9234139011889952,14.345117768810844,11.506385230585146,18.23414658105399,10.454148671343113,0.292595799164994,0.21238406925887598,-0.11682384914499272,0.24932741236266343,0.019611926515160957
-5.879643998462801,7.64849170580532,1.1643284584497613,-6.432249000222829,-1.1926818753509532,-7.623872370768546,-3.786980363289082,-0.38662750032453946,-3.7372274603991973,-2.6616347536416844,-0.49326881111257126,6.08879709476936,15.689738465017674,4.008579907183725,15.512548780573276,10.765475454703644,0.4261100833186386,0.20964234823159117,-0.03408818706764084,0.19371985923659,0.40167652359486444
-4.206412806307331,-4.473070727431246,11.405124324497981,-0.27837235482403416,6.910185025871645,-4.11339581794811,2.7467230621555867,0.0013448555934871633,9.385794327587785,-1.2231045641775384,5.438841152618843,6.345413833654682,6.960700348341417,10.269158069595,4.673008204320596,9.93051833829044,0.29774836347021194,0.08860210858371767,-0.13203815742653097,0.15416716221215446,0.2013998692703004
0.5686161621959103,4.317198022193261,1.079684622706811,-2.248837832011918,-3.715759155947257,2.1880822909365136,0.47666181870646707,-2.6331418819943293,-3.5127000544259883,1.4892802423128317,1.9575287848822431,1.6183955323335375,5.405789100567018,8.819247444132728,7.740243053592476,9.725232070378446,0.29983168194374205,0.13200865133977044,-0.08693999285899334,0.2744824474912674,0.16637066333239026
-0.747372141194321,-4.242789263527686,-4.496860374445616,-2.4246004365297695,0.8328360210168179,0.8853969379681058,-0.7954300567487232,1.2723747279775421,-2.7360424200811306,6.877756362652284,5.144581283758325,-8.30259787228773,9.426266725377474,5.828499349394407,14.360224235783404,7.175986700453875,0.6201141694430338,0.08977105733967224,0.024862761208619716,0.17613035351105025,0.1600161900219412
0.28903049219813126,8.565296577802675,-3.8026242604942744,1.9487631841013018,-3.538964054474649,0.5565208450793457,2.3557728841602392,0.429601389476752,-1.1607355638927936,4.139992293759456,-5.1940240142929825,2.0180040358690903,7.5035824924140915,17.76924072750009,10.656525685320585,9.658161328108294,0.15324296329278447,0.06303644195498538,-0.021295366600218815,0.35424411833304903,0.042452727148447236
-3.965552640065417,-11.973612368392914,1.6784791119221327,-1.6270612718523934,4.272627533723891,2.5771785910002976,1.9695622465011622,9.212623408896054,-0.20107105194342634,-1.8321761574204076,-3.4713978199862225,-0.9798416531562759,5.869803878226614,4.633677330801263,11.325651530900998,6.231097754475613,0.3610586706961382,0.12111318947442233,0.025746662656000854,0.18756491554477628,-0.6027528826160016
-5.0342230054782435,6.313098067097284,3.8433626602979176,2.1208693791700832,-0.09411794439266102,7.263507090264544,-0.4467832452876649,1.4593479747735139,4.031523348192152,11.66597243796718,-2.64779718759386,-0.8022871250359054,6.850865470925103,10.796598518099303,17.175179317566684,13.352434821473679,0.20200145735141511,0.09315727551387816,0.177887195038011,0.22913246251040503,0.3107191126666877
-0.8986156899719794,1.2437300759850725,-2.692388138843595,1.5886682297455845,0.9157254533746272,5.372700121771522,-0.46285341418408515,5.488171227617885,3.030235627156377,3.836374112418202,-9.607741228822086,1.0766356258125713,15.513311585288506,13.011126133323,18.80988363841097,9.142253683584649,0.14404607331450098,0.15211063195381144,0.03816677338937905,0.35304204807426925,-0.07347234941996303
2.9052552962040066,-0.47430343151443233,1.057912785805363,12.341156739094384,2.040717493981103,-0.9505123543971407,5.623543259279007,4.116276241115441,5.130873302658793,5.098649805149954,-6.147658089354292,3.593738763354745,3.4648849282466117,30.115883481798672,13.045745358432168,6.511905099989831,0.2983596890326875,0.05750099539993036,-0.17171546311131503,0.2668631009451696,0.156480943398153
-1.3146968262361927,0.49744898247369707,-2.369471278354399,-17.703330346780987,4.136716036020695,-4.120835658291646,-2.1858222209924434,-4.261131331845882,0.8958614792836621,3.8522132006945036,0.06071584800788425,11.94361237429945,8.53428062012197,9.3754172966044,6.855946013277159,5.611968684400399,0.3079679052628607,0.13667537044451225,0.02130753918576655,0.2538144590888977,0.13147787980772468
-2.060525989792174,-6.901607655325178,0.3729926035997299,-3.820963181819485,6.562044186860188,2.417070097432306,2.3008513220303324,-9.502702222027157,2.5031335600872735,2.640284299341407,2.6057063690033235,6.327546756431602,5.2672045090651105,20.215414527260062,15.557753348303498,21.706797990246073,0.07434765550730507,0.33600087054386324,0.15202799279441362,0.21009252235657175,-0.2120370269428265
-7.176679048787377,-1.2660158002908188,1.381023289248634,-2.5527605521391545,1.2506727385438365,-0.17215624920330883,2.475369342835651,6.469593067171704,3.203573882134292,3.721982205041259,7.472482974894019,0.2444932365485357,6.489991397611126,5.268049228750159,17.499587887835087,6.830458239224669,0.3147198764577358,0.061972535105134015,-0.18026220299694318,0.23469243854275637,-0.2637386096333087
3.584878186068461,-0.4926525853003344,2.8219775530665197,-1.7605044319541303,7.684904156396818,6.99909259662277,8.83795990447476,5.140656565424794,-9.540448512766787,-11.857453607529933,-0.2530866183182174,-5.622310110989853,9.664189422069892,11.232863439362314,9.552324144430974,5.423026511566733,0.20503484749528125,0.189172493222123,0.12137538683195276,0.17307478299998247,0.05593935332340469
6.589561343832024,-0.7244016025837094,-2.363551938402147,-3.9965847144315596,0.5160042512790779,-3.595746337972367,-5.944548457615092,-4.192554912050205,9.381701154018304,7.31282214303301,-4.153373559344467,2.0217894596468162,8.662902210360816,4.384137184840474,11.509314775856861,7.680668444670732,0.3751782791033904,0.0841792018859623,-0.06149305158483845,0.22905491987882967,-0.10026414088823717
0.8293169518373099,2.5662292442577046,1.9773187917617223,0.8843470239155011,1.9478773990426879,2.8377659257833114,-7.142355860473217,-0.7089460073232159,4.460969365883064,3.598059607046954,-3.173220600198117,1.8871314392812635,14.793540718204417,8.191492219228492,6.956820723698007,17.989304935476095,0.11364283119077856,0.20130388648607025,-0.062324864526367776,0.29788897804875786,-0.3316075213057334
-5.741823904841149,-5.611627407349193,5.026896097614165,-8.978037869071967,-5.7502156297421685,-6.5308315067466065,0.8529032130624264,-1.830051543177429,-0.6181320721967579,-2.755920548968529,-5.83842782146208,2.4405257782972183,14.431158184639507,17.174273808245676,7.528892110619429,9.393047127870764,0.234337803771167,0.09334246381873748,-0.060367720121095717,0.25006680887945054,-0.003153102860628176
-3.550161335769527,5.790347933759634,-1.4972227959934807,8.980761934767397,2.6019827346831543,2.5046820923410023,-2.8836654516788114,-0.7091453472282162,5.70955036109556,-9.295095933312119,-4.0563969411320935,-8.360803745716868,23.067745083402095,9.35775062517712,8.579693709214666,6.308330114055619,0.06413313571997477,0.12026650564887488,-0.011287024258294748,0.18305340088027577,-0.23719230357331758
-6.759962968019914,7.273244152399496,2.877046005834745,2.6038794881894223,4.3918913160442745,-1.6018566384284862,-2.3668650603292325,1.9357338150756742,6.513459647035064,9.48686522968326,5.309955552628788,-6.018947788780532,7.128149897063724,7.649178103509523,5.993670911242335,4.714284585445906,0.27988039166081424,0.08082582758801542,-0.06812189312990682,0.24994129589550954,0.4822968391826664
